<?xml version="1.0" encoding="utf-8"?>
<root>
  <title>PUBLICO-19950103-151</title>
  <text>Contaminação pelo vírus da sida nos serviços de sangue não se restringe aos hemofílicos
« Não há transfusões cem por cento seguras »
Os dois casos que a ADUS tem entre mãos de doentes não hemofílicos que foram infectados com o vírus da sida por transfusão sanguínea já depois de ser obrigatória a realização de testes poderão ser apenas a ponta do « iceberg ».
É que, apesar de toda a sofisticação tecnológica já utilizada nos serviços públicos, continua a ser possível a transmissão do vírus da sida através das transfusões sanguíneas, um risco pouco conhecido pelos próprios médicos, segundo afirmam responsáveis dos serviços de sangue e prestigiados especialistas na matéria.
« O sangue continua a ser um produto terapêutico extraordinariamente perigoso e só deve ser administrado em casos muitos específicos », diz Gabriel Tamagnini, director do Serviço de Sangue do Hospital dos Covões , em <LOCAL_GeoNetPT02 f_id="92458" t_id="LOC:ADM">Coimbra</LOCAL_GeoNetPT02>, um reputado hematologista que, em conjunto com Benvindo Justiça, integrou a comissão encarregada de estudar as bases para a criação de um serviço nacional de sangue, no início dos anos 80.
« A grande maioria das transfusões no nosso país não obedecem a critérios científicos mínimos e na grande maioria dos hospitais distritais as condições são péssimas -- as instalações são más, os equipamentos são obsoletos, o pessoal não é qualificado e não existem responsáveis nos serviços de sangue ».
Mas o pior, no seu entender, é que o Instituto Português de Sangue ( IPS ) não fiscaliza como deveria as unidades de saúde.
A existência do chamado « período janela » - durante o qual uma amostra de sangue aprovada nos testes de rotina pode afinal vir a revelar-se contaminada, embora num número ínfimo de casos ( correspondente a uma ou duas transfusões por ano, segundo Benvindo Justiça ) - é um risco que a maioria dos candidatos a transfusões não conhece, e sobre o qual nãoÊé geralmente informado.
O director do serviço de sangue do Santo António  explicou ao PÚBLICO que existe um teste que permite a detecção desses casos ( o anti-gene HIV ), que no seu hospital só é utilizado nos casos em que haja suspeitas em relação ao dador.
Isto porque, acrescentou, é um teste caro e demorado, que « em nenhum país do mundo está generalizado ».
Por isso, o hematologista defende que aos doentes deveria ser fornecido um guia dos riscos que correm, e sustenta que as transfusões apenas devem fazer-se para salvar vidas.
Reagindo às críticas sobre a insuficiência de fiscalização por parte do IPS, o respectivo presidente, Almeida Gonçalves, garante que esta é feita com o apoio da Inspecção-Geral de Saúde ( IGS ).
Mas o inspector-geral de Saúde, Armando Moreira Rodrigues, afirma por seu lado que, nos últimos anos, a IGS apenas realizou inspecções pontuais em várias unidades de saúde, embora adiantasse estarem já previstas para o início deste ano acções preventivas em diversos hospitais do país « para garantir que o circuito entre a recolha e a administração do sangue funciona como deve ser ».
Até à data, a IGS apenas realizou um inquérito sobre a recolha e controlo do sangue nas unidades de saúde em 1988, a pedido da então ministra Leonor Beleza, e na sequência das denúncias feitas nesse ano por Benvindo Justiça.
Os resultados do inquérito revelaram-se preocupantes: cerca de 20 hospitais públicos apenas tinham começado a fazer o teste do HIV 1 em 1987 e três só em 1988;
26 unidades de saúde pública faziam transfusões sem terem sequer serviço de sangue e 49 tinham pessoal médico sem especialização à frente dos serviços de sangue.
O inquérito permitira ainda concluir que, em 1987, haviam sido feitas 396 transfusões sem despistagem do vírus da sida nos hospitais distritais de <LOCAL_GeoNetPT02 f_id="256221" t_id="LOC:ADM">Amarante</LOCAL_GeoNetPT02>, <LOCAL_GeoNetPT02 f_id="75307" t_id="LOC:ADM">Macedo de Cavaleiros</LOCAL_GeoNetPT02>, <LOCAL_GeoNetPT02 f_id="395914" t_id="LOC:ADM">Peso da Régua</LOCAL_GeoNetPT02> e <LOCAL_GeoNetPT02 f_id="412790" t_id="LOC:ADM">Tondela</LOCAL_GeoNetPT02> e ainda no Centro de Saúde de <LOCAL_GeoNetPT02 f_id="138577" t_id="LOC:ADM">Seia</LOCAL_GeoNetPT02>, e que três clínicas de <LOCAL_GeoNetPT02 f_id="92458" t_id="LOC:ADM">Coimbra</LOCAL_GeoNetPT02> tinham efectuado nada mais nada menos do que 281 transfusões sem teste.
Há cerca de dois anos, três médicos do <LOCAL_GeoNetPT02 f_id="290154" t_id="LOC:ADM">Porto</LOCAL_GeoNetPT02> propuseram ao então ministro da Saúde Arlindo Carvalho a uniformização e controlo de todas as dádivas biológicas, através de um cartão nacional do receptor, o que implicaria a existência de um registo completo de quem recebeu o quê, quando e de que proveniência.
O ministro manifestou interesse na ideia, mas a proposta não passou do papel.
Enquanto isso, o dossier que o provedor de Justiça decidiu abrir na sequência de denúncias feitas pela ADUS, em Março passado, sobre os problemas genéricos nos serviços de sangue dos hospitais, apesar de ainda não estar concluído, permitiu já a Menéres Pimentel concluir que, genericamente, a situação « é má ».
André Folque, assessor do provedor para este processo, adiantou ao PÚBLICO que as queixas efectuadas pela ADUS têm, para já, fundamento naquilo que se refere aos arquivos das dádivas de sangue -- só a <LOCALIMPLICITO f_id="196518" t_id="LOC:ADM">Lisboa</LOCALIMPLICITO> Maternidade Alfredo da Costa  e o Hospital de <LOCAL_GeoNetPT02 f_id="387660" t_id="LOC:ADM">Viana do Castelo</LOCAL_GeoNetPT02> tinham aprovado regulamentos ( como exige a lei ), garantindo especificamente a salvaguarda dos registos.</text>
</root>
