<?xml version="1.0" encoding="utf-8"?>
<root>
  <title>PUBLICO-19950104-051</title>
  <text><LOCAL_GeoNetPT02 f_id="131" t_id="CON:ADM">Grândola</LOCAL_GeoNetPT02>  aprova moção contra Protali
A Assembleia Municipal de <LOCAL_GeoNetPT02 f_id="131" t_id="CON:ADM">Grândola</LOCAL_GeoNetPT02> enviou aos ministros do Planeamento e Administração do Território, do Comércio e Turismo, do Ambiente e Recursos Naturais, e do Emprego e Segurança Social uma moção contra Plano Regional de Ordenamento do Território no <LOCAL_GeoNetPT02 f_id="14" t_id="NT3:ADM">Alentejo Litoral</LOCAL_GeoNetPT02> ( Protali ).
Na moção, a Assembleia Municipal manifesta a sua « profunda preocupação pelos entraves ao desenvolvimento do concelho de <LOCAL_GeoNetPT02 f_id="131" t_id="CON:ADM">Grândola</LOCAL_GeoNetPT02> que estão a ser colocados pelo Protali.
O documento, aprovado na última reunião da Assembleia em 1994, reclama alterações no plano, argumentando que o mesmo « vem imponto regras que dificilmente podem ser aceites por quem quer de facto investir e construir empreendimentos viáveis ».
Alguns projectos, segundo a moção, foram chumbados « já depois de terem beneficiado da aprovação por parte de várias entidades, nomeadamente da Câmara ».
16 PDM ratificados no Alentejo Dezasseis dos 46 concelhos abrangidos pela Comissão de Coordenação da Região do <LOCAL_GeoNetPT02 f_id="12" t_id="NT2:ADM">Alentejo</LOCAL_GeoNetPT02> têm já os seus planos directores municipais ratificados pelo Governo.
Além de <LOCAL_GeoNetPT02 f_id="346" t_id="CON:ADM">Évora</LOCAL_GeoNetPT02> -- o primeiro concelho do país com PDM ratificado --, já têm os seus planos prontos <LOCAL_GeoNetPT02 f_id="84" t_id="CON:ADM">Castro Verde</LOCAL_GeoNetPT02>, <LOCAL_GeoNetPT02 f_id="270" t_id="CON:ADM">Santiago do Cacém</LOCAL_GeoNetPT02>, <LOCAL_GeoNetPT02 f_id="58" t_id="CON:ADM">Beja</LOCAL_GeoNetPT02>, <LOCAL_GeoNetPT02 f_id="100" t_id="CON:ADM">Cuba</LOCAL_GeoNetPT02>, <LOCAL_GeoNetPT02 f_id="317" t_id="CON:ADM">Vidigueira</LOCAL_GeoNetPT02>, <LOCAL_GeoNetPT02 f_id="30" t_id="CON:ADM">Alvito</LOCAL_GeoNetPT02>, <LOCAL_GeoNetPT02 f_id="10" t_id="CON:ADM">Alcácer do Sal</LOCAL_GeoNetPT02>, <LOCAL_GeoNetPT02 f_id="346" t_id="CON:ADM">Évora</LOCAL_GeoNetPT02>, <LOCAL_GeoNetPT02 f_id="180" t_id="CON:ADM">Montemor-o-Novo</LOCAL_GeoNetPT02>, <LOCAL_GeoNetPT02 f_id="184" t_id="CON:ADM">Mora</LOCAL_GeoNetPT02>, <LOCAL_GeoNetPT02 f_id="234" t_id="CON:ADM">Ponte de Sôr</LOCAL_GeoNetPT02>, <LOCAL_GeoNetPT02 f_id="194" t_id="CON:ADM">Nisa</LOCAL_GeoNetPT02>, <LOCAL_GeoNetPT02 f_id="161" t_id="CON:ADM">Marvão</LOCAL_GeoNetPT02>, <LOCAL_GeoNetPT02 f_id="235" t_id="CON:ADM">Portalegre</LOCAL_GeoNetPT02>, <LOCAL_GeoNetPT02 f_id="62" t_id="CON:ADM">Borba</LOCAL_GeoNetPT02> e <LOCAL_GeoNetPT02 f_id="283" t_id="CON:ADM">Sines</LOCAL_GeoNetPT02>.
Em fase de ratificação estão os PDM de <LOCAL_GeoNetPT02 f_id="197" t_id="CON:ADM">Odemira</LOCAL_GeoNetPT02> e <LOCAL_GeoNetPT02 f_id="46" t_id="CON:ADM">Avis</LOCAL_GeoNetPT02>, enquanto o plano de <LOCAL_GeoNetPT02 f_id="122" t_id="CON:ADM">Fronteira</LOCAL_GeoNetPT02> está em fase de inquérito público.
O município de <LOCAL_GeoNetPT02 f_id="287" t_id="CON:ADM">Sousel</LOCAL_GeoNetPT02>, cujo PDM está ainda na fase de elaboração dos estudos de caracterização, é o que tem o processo mais atrasado.
<LOCAL_GeoNetPT02 f_id="346" t_id="CON:ADM">Évora</LOCAL_GeoNetPT02> distribui agenda cultural
A Câmara Municipal de <LOCAL_GeoNetPT02 f_id="346" t_id="CON:ADM">Évora</LOCAL_GeoNetPT02> começa a distribuir, este mês, uma agenda cultural com a programação dos principais eventos da cidade.
Patrocinada por empresas da região, a agenda tem periodicidade bimensal e será distribuída por correio a todos os domicílios do concelho e também através de hotéis e restaurantes e do posto de turismo da <LOCAL_GeoNetPT02 f_id="111523" t_id="PRA:ADM">Praça do Giraldo</LOCAL_GeoNetPT02>.
A publicação pretende superar o « desencontro entre a intensa actividade cultural e a quase ausência de informação sobre essas iniciativas », segundo o vereador Manuel Branco, da    Câmara de <LOCAL_GeoNetPT02 f_id="346" t_id="CON:ADM">Évora</LOCAL_GeoNetPT02>.
A primeira edição da agenda cultural inclui informação sobre 29 iniciativas, entre exposições, cinema, teatro e música.
<LOCAL_GeoNetPT02 f_id="269" t_id="CON:ADM">Santarém</LOCAL_GeoNetPT02> distribui seringas e preservativos
As farmácias do concelho de <LOCAL_GeoNetPT02 f_id="269" t_id="CON:ADM">Santarém</LOCAL_GeoNetPT02> distribuíram, em Novembro passado, 1237 « kits » com seringas e preservativos, no âmbito de uma iniciativa da Associação Nacional de Farmácias para combater a propagação da sida.
A maioria dos « kits » foi distribuída na cidade de <LOCAL_GeoNetPT02 f_id="338260" t_id="LOC:ADM">Santarém</LOCAL_GeoNetPT02> e nas povoações de maior dimensão.
Os Serviços de Higiene e Limpeza da       Câmara, no âmbito desta iniciativa, têm recolhido mensalmente seringas usadas em 20 farmácias do concelho.
« Imenso Sul » lançada sexta-feira
O primeiro número da revista « Imenso Sul », projecto desenvolvido por vários jornalistas alentejanos, será apresentado na próxima sexta-feira, na <LOCAL_GeoNetPT02 f_id="40109" t_id="LOC:ADM">Vidigueira</LOCAL_GeoNetPT02>, <LOCAL_GeoNetPT02 f_id="58" t_id="CON:ADM">Beja</LOCAL_GeoNetPT02>.
A primeira edição da revista é inteiramente dedicada à região alentejana e inclui uma entrevista com o presidente da Comissão de Coordenação da Região do <LOCAL_GeoNetPT02 f_id="12" t_id="NT2:ADM">Alentejo</LOCAL_GeoNetPT02>.</text>
</root>
