<?xml version="1.0" encoding="utf-8"?>
<root>
  <title>PUBLICO-19950106-066</title>
  <text><LOCAL_GeoNetPT02 f_id="98" t_id="CON:ADM">Covilhã</LOCAL_GeoNetPT02> 
Vereadores do     PSD renunciam aos mandatos
Quatro vereadores do     Partido Social-Democrata eleitos para a Câmara Municipal da <LOCAL_GeoNetPT02 f_id="98" t_id="CON:ADM">Covilhã</LOCAL_GeoNetPT02> pediram a renúncia de mandato alegando que não queriam ser corresponsabilizados numa    Câmara que, « apenas um ano depois de tomar posse, já está hoje sob inquérito extraordinário da Inspecção-Geral de Administração do Território, por actos praticados desde Janeiro de 1994 ».
Carlos Pinto, João Carlos Lanzinha, José dos Santos Taborda e Álvaro Ferreira Pinto, que compunham o anterior executivo camarário liderado pelo     PSD, solicitaram a sua substituição por outros elementos da lista, uma vez que, um ano depois de terem tomado posse, tinham que assumir os cargos para que foram eleitos ou renunciar, caso contrário, não poderiam candidatar-se à autarquia nas próximas eleições.
Para justificarem a sua atitude, os quatro vereadores afirmaram considerar que se estava perante uma « opção diferente » daquela que tinham protagonizado.
« Deixámos em aberto a eventual participação na vereação, se concluíssemos pela existência de um bom ambiente », afirmam.
« Mas tal não se verificou », salientam, acusando o executivo socialista de « falta de diálogo, abuso do poder e incompetência ».
« Os socialistas conduziram a actividade municipal ao descrédito e ao desprestigio, não tendo sido capazes sequer de continuar os projectos que eles tinham lançado durante o anterior mandato.
Deixámos já adjudicado e com cobertura financeira 100 fogos de habitação social, mais 500 com contrato assinado com o Instituto Nacional de Habitação e o Instituto de Gestão e Alienação do Património Habitacional de Habitação, destinado a famílias pobres e carenciadas, e nem uma pedra foi posta nos seus alicerces ».
E apontam outros exemplos, como o  Parque Industrial do <LOCAL_GeoNetPT02 f_id="83098" t_id="LOC:ADM">Tortosendo</LOCAL_GeoNetPT02>, a central de Camionagem, as obras do eixo <LOCAL_GeoNetPT02 f_id="82891" t_id="LOC:ADM">Teixoso</LOCAL_GeoNetPT02>-<LOCAL_GeoNetPT02 f_id="80886" t_id="LOC:ADM">Covilhã</LOCAL_GeoNetPT02> -<LOCAL_GeoNetPT02 f_id="83098" t_id="LOC:ADM">Tortosendo</LOCAL_GeoNetPT02> .
Os sociais-democratas consideram ainda que este primeiro ano da gestão de Jorge Pombo foi um ano perdido de programas nacionais e fundos comunitários, uma situação que revela que o « sector administrativo da    Câmara anda à deriva » e para fazer face aos encargos da autarquia anda a vender « edifícios municipais a preços de saldo » e a pagar « terrenos pelo dobro e triplo do valor das avaliações oficiais, uma gestão ruinosa do património municipal ».
O presidente da    Câmara, Jorge Pombo, não comenta a renúncia da vereação social-democrata.
« Não tenho que me pronunciar, apenas aceitar o facto.
Quem se deve pronunciar e tirar as devidas elações são os eleitores que votaram     PSD, que provavelmente se estarão a sentir defraudados », declarou ao PÚBLICO.
Nomeação controversa O presidente da    Câmara nomeou, entretanto, o advogado José Joaquim Antunes como novo director do Departamento Municipal de Administração e Finanças, uma decisão que está a gerar uma onda de contestação política, por se tratar de um dirigente do  PS local, que lidera a bancada socialista na Assembleia Municipal.
Para os sociais-democratas, Joaquim Antunes não tem « experiência de administração municipal » e foi nomeado sem se « garantir a igualdade de acesso de outros eventuais interessados, se houvesse concurso público », pelo que vão contestar a nomeação em termos legais.
« Quem tem « cartão rosa » tem melhor acesso a empregos na câmara », declarou ao PÚBLICO o presidente da comissão política do     PSD, Bernardino Gata.
A vereadora da  CDU, Isaura Reis, também apresenta reservas quanto à legalidade da nomeação, mas, acima de tudo, considera que foi uma decisão « politicamente incorrecta ».
Para a vereadora, teria sido preferível abrir concurso para um técnico superior de carreira « em vez de um homem com responsabilidades no partido ».
« Resta agora esperar que o profissional se distancie dos interesses políticos », referiu.</text>
</root>
