<?xml version="1.0" encoding="utf-8"?>
<root>
  <title>PUBLICO-19950106-073</title>
  <text>Detido suspeito de homicídio de Loulé
A Polícia Judiciária anunciou ontem a detenção de um agricultor de <LOCAL_GeoNetPT02 f_id="125214" t_id="LOC:ADM">Loulé</LOCAL_GeoNetPT02>, de 60 anos, suspeito do assassínio de outro, de 40, cujo cadáver foi encontrado em pedaços em Dezembro passado.
A vítima, José Garroncho, residente em <LOCAL_GeoNetPT02 f_id="125214" t_id="LOC:ADM">Loulé</LOCAL_GeoNetPT02>, foi morto a tiro de caçadeira -- revelou a autópsia.
A prisão foi confirmada pelo tribunal da cidade, sem admissão de caução.
O detido, a quem foram apreendidas duas armas e aproximadamente duas centenas de cartuchos, já tem, segundo a polícia, diversas condenações por agressão com arma de fogo.
Dias antes de a vítima ter sido dada como desaparecida tinha estado envolvida numa discussão com o suspeito.
O primeiro indício do crime surgiu a 14 de Dezembro, num local ermo de Clareanes, <LOCAL_GeoNetPT02 f_id="126857" t_id="LOC:ADM">Querença</LOCAL_GeoNetPT02>, concelho de <LOCAL_GeoNetPT02 f_id="147" t_id="CON:ADM">Loulé</LOCAL_GeoNetPT02>, onde foi encontrada uma caveira.
No dia 19, na mesma zona, foi achado um sapato, com meia e pé no interior; e no dia 22, a dois quilómetros, no lugar do <LOCAL_GeoNetPT02 f_id="125305" t_id="OUT:ADM">Carvalhal</LOCAL_GeoNetPT02>, apareceu o resto do corpo.</text>
</root>
