<?xml version="1.0" encoding="utf-8"?>
<root>
  <title>PUBLICO-19950107-123</title>
  <text><LOCAL_GeoNetPT02 f_id="284" t_id="CON:ADM">Sintra</LOCAL_GeoNetPT02> 
Vereador « laranja » arrisca expulsão
A  Distrital de Lisboa do PSD vai abordar, segunda-feira, a retirada de confiança política ao vereador Viegas Palma por se recusar a entregar as competências que detém na    Câmara de <LOCAL_GeoNetPT02 f_id="284" t_id="CON:ADM">Sintra</LOCAL_GeoNetPT02>.
Mas a entrega dos pelouros não é pacífica entre os sociais-democratas.
Cardoso Martins, da secção de <LOCAL_GeoNetPT02 f_id="239197" t_id="LOC:ADM">Rio de Mouro</LOCAL_GeoNetPT02>, considera-a « precipitada » porque não esperou pela instalação da coordenadora concelhia.
« Queremos estar livres para denunciar os abusos e a leviandade de uma gestão municipal obcecada pela cosmética », justificou o comunicado lido ontem por Luísa Braga de Macedo , presidente da secção de <LOCAL_GeoNetPT02 f_id="284" t_id="CON:ADM">Sintra</LOCAL_GeoNetPT02>, a dar conta da decisão tomada na quarta-feira por cinco das seis comissões políticas do concelho para que os eleitos do     PSD no executivo sintrense « renunciassem aos seus pelouros face ao orçamento proposto pela gestão socialista e comunista ».
O vereador Rui Silva afirmou que soube « pela comunicação social » que Edite Estrela lhe retirara na quarta-feira as competências e classificou a antecipação da autarca uma « manobra de chicana política ».
Sobre a decisão de Viegas Palma de não entregar os pelouros, Luísa de Macedo  admitiu a retirada de confiança política ao vereador e a instauração de um processo disciplinar que poderá levar à « expulsão do partido ».
Viegas Palma, por seu lado, respondeu que decidiu não se associar à demissão de Rui Silva por considerar que a atitude de Edite Estrela « nada tem a ver com o     PSD ».
O autarca acrescentou também não poder « aceitar que se confundam, por pretenso interesse político, posições [ de Rui Silva ] que são totalmente diferentes » das suas, e lamentou que apenas tenha tomado conhecimento da decisão de entrega dos pelouros durante a sessão de    Câmarade quarta-feira.
« A decisão tem que competir aos órgãos próprios do concelho, mas a  Distrital não pode deixar de se pronunciar atendendo a que houve desrespeito de uma decisão política das secções », adiantou António Rodrigues, de Queluz, podendo na segunda-feira ser recomendado às comissões políticas sintrenses a retirada de confiança politica a Viegas Palma.
Tanto mais que foi Arlindo de Carvalho, presidente da  Distrital de Lisboa , que na quarta-feira recomendou aos vereadores de <LOCAL_GeoNetPT02 f_id="284" t_id="CON:ADM">Sintra</LOCAL_GeoNetPT02> a « rejeição do orçamento » e a entrega dos pelouros, por « manifesta falta de solidariedade da presidente da    Câmara ».</text>
</root>
