<?xml version="1.0" encoding="utf-8"?>
<root>
  <title>PUBLICO-19950103-053</title>
  <text>« Era uma vez um brinquedo português ».
A mostra inaugurada em Dezembro continua patente na sala de exposições do   Museu Municipal de Portimão.
Das 9h30às 12h30 e das 14h30às 17h30.
Até ao fim de Março.
« Elmer Gantry » ( O Falso Profeta, 1960 ), de Richard Brooks, às 18h30, e « From here to eternity » ( Até à eternidade, 1953 ), de Fred Zinnemann, às 21h30, abrem o ciclo Burt Lancaster, que a Cinemateca Portuguesa programou para este mês.
O Trio Bernstein, jovens cantores líricos com vários prémios internacionais ganhos, actua em <LOCAL_GeoNetPT02 f_id="196518" t_id="LOC:ADM">Lisboa</LOCAL_GeoNetPT02>, no   Centro Cultural de Belém, no espaço dos Concertos das Sete às Nove.
O programa a cargo de Rosário Ferreira ( soprano ), Rui de Luna ( barítono ) e José Coronado ( piano ) inclui canções eruditas francesas e americanas dos finais do século XIX e princípios do século XX.
Pintura e desenhos de Manuel da Costa Cabral continuam expostos na galeria Diferença, na Rua <LOCAL_GeoNetPT02 f_id="207239" t_id="RUA:ADM">São Filipe Neri</LOCAL_GeoNetPT02>, 42, em <LOCAL_GeoNetPT02 f_id="196518" t_id="LOC:ADM">Lisboa</LOCAL_GeoNetPT02>.
Das 15h00às 20h00.
O Grupo Etnográfico da <LOCAL_GeoNetPT02 f_id="477" t_id="FRG:ADM">Cova da Piedade</LOCAL_GeoNetPT02> e o Coral Canto Novo são os grupos que hoje actuam no âmbito do « Vamos Cantar as Janeiras 95 », uma iniciativa que está a decorrer no concelho de <LOCAL_GeoNetPT02 f_id="345034" t_id="LOC:ADM">Almada</LOCAL_GeoNetPT02>.
O primeiro grupo começa por actuar às 20h00 na Junta de Freguesia do <LOCAL_GeoNetPT02 f_id="480" t_id="FRG:ADM">Pragal</LOCAL_GeoNetPT02> e termina hora e meia depois na  Junta da <LOCAL_GeoNetPT02 f_id="477" t_id="FRG:ADM">Cova da Piedade</LOCAL_GeoNetPT02>.
O segundo começa na  Junta do <LOCAL_GeoNetPT02 f_id="479" t_id="FRG:ADM">Laranjeiro</LOCAL_GeoNetPT02>, às 21h00, e acaba também na da <LOCAL_GeoNetPT02 f_id="477" t_id="FRG:ADM">Cova da Piedade</LOCAL_GeoNetPT02>.
O rap de « General D &amp; Os Karapinhas » vai hoje à noite ao Johnny Guitar, na Calçada <LOCAL_GeoNetPT02 f_id="198803" t_id="CAL:ADM">Marquês de Abrantes</LOCAL_GeoNetPT02>, 72, em <LOCAL_GeoNetPT02 f_id="196518" t_id="LOC:ADM">Lisboa</LOCAL_GeoNetPT02>.
Na Galeria Municipal Adriano Batista, em <LOCAL_GeoNetPT02 f_id="127853" t_id="LOC:ADM">Olhão</LOCAL_GeoNetPT02>, continua patente a mostra de pintura de Martins Leal.
Até 8 de Janeiro.</text>
</root>
