<?xml version="1.0" encoding="utf-8"?>
<root>
  <title>PUBLICO-19940402-063</title>
  <text>
Alberto João Jardim volta a criticar o Governo da República.
Desta vez, o alvo é o Ministério dos Negócios Estrangeiros, ao qual exige informação completa nas questões relativas à África do Sul.
A política externa do Governo de Cavaco Silva, em particular a de âmbito sul-africano, deveria ser mais bem articulada com o governo regional, reclama o presidente madeirense numa entrevista que hoje será transmitida pelo programa Tira-Teimas, na Antena 1 da RDP.
Na conversa com esta estação -- enquanto mantém interdita a entrada dos três únicos jornalistas correspondentes de outros órgãos de comunicação social nacionais no <LOCAL_GeoNetPT02 f_id="143510" t_id="LOC:ADM">Funchal</LOCAL_GeoNetPT02> ( « Diário de Notícias », SIC e PÚBLICO ) na sede do seu partido --,  Jardim acusa o ministério dirigido por Durão Barroso de evidenciar alguma arrogância.
E, queixando-se de não ter recebido deste departamento governamental todos os elementos sobre a África do Sul, critica:
« A política externa está muito apoiada em funcionários de carreira », em vez de submeter-se aos políticos.
« Penso que a política externa deveria ter sido mais articulada [ com o governo madeirense ], em vez de <LOCAL_GeoNetPT02 f_id="196518" t_id="LOC:ADM">Lisboa</LOCAL_GeoNetPT02>, arrogantemente, querer marcar as distâncias entre as competências do Estado e as competências da Região », defende.
O problema não reside nesta separação, mas « em unir esforços », adianta  Jardim, que recorda ter procurado « desde há muitos anos fazer política e intervir nas questões da África do Sul, não só pelos madeirenses, como por todos os portugueses » lá radicados.
Assim, acrescenta, « consegui formar os meus « lobbies » e entrar em muitos governos soberanos », tendo « sempre uma lealdade com o meu Governo da República », frisa o anfitrião do deposto presidente Botta, que, perante os protestos nacionais, visitou a Madeira a convite de  Jardim.
Como « nunca » deu « um único passo no estrangeiro sem prestar toda a informação ao Governo da República »,  Jardim conclui:
« Se a mim não me prestarem a informação conveniente, o problema já não é meu .»
« Aqui ninguém se agacha » Nas duas últimas semanas, o presidente do governo madeirense intensificou as suas críticas ao Executivo de Cavaco Silva, nomeadamente às políticas seguidas pelos ministérios da Educação, da Administração Interna e Finanças, os dois últimos não só pela contenção de salários na Função Pública, como pelas negociações do Protocolo de Reequilíbrio Financeiro da Madeira.
Na recente discussão do Plano e Orçamento para 1994,  Jardim fez questão de recordar:
« No campo dos factos, sempre estivemos contra o nosso partido e contra decisões do nosso partido nacional .»
« Ao longo destes anos, nós sempre estivemos contra o nosso partido quando foi preciso contestar.
Eu contestei, e o PSD-Madeira contestou, ainda há bem pouco tempo, posições do primeiro-ministro e do partido acerca dos ministros da República .»
Numa referência crítica à atitude de Mota Amaral, o governante madeirense disse:
« Fico triste quando me dizem que temos de transigir, para não ficarmos sós .»
E advertiu que, « enquanto este governo aqui estiver, ninguém se vai agachar », porque « dignidade não se vende, seja qual for a natureza do grupo de pressão que aparecer ».
Nas duras críticas ao Governo da República,  Jardim tem-se feito acompanhar pelo líder da bancada social-democrata.
Jaime Ramos denunciou no parlamento que, « paradoxalmente, a política fiscal e financeira posta em execução por este e pelos anteriores governos da República continua a gerar grandes e graves dificuldades às nossas empresas » -- posição classificada de « condenável e reveladora de um inexplicável distanciamento em relação ao país real ».
Jaime Ramos insurgiu-se contra o « centralismo » ( do Governo da República ) que, « agravado com a progressiva e escandalosa inversão de valores, tem o seu ponto alto na submissão da componente política face à tecnocracia, sempre distante do país real, perfeitamente dissociada do povo e tradicionalmente em oposição, em termos práticos, ao país que diz servir ».
Denunciando que no seu partido « há gente que pretende participar neste coro que é constituído pela oposição regional », « com desconfianças e temores em relação às autonomias », Jaime Ramos considera que « a revisão constitucional servirá para mostrar que é necessário » continuar « a lutar contra o centralismo conservador e retrógrado que reina em <LOCAL_GeoNetPT02 f_id="196518" t_id="LOC:ADM">Lisboa</LOCAL_GeoNetPT02> ».
Por isso, repetindo  Jardim, deixou o aviso final: « Enganam-se aqueles que julgam que os sociais-democratas da Madeira vão vergar-se .»
 Tolentino de Nóbrega
</text>
</root>
