<?xml version="1.0" encoding="utf-8"?>
<root>
  <title>PUBLICO-19950105-085</title>
  <text><LOCAL_GeoNetPT02 f_id="387660" t_id="LOC:ADM">Viana do Castelo</LOCAL_GeoNetPT02> 
Naufrágio faz três vítimas
Dois pescadores mortos e um terceiro dado como desaparecido foi o resultado do naufrágio de uma pequena embarcação de pesca, ocorrida ontem a meio da tarde, em frente ao portinho de Vinha  ( <LOCAL_GeoNetPT02 f_id="3415" t_id="FRG:ADM">Areosa</LOCAL_GeoNetPT02> ).
A bateira, com motor fora de bordo, não aguentou o mar agitado que se fazia sentir numa altura em que os pescadores recolhiam as redes lançadas no dia anterior para a captura do robalo.
Segundo uma testemunha ocular, citada pela agência Lusa, os pescadores « tentaram nadar para a praia, numa distância de cerca de um quarto de milha marítima, mas foram lançados contra as rochas ».
Dois dos corpos foram recolhidos durante as operações de busca.
Tratava-se de dois pescadores residentes na zona da <LOCAL_GeoNetPT02 f_id="387051" t_id="LOC:ADM">Ribeira</LOCAL_GeoNetPT02> de <LOCAL_GeoNetPT02 f_id="387660" t_id="LOC:ADM">Viana do Castelo</LOCAL_GeoNetPT02>.
Telmo Marques da Silva, de 53 anos e Jorge Santiago, de 52, cunhados, recebiam um especial carinho na área piscatória, sendo o primeiro responsável pela manutenção da tradição da feitura de tapetes de flores que, todos os anos, engalanam a terra por ocasião dos festejos da Sra. da Agonia.
O terceiro pescador, dado como desaparecido à hora do fecho desta edição, é Roque Vieira, de 46 anos, ex-emigrante na Alemanha e residente em <LOCAL_GeoNetPT02 f_id="3418" t_id="FRG:ADM">Carreço</LOCAL_GeoNetPT02>.
As buscas, efectuadas por mergulhadores dos Bombeiros Municipais de <LOCAL_GeoNetPT02 f_id="316" t_id="CON:ADM">Viana do Castelo</LOCAL_GeoNetPT02>, auxiliados pelos voluntários da mesma localidade, foram dificultadas pelas más condições do mar, facto que impossibilitou o uso da salva-vidas da Capitania do porto vianense.</text>
</root>
