<?xml version="1.0" encoding="utf-8"?>
<root>
  <title>PUBLICO-19950102-052</title>
  <text>
Corpo de bebé no <LOCAL_GeoNetPT02 f_id="387665" t_id="ZON:ADM">Cabedelo</LOCAL_GeoNetPT02>
O corpo sem vida de um recém-nascido foi encontrado nas dunas do <LOCAL_GeoNetPT02 f_id="387665" t_id="ZON:ADM">Cabedelo</LOCAL_GeoNetPT02>, na <LOCAL_GeoNetPT02 f_id="293926" t_id="ZON:ADM">Foz do Douro</LOCAL_GeoNetPT02>, cerca das 12h00 de anteontem, desconhecendo-se as circunstâncias em que terá ido parar àquele local.
O achado foi efectuado por um homem que passou no local e que comunicou o facto à GNR.
Uma fonte dos Sapadores de Gaia disse à agência Lusa que o corpo não apresentava sinais de decomposição.
O corpo será autopsiado e o caso dará origem a um inquérito judicial por determinação do  Ministério Público.
</text>
</root>
