<?xml version="1.0" encoding="utf-8"?>
<root>
  <title>PUBLICO-19950103-057</title>
  <text>Campo de golfe em <LOCAL_GeoNetPT02 f_id="383609" t_id="LOC:ADM">Ponte de Lima</LOCAL_GeoNetPT02>
Freguesia de <LOCAL_GeoNetPT02 f_id="2591" t_id="FRG:ADM">Arca</LOCAL_GeoNetPT02> contra corte de caminho
António Gonçalves
A construção de um campo de golfe em <LOCAL_GeoNetPT02 f_id="383609" t_id="LOC:ADM">Ponte de Lima</LOCAL_GeoNetPT02> está a provocar forte contestação numa freguesia local.
Está em causa o encerramento de um caminho, que atravessa o campo.
Os promotores do empreendimento querem fechá-lo, prometendo entretanto pavimentar outro, mas a população não está pelos ajustes.
Um caminho público secular que atravessa literalmente o futuro campo de golfe de  Ponte de Lima constitui um autêntico pomo de discórdia na freguesia de <LOCAL_GeoNetPT02 f_id="2591" t_id="FRG:ADM">Arca</LOCAL_GeoNetPT02>, onde o empreendimento se localiza.
No Verão passado, os promotores do campo, de 18 buracos, propuseram à Assembleia de Freguesia ( AF ) local o encerramento do caminho e, em troca, entre outros melhoramentos, prometeram pavimentar um outro caminho que circunda a área do empreendimento.
Porém, a assembleia rejeitou a proposta, secundando, aliás, o teor de um abaixo-assinado que correu a localidade, recolhendo mais de uma centena de assinaturas, que reclamava contra o fecho da via.
Desta forma, apesar de outras duas assembleias de freguesia, a de <LOCAL_GeoNetPT02 f_id="418634" t_id="FRG:ADM">Fornelos</LOCAL_GeoNetPT02> e a de <LOCAL_GeoNetPT02 f_id="2605" t_id="FRG:ADM">Feitosa</LOCAL_GeoNetPT02>, terem dado anuência à proposta dos promotores da infra-estrutura desportiva -- o caminho insere-se igualmente no espaço geográfico daquelas entidades --, o assunto parecia, assim, ficar encerrado.
Afinal, um caminho público a atravessar um campo de golfe nem seria um facto singular, havendo até casos de inclusão de estradas.
Todavia, recentemente, os habitantes do lugar de Gaia, em <LOCAL_GeoNetPT02 f_id="2591" t_id="FRG:ADM">Arca</LOCAL_GeoNetPT02>, sobressaltaram-se com a hipótese da colocação de um portão no caminho.
« Nem pensar nisso », adiantou ao PÚBLICO Manuel Vieira, um locatário membro da AF eleito pela  CDU.
Para além da questão do portão, um outro factor está agora igualmente a gerar controvérsia.
Num logradouro público adjacente ao caminho e rodeado por relvados de golfe em crescimento, a cerca de 50 metros do perímetro do campo, um tanque, normalmente usado para lavagens, foi construído, em substituição de um outro, e custou mais de 400 contos.
Na assembleia de freguesia de 25 de Novembro último, o presidente da  Junta, Manuel Antunes (    PSD ), propôs a sua destruição e a construção de um novo em terrenos de Vítor Silva, um dos empreendedores do golfe, que daria a necessária permissão.
Mas a assembleia obviou, de novo, a proposta.
« O objectivo é, claramente, tirar tudo o que é possível para não haver justificação de passar pelo caminho », referiu Manuel Vieira, posição com a qual também concorda o presidente da AF, João Dantas, do    PSD.
« O presidente da  Junta », rematou o autarca da  CDU, « até parece funcionário dele [ de Vítor Silva ] ».
 Manuel Antunes rejeitou as acusações e garantiu-nos que o caminho vai continuar a cumprir as suas funções.
« Particularmente, não tenho nenhum interesse, mas a freguesia é que ficava a lucrar », argumentou.
No seu entender, a mudança do tanque, « de competência da  Junta », « não prejudicará » os moradores.
Sobre a hipótese de colocação de um portão no caminho, foi rápido na resposta:
« Ninguém se atreveria a isso ».
O campo de golfe, com uma área de quase 80 hectares, é o único em construção na área da Região de Turismo do Alto Minho e, como nos confirmou o presidente da Câmara de <LOCAL_GeoNetPT02 f_id="383609" t_id="LOC:ADM">Ponte de Lima</LOCAL_GeoNetPT02>, Daniel Campelo, as intervenções feitas -- desmatação, terraplenagens, movimentações de terras e uma « club-house » -- estão licenciadas.
Por outro lado, o padre Manuel Dias, oriundo de <LOCAL_GeoNetPT02 f_id="317592" t_id="LOC:ADM">Vila Nova de Gaia</LOCAL_GeoNetPT02> e pároco em <LOCAL_GeoNetPT02 f_id="418714" t_id="FRG:ADM">Nogueira</LOCAL_GeoNetPT02> ( <LOCAL_GeoNetPT02 f_id="316" t_id="CON:ADM">Viana do Castelo</LOCAL_GeoNetPT02> ), confirmou que « o caminho fazia parte do trajecto romano <LOCAL_GeoNetPT02 f_id="44738" t_id="LOC:ADM">Braga</LOCAL_GeoNetPT02>-<LOCAL_GeoNetPT02 f_id="383609" t_id="LOC:ADM">Ponte de Lima</LOCAL_GeoNetPT02>  », inserido nos Caminhos de Santiago .
Este estudioso da história local adiantou ainda a existência de uma mamoa -- aglomerado de pedras pré-histórico, eventualmente ligado a ritos sepulcrais -- na área do campo de golfe « que o dono [ Vítor Silva ] teve a delicadeza de integrar e não destruir ».</text>
</root>
