<?xml version="1.0" encoding="utf-8"?>
<root>
  <title>PUBLICO-19950106-070</title>
  <text>PS sugere desenvolvimento de <LOCAL_GeoNetPT02 f_id="111" t_id="CON:ADM">Estremoz</LOCAL_GeoNetPT02>
Os eleitos do  PS na Câmara e Assembleia Municipal de <LOCAL_GeoNetPT02 f_id="111" t_id="CON:ADM">Estremoz</LOCAL_GeoNetPT02> divulgaram quarta-feira um documento denominado « Linhas Orientadoras da Acção do Município de Estremoz 1995/97 », com propostas para o desenvolvimento do concelho.
Nesse texto <LOCAL_GeoNetPT02 f_id="111" t_id="CON:ADM">Estremoz</LOCAL_GeoNetPT02> é referido como « pólo cultural, desportivo e associativo », apontando-se medidas para « melhorar a qualidade de vida e salvaguardar o ambiente », bem como « modernizar e melhorar o Município », governado por uma maioria  CDU.
Na proposta para o progresso do concelho os socialistas referem que se deve « promover a imagem de <LOCAL_GeoNetPT02 f_id="111" t_id="CON:ADM">Estremoz</LOCAL_GeoNetPT02> », em <LOCAL_GeoNetPT02 f_id="418745" t_id="PAI:ADM">Portugal</LOCAL_GeoNetPT02> e na Estremadura espanhola, como cidade com « vantagens para a actividade económica e condições de bem-estar individual e social », bem como potenciar a localização geográfica de <LOCAL_GeoNetPT02 f_id="111" t_id="CON:ADM">Estremoz</LOCAL_GeoNetPT02> na confluência da auto-estrada ( A-6 ) e IP-2, « rentabilizando-a como centro urbano ».</text>
</root>
