<?xml version="1.0" encoding="utf-8"?>
<root>
  <title>PUBLICO-19950108-049</title>
  <text>Miséria em <LOCAL_GeoNetPT02 f_id="45" t_id="CON:ADM">Aveiro</LOCAL_GeoNetPT02>
O governador civil de <LOCAL_GeoNetPT02 f_id="45" t_id="CON:ADM">Aveiro</LOCAL_GeoNetPT02>, Gilberto Madail, reconheceu a existência de miséria nas freguesias da <LOCAL_GeoNetPT02 f_id="2188" t_id="FRG:ADM">Torreira</LOCAL_GeoNetPT02> e <LOCAL_GeoNetPT02 f_id="693" t_id="FRG:ADM">São Jacinto</LOCAL_GeoNetPT02>, zonas que « ainda não iniciaram a retoma ».
Madail , que na segunda-feira se reúne em <LOCAL_GeoNetPT02 f_id="196518" t_id="LOC:ADM">Lisboa</LOCAL_GeoNetPT02> com responsáveis governamentais para tentar encontrar soluções para os problemas vividos ali, acrescentou que as duas freguesias estão dependentes de « factos internacionais » e de compromissos com a União Europeia em matéria de pescas e construção naval.
« As situações de exclusão social que vi são, talvez, as mais prementes de todo o distrito », disse o governador civil.
A situação na <LOCAL_GeoNetPT02 f_id="2188" t_id="FRG:ADM">Torreira</LOCAL_GeoNetPT02>, concelho da <LOCAL_GeoNetPT02 f_id="188" t_id="CON:ADM">Murtosa</LOCAL_GeoNetPT02>, exige a criação de empregos e a atribuição de subsídios de transporte para que os residentes possam ir trabalhar em zonas mais industrializadas e em S. Jacinto, concelho de <LOCAL_GeoNetPT02 f_id="45" t_id="CON:ADM">Aveiro</LOCAL_GeoNetPT02>, falta sobretudo habitação social, disse.</text>
</root>
