<?xml version="1.0" encoding="utf-8"?>
<root>
  <title>PUBLICO-19940402-103</title>
  <text>
Ministro acha que Hospital de <LOCAL_GeoNetPT02 f_id="111074" t_id="LOC:ADM">Évora</LOCAL_GeoNetPT02> é « doente urgente »
O ministro da Saúde, Paulo Mendo, disse que iria substituir a administração do Hospital Distrital de <LOCAL_GeoNetPT02 f_id="3950" t_id="DST:ADM">Évora</LOCAL_GeoNetPT02> até ao final do mandato desta, que termina em Maio.
« Perante uma doença institucional, sou obrigado a tomar posições rápidas », disse Mendo em declarações à Rádio Nova, do <LOCAL_GeoNetPT02 f_id="290154" t_id="LOC:ADM">Porto</LOCAL_GeoNetPT02>.
« A situação de perturbação em que vive o hospital tem de ser entendida como se de um doente urgente se tratasse ».
O ministro disse ter « muito pouco conhecimento » da situação no hospital e conhecer o que se passava mais pela imprensa que pelas vias oficiais.
« Não recebi nada da  Procuradoria-Geral da República », disse o ministro.
</text>
</root>
