<?xml version="1.0" encoding="utf-8"?>
<root>
  <title>PUBLICO-19950106-078</title>
  <text>Câmara de <LOCAL_GeoNetPT02 f_id="284" t_id="CON:ADM">Sintra</LOCAL_GeoNetPT02> embarga obras na Quinta da Vigia 
Piscina ilegal para Bagley
A embaixadora americana em <LOCAL_GeoNetPT02 f_id="418745" t_id="PAI:ADM">Portugal</LOCAL_GeoNetPT02> rendeu-se aos encantos de <LOCAL_GeoNetPT02 f_id="240249" t_id="LOC:ADM">Sintra</LOCAL_GeoNetPT02>.
Aproveitando as obras na residência oficial em <LOCAL_GeoNetPT02 f_id="196518" t_id="LOC:ADM">Lisboa</LOCAL_GeoNetPT02>, Elisabeth Bagley alugou a Quinta da Vigia , em <LOCAL_GeoNetPT02 f_id="239970" t_id="LOC:ADM">São Pedro</LOCAL_GeoNetPT02>, virada para a deslumbrante paisagem serrana da vila.
Mas faltava uma piscina.
O proprietário desenterrou um projecto antigo e avançou com as obras.
O pior é que, embora os trabalhos estejam adiantados e prossigam, a autarquia sintrense embargou, finalmente, ontem a piscina por falta de licença camarária.
A Quinta da Vigia  fica a meio caminho entre <LOCAL_GeoNetPT02 f_id="240249" t_id="LOC:ADM">Sintra</LOCAL_GeoNetPT02> e <LOCAL_GeoNetPT02 f_id="239970" t_id="LOC:ADM">São Pedro</LOCAL_GeoNetPT02>, à beira de um pequeno jardim identificado num marco de pedra como « miradoiro da Condessa de Seisal ».
A meio de uma caminhada pelos aglomerados antigos da vila, os bancos do parque convidam a descansar as pernas e a encher a vista com a verde paisagem que envolve as tradicionais casas de Santa Maria , o    Pena  e o Castelo dos Mouros .
Virada para este cenário fica a quinta onde nasceu o Visconde da Asseca  e que, desde Agosto do ano passado, está alugada à embaixadora americana em <LOCAL_GeoNetPT02 f_id="418745" t_id="PAI:ADM">Portugal</LOCAL_GeoNetPT02>, Elisabeth Bagley.
O protocolo determina que a residência oficial dos embaixadores creditados no país tem que ser em Lisboa , mas as programadas obras de recuperação do edifício à <LOCAL_GeoNetPT02 f_id="1714" t_id="FRG:ADM">Lapa</LOCAL_GeoNetPT02> -- segundo a embaixada, demorarão cerca de um ano -- forneceu a justificação ideal para que a então recém-nomeada embaixadora dos « Staits » optasse pela antiga vila romântica.
A presença da diplomata não deixou, contudo, de perturbar a pacatez da vila, fosse pelos problemas causados no caótico trânsito sintrense à passagem da embaixadora, fosse pela redução de agentes da PSP em ronda pela sede do concelho, devido à transferência dos efectivos que, um em cada turno, passaram a guardar a entrada da quinta.
Mas, em Novembro passado, foi demolido parcialmente o muro ao lado da entrada guardada pela PSP e por seguranças encorpados.
Em pouco mais de um mês, foi aberto um buraco no terreno ao lado da quinta, vedado da zona habitada pela embaixadora, mas parte da mesma propriedade.
A ausência de identificação da obra levantou suspeitas, embora o proprietário, Luís Correia de Sá, atribua a denúncia da realização das obras aos serviços de fiscalização camarários a alguém que não tenha gostado dos rebentamentos efectuados para abrir caminho quando aparecia rocha, que « devem ter acordado muita gente ».
O proprietário confirmou ao PÚBLICO que iniciou as obras sem ter entregue o projecto na    Câmara de <LOCAL_GeoNetPT02 f_id="284" t_id="CON:ADM">Sintra</LOCAL_GeoNetPT02> por causa « do tempo que demorava », e uma vez que já tinha a aprovação da Direcção-Geral de Turismo para a construção da piscina no âmbito de um projecto de turismo de habitação.
« Apareceu a embaixadora dos Estados Unidos que, quando soube que ia haver uma piscina, manifestou o seu agrado pela ideia e eu avancei com a obra », justificou Correia de Sá .
A fiscalização municipal só na segunda-feira se deslocou ao local e redigiu o auto de contra-ordenações pela « construção de uma piscina sem licença », infracção punida com coima de 100 contos ao máximo de 20 mil contos.
Embora a obra tenha prosseguido desde então, o vereador sintrense Viegas Palma reconheceu que a autarquia não pode impedir os trabalhos, mas que remeterá « um processo crime para tribunal ».
E ontem mesmo foi também decretado o embargo da obra, apenas dependente de comunicação ao proprietário.
Na embaixada dos Estados Unidos começaram por negar que Elisabeth Bagley tivesse alguma coisa a ver com a piscina, ou sequer que a viesse a utilizar.
Mas confrontados com a informação de Correia de Sá  de que ia ser aberta uma ligação à residência da embaixadora, o adido de imprensa, Jefferson Brown, adiantou que o contrato de arrendamento -- por ano e meio -- não inclui o terreno ao lado, mas admitiu que a diplomata possa vir a utilizar a piscina « por gentileza do proprietário ».
Luís Filipe Sebastião</text>
</root>
