<?xml version="1.0" encoding="utf-8"?>
<root>
  <title>PUBLICO-19950105-093</title>
  <text>Vidreiros
Augusto Santos Silva
Alguns comentadores têm insistido sobre três pontos que julgam preliminares a qualquer discussão sobre a luta dos vidreiros da empresa Roldão.
Esclareço já a minha posição quanto a eles.
Primeiro: dez anos atrás, sendo primeiro-ministro Mário Soares, a situação na <LOCAL_GeoNetPT02 f_id="173679" t_id="LOC:ADM">Marinha Grande</LOCAL_GeoNetPT02> e noutras regiões industriais do País era mais grave.
Certo.
Convirá talvez dizer a verdade toda: os tempos eram de ressaca, a seguir ao regabofe da última AD, e o cutelo do FMI pendia sobre a política portuguesa, não os fundos de Bruxelas;
o     PSD integrava a coligação governamental.
De qualquer modo, deixemos claro que muitos dos que depositam esperanças numa mudança eleitoral protagonizada pelo    Partido Socialista, fazem-no porque crêem que o  PS terá aprendido com os gravíssimos erros do passado, ter-se-á curado do clientelismo e da arrogância, e praticará políticas de desenvolvimento social sustentado.
Segundo: vivemos em economia de mercado, não queremos nem podemos nacionalizar a empresa.
Em teoria, certo;
e também não vamos apagar numa penada tudo o que aprendemos nos anos recentes, quanto ao papel económico do Estado.
É ainda verdade que, de tanto se dirigirem ao governo, algumas lutas laborais quase provocam o efeito perverso de secundarização das responsabilidades das empresas.
Mas parece igualmente evidente que o Estado e o governo não podem ser afastados sem mais.
Porque a nossa economia é, de facto, em grande parte tutelada pelo Estado, designadamente através da gestão dos vários programas de incentivo e reestruturação industrial.
Porque o Estado é o principal credor da empresa agora em causa, quer pelo lado da segurança social, quer pelo do fisco, e tem, portanto, toda a legitimidade para intervir.
Porque as autoridades e as forças policiais não podem tratar problemas de ordem pública associados a questões laborais como se de actos subversivos se tratasse.
E, sobretudo, porque ninguém pode reduzir situações como a da Pereira Roldão ao que, num eufemismo carregado de sentido de classe, se costuma designar por « falências técnicas » provocando certos « problemas sociais ».
Não há, em <LOCAL_GeoNetPT02 f_id="418745" t_id="PAI:ADM">Portugal</LOCAL_GeoNetPT02>, com os instrumentos de intervenção ao dispor do Estado e face ao seu uso selectivo, falências puramente « técnicas » ( como ainda não há muito mostrou o caso da Coelima  ).
E basta ter a mínima ideia do que é a precaridade e a debilidade das medidas de combate ao desemprego e de reconversão profissional para perceber que o desemprego de centenas de pessoas não pode ser convertido num mero « problema social », para o qual só haveria como solução o recurso a dispositivos tão defensivos como o da legislação actual sobre salários em atraso.
Terceiro ponto preliminar: o impacto público de lutas como a dos vidreiros depende crucialmente da respectiva cobertura televisiva.
As televisões exploram as imagens de maior efeito sobre as audiências, como as imagens de polícias a carregar sobre pessoas.
Daí haver uma redefinição mediática da realidade, que leva a destacar alguns factos, ocultando outros.
Essa redefinição é também procurada pelas lógicas de aproveitamento político da situação, designadamente por parte dos partidos de oposição.
Certo.
Mas, por um lado, hoje a realidade é tudo isto, a realidade não são só operários em luta, mas os contextos e as recepções sociais da luta.
Por outro, é preciso é reflectir seriamente porque é que imagens de cargas policiais são tão impopulares -- porque a imagem da polícia é muito má, sendo-o porque a actuação da polícia é usualmente má;
e porque os carregados são trabalhadores em dificuldades, por inépcia ou má-fé de outros, e pessoas comuns apanhadas indiscriminadamente pelas ruas.
Para que as nossas opiniões se possam formar em consciência, é imprescindível entrar em linha de conta com o que vários comentários deliberadamente silenciam: o ponto de vista dos vidreiros.
Eles não podem ser reduzidos a pretextos para cálculos de comentadores cínicos, nem podem ser descritos como se fossem apenas joguetes partidários e sindicais, ou infelizes reféns de mitologias políticas supostamente arcaicas.
O que sucede na <LOCAL_GeoNetPT02 f_id="173679" t_id="LOC:ADM">Marinha Grande</LOCAL_GeoNetPT02> e tanto parece espantar-nos?
Gente que decidiu lutar.
Nem sequer é a gente mais desesperada.
Mas é gente que se mostra determinada e unida.
Gente que luta com a sua força colectiva e a sua consciência social, historicamente formada, que dispõe de uma memória comum na qual certamente, como em toda a memória, entram emblemas e mitos, mas que não é redutível a um mito.
Gente cuja história é feita de sucessivas dificuldades, superadas à custa do seu próprio esforço, que agora vê tudo em risco de voltar atrás: tão pouco benefício gerado pelos fundos para a reestruturação industrial, porque a incompetência e a cupidez continuam a ser as mesmas, tão poucos ganhos esperáveis da formação profissional, porque ela é sobretudo uma capa para esconder desemprego, tanta precaridade e tanto desamparo no que o poder pintou como uma democracia de sucesso.
Esta gente não defende os seus privilégios, que os não tem.
Defende a sua vida ligada a uma profissão e a um meio industrial, defende o seu pão e defende a sua dignidade.
Esta gente sente a desigualdade em tudo.
Sente que tem de usar a rua para se fazer ouvir, quando o gestor usa ( ó perfeita congruência! ) o <LOCALIMPLICITO f_id="196518" t_id="LOC:ADM">Lisboa</LOCALIMPLICITO>  Centro Cultural de Belém .
Sente que quem fez naufragar o barco continua a poder mostrar arrogância e fazer chantagem, e pode nem sequer conhecer qualquer castigo.
Sente que o mais longe que vão as expressões com que as autoridades públicas caracterizam os actos de quem deve dinheiro ao fisco, retém criminosamente as contribuições dos trabalhadores para a segurança social e não honra os seus compromissos mais elementares é « incompetência » e « õrresponsabilidade » -- ao passo que aos que lutam rapidamente se cola a etiqueta de agitadores e subversivos.
Esta gente luta com aquilo que tem: a greve, o sindicato, a autarquia, a imposição da força física do grande número.
Sabe que é preciso incomodar a opinião pública, perturbando as rotinas, enchendo se necessário praças ou cortando estradas.
Sabe que não existe se as televisões não falarem dela, mas que essa fala é sempre muito fugaz, e é mister aproveitá-la ao máximo.
Até sabe, como não saberia?
, que as cargas policiais emocionam as pessoas e que é tão fácil provocar polícias de elite ...
Esta gente quer salários pagos e emprego para todos.
É tão difícil perceber que o queiram?
Não sei se aos apóstolos da lei e do mercado isto diz alguma coisa.
Mas penso que só andaremos para a frente se nos disser a todos muito.
Falemos claro: o corte de estradas é ilegal.
Evidentemente.
Mas não é moralmente condenável o corte simbólico para chamar a atenção, como outros gestos de pressão que fatalmente se situam nas margens da legalidade.
O Estado democrático, se o quer ser, tem de compreendê-lo e negociá-lo.
A empresa é privada, pertence aos proprietários, é gerida por gestores que tomam decisões e respondem por elas.
Certamente.
Mas também é certo que, num sentido ético profundo, não é só propriedade deles, é propriedade de quem lá trabalha, a fez e a refaz todos os dias, e é uma organização social sobre que todos nós, cidadãos e instituições, podemos e devemos falar.
Não há nenhuma economia de mercado, que incorpore uma dimensão social, que possa ignorá-lo.
Para entender o que se passa na <LOCAL_GeoNetPT02 f_id="173679" t_id="LOC:ADM">Marinha Grande</LOCAL_GeoNetPT02>, temos de entender vários pontos de vista e considerar múltiplas variáveis.
Mas temos de compreender, basicamente, que as vidreiras e os vidreiros são gente digna.
Cortando estradas, pressionando o governo, mesmo querendo o que porventura o Estado não pode dar, por causa da concorrência, mesmo se estiverem falhando o alvo, ou até reféns das lógicas do  PS ou do PC, ou talvez agarrados a um modelo de luta de classes que passou, ou quem sabe se lutando por uma causa perdida.
São dignos.
Mais dignos, por exemplo, do que os pequenos e grandes usufrutários do Estado que enchem jantares pedindo ao chefe que não os abandone.</text>
</root>
