<?xml version="1.0" encoding="utf-8"?>
<root>
  <title>PUBLICO-19950103-148</title>
  <text>
Os trabalhadores da empresa Manuel Pereira Roldão, da <LOCAL_GeoNetPT02 f_id="173679" t_id="LOC:ADM">Marinha Grande</LOCAL_GeoNetPT02>, voltaram ontem à tarde a cortar a Linha do Oeste e a estrada que liga a cidade vidreira à <LOCAL_GeoNetPT02 f_id="174819" t_id="LOC:ADM">Nazaré</LOCAL_GeoNetPT02>.
Os vidreiros esperam que na reunião de credores de hoje de manhã seja viabilizada a substituição da administração da empresa, que, segundo o PÚBLICO apurou, não se opõe à nomeação de um gestor judicial.
O Ministério das Finanças, por sua vez, vai investigar eventuais fugas fiscais da empresa.
Em causa estão 15 mil contos devidos ao fisco e à segurança social, que constam de uma declaração de facturação de 80 mil contos, mas que não chegaram aos cofres do Estado.
Durante a manhã de ontem, a administração da empresa voltou a propor, num encontro com a comissão de trabalhadores, o Sindicato dos Trabalhadores da Indústria Vidreira ( STIV ) e o presidente da    Câmara da <LOCAL_GeoNetPT02 f_id="173679" t_id="LOC:ADM">Marinha Grande</LOCAL_GeoNetPT02>, o encerramento de um dos fornos, a manutenção de apenas 115 trabalhadores em laboração plena, a integração de 90 em cursos de formação profissional, a reforma antecipada para 50 e a reconversão profissional para os restantes 130.
Esta proposta já antes havia sido recusada e a mesma resposta voltou a ser confirmada no plenário de trabalhadores do princípio da tarde, onde ficou decidido voltar para « a luta ».
Às 16h20, a Estrada Nacional 242 , que liga a <LOCAL_GeoNetPT02 f_id="173679" t_id="LOC:ADM">Marinha Grande</LOCAL_GeoNetPT02> à <LOCAL_GeoNetPT02 f_id="174819" t_id="LOC:ADM">Nazaré</LOCAL_GeoNetPT02>, voltou a ser cortada com pneus queimados.
A Linha do Oeste, paralela à estrada, também foi barrada pelos trabalhadores.
« Eles hoje não vêm. Não dá luta », atirou um homem que circulava entre os dois pontos de concentração dos vidreiros.
« Não vêm por causa do escândalo », retorquiu um trabalhador da Roldão, numa alusão às reacções que as anteriores cargas das forças de intervenção da PSP sobre os manifestantes e a população local provocaram na semana passada.
As forças policiais limitaram-se, ontem, a desviar o trânsito da estrada cortada, à saída da cidade e perto da Martingança, para outras vias alternativas.
« Não é a intervenção da polícia que vai resolver o problema ou parar a luta dos trabalhadores », garantiu, no início de mais uma acção de protesto, Sérgio Moiteiro, presidente do STIV.
« Se a actual administração ficou sem credibilidade perante os trabalhadores e as outras entidades, incluindo o Governo, o desbloqueamento da situação poderá passar pelo seu apeamento da empresa », acrescentou.
A substituição dos administradores é, aliás, o resultado esperado da reunião de credores que hoje de manhã se realiza na <LOCAL_GeoNetPT02 f_id="173679" t_id="LOC:ADM">Marinha Grande</LOCAL_GeoNetPT02>, pois, conforme salientou Leonilde Mendes, da comissão de trabalhadores, « há um grande descrédito nesta administração ».
Tanto mais que aumentam as dúvidas sobre a actuação do sócio-gerente Carlos Antero, acusado, em documentos subscritos por trabalhadores e quadros da empresa, de transferir mercadorias para outras empresas « a que se encontra ligado » e de « tirar partido em proveito próprio e em absoluto de fundos comunitários », destinados a recuperação tecnológica e formação profissional.
Com base nestas denúncias, a CGTP espera que da reunião de hoje saia uma nova administração e um pedido de inquérito à Procuradoria Geral da República das contas pessoais dos administradores.
Embora Carlos Antero tenha negado as acusações de que é alvo, o PÚBLICO apurou que a administração da empresa « não se opõe à nomeação de um administrador judicial ».
« Havendo credibilidade da administração junto das várias entidades, pode haver maior facilidade em desbloquear as verbas para pagamento dos salários », manifestou Sérgio Moiteiro.
O protesto de ontem dos vidreiros durou pouco mais de duas horas e cerca das 18h45 o corte da estrada e do caminho de ferro estava terminado.
Os trabalhadores poderão suspender a marcha para <LOCAL_GeoNetPT02 f_id="196518" t_id="LOC:ADM">Lisboa</LOCAL_GeoNetPT02>, prevista para quinta-feira, caso da reunião de credores saia uma solução satisfatória.
Luís Filipe Sebastião e João Seabra
</text>
</root>
