<?xml version="1.0" encoding="utf-8"?>
<root>
  <title>PUBLICO-19950102-053</title>
  <text><LOCAL_GeoNetPT02 f_id="320" t_id="CON:ADM">Vila de Rei</LOCAL_GeoNetPT02> 
Vereadora pode perder mandato
O ministro do Planeamento e Administração do Território, Valente de Oliveira, pediu ao Tribunal Administrativo de <LOCAL_GeoNetPT02 f_id="3949" t_id="DST:ADM">Coimbra</LOCAL_GeoNetPT02> que retire o mandato a uma vereadora de <LOCAL_GeoNetPT02 f_id="320" t_id="CON:ADM">Vila de Rei</LOCAL_GeoNetPT02> que participou numa votação em que era parte interessada.
Segundo um documento oficial a que a agência Lusa teve acesso, o ministro Valente de Oliveira deferiu uma proposta nesse sentido que lhe fora apresentada no passado dia 20 pela Inspecção-Geral da Administração do Território ( IGAT ), após inspecção ordinária feita à Câmara de <LOCAL_GeoNetPT02 f_id="320" t_id="CON:ADM">Vila de Rei</LOCAL_GeoNetPT02>.
Essa inspecção permitiu apurar que a vereadora Maria Luisa Viana Catarino, do CDS, participou e votou numa reunião camarária, a 26 de Abril de 1991, a aprovação de um projecto de obras em que era parte interessada, na qualidade de procuradora de sua irmã, Rosário Viana.
Nos termos da lei, aquela autarca encontrava-se impedida de intervir no processo, pelo que o Ministério já apresentou queixa contra ela junto do Tribunal Administrativo de <LOCAL_GeoNetPT02 f_id="3949" t_id="DST:ADM">Coimbra</LOCAL_GeoNetPT02>.
A mesma inspecção levada a cabo pelo IGAT detectou ainda situações irregulares praticadas pelo executivo camarário, no âmbito da nomeação de funcionários sem concurso, mas a participação ao Tribunal Administrativo só deverá efectuar-se se essas irregularidades não forem corrigidas no prazo de três meses.</text>
</root>
