<?xml version="1.0" encoding="utf-8"?>
<root>
  <title>PUBLICO-19950107-114</title>
  <text>       PJ de <LOCAL_GeoNetPT02 f_id="121279" t_id="LOC:ADM">Faro</LOCAL_GeoNetPT02> na pista de facturas falsas
A detenção de três empreiteiros e a apreensão de facturas falsas no valor de 90 mil contos são os primeiros resultados de uma investigação desenvolvida nos últimos dias pela directoria de <LOCAL_GeoNetPT02 f_id="121279" t_id="LOC:ADM">Faro</LOCAL_GeoNetPT02> da   Polícia Judiciária, que tem feito buscas domiciliárias e a escritórios da região de <LOCAL_GeoNetPT02 f_id="125214" t_id="LOC:ADM">Loulé</LOCAL_GeoNetPT02>.
A real extensão da rede de falsificação está ainda por determinar.
A um empreiteiro de Vale Telheiro-Loulé os agentes especializados em crimes económico-financeiros apreenderam facturas no montante de 50 mil contos, que se destinariam a « abater » valores no IVA e IRS devido ao Estado e contabilizadas nas escritas de 1991 a 1993.
O segundo detido é um sub-empreiteiro residente na zona de <LOCAL_GeoNetPT02 f_id="128797" t_id="LOC:ADM">Portimão</LOCAL_GeoNetPT02>, que terá sido o fornecedor das facturas ao empreiteiro de <LOCAL_GeoNetPT02 f_id="125214" t_id="LOC:ADM">Loulé</LOCAL_GeoNetPT02>.
Na sua residência foram apreendidos dois livros de facturas completos, em branco, emitidos em nome de um pedreiro de construção civil, de nacionalidade cabo-verdiana e morador em <LOCAL_GeoNetPT02 f_id="128797" t_id="LOC:ADM">Portimão</LOCAL_GeoNetPT02>.
Tanto o empreiteiro como o sub-empreiteiro foram detidos e apresentados quinta-feira no Tribunal Judicial da Comarca de <LOCAL_GeoNetPT02 f_id="125214" t_id="LOC:ADM">Loulé</LOCAL_GeoNetPT02>.
No mesmo dia, no seguimento das investigações, foi detido um outro empresário da zona de <LOCAL_GeoNetPT02 f_id="128797" t_id="LOC:ADM">Portimão</LOCAL_GeoNetPT02>, em cuja posse foram encontradas mais facturas falsas -- umas preenchidas, no valor de 40 mil contos, outras em branco.
Este última indivíduo deve ter sido ontem ouvido pelo juiz.</text>
</root>
