<?xml version="1.0" encoding="utf-8"?>
<root>
  <title>PUBLICO-19940801-051</title>
  <text><LOCAL_GeoNetPT02 f_id="169227" t_id="LOC:ADM">Leiria</LOCAL_GeoNetPT02>  
Acidente faz três mortos e vinte feridos
Três mortos e vinte feridos, dos quais um em estado grave, foi o resultado do acidente que ocorreu ontem, pelas 4h50 da madrugada, na EN 1, em <LOCAL_GeoNetPT02 f_id="169227" t_id="LOC:ADM">Leiria</LOCAL_GeoNetPT02>, envolvendo um autocarro de passageiros e dois motociclos.
 Sérgio Fidalgo Ribeiro, Isabel Oliveira Santos e Nelson Toni Tavares Sousa são as vítimas mortais, enquanto João Paulo Santos Ervilha se encontra internado em estado grave numa unidade hospitalar em <LOCAL_GeoNetPT02 f_id="92458" t_id="LOC:ADM">Coimbra</LOCAL_GeoNetPT02>.
Estas vítimas, com idades compreendidas entre os 18 e os 21 anos, residentes em localidades próximas de <LOCAL_GeoNetPT02 f_id="275093" t_id="LOC:ADM">Leiria</LOCAL_GeoNetPT02>, circulavam em dois motociclos, no sentido Sul-Norte, quando foram colhidos pelo autocarro.
O pesado de passageiros deslocava-se com destino à região de <LOCAL_GeoNetPT02 f_id="371672" t_id="LOC:ADM">Setúbal</LOCAL_GeoNetPT02> quando ficou fora de controle devido a uma travagem forçada, acabando por capotar e cair num precipício situado no sentido contrário à via em que circulava.
No autocarro viajavam os membros do rancho folclórico Praias do Sado , entre os quais se verificaram 19 feridos ligeiros, assistidos no Hospital Distrital de <LOCAL_GeoNetPT02 f_id="3964" t_id="DST:ADM">Leiria</LOCAL_GeoNetPT02>.
De acordo com os dados da divisão de trânsito da PSP, o desastre verificou-se depois do condutor de uma viatura ligeira que seguia à frente do autocarro ter reduzido o andamento para, aparentemente, assistir aos trabalhos de remoção de dois outros veículos que haviam embatido pouco tempo antes no local.</text>
</root>
