<?xml version="1.0" encoding="utf-8"?>
<root>
  <title>PUBLICO-19950104-048</title>
  <text>
Prosseguindo a iniciativa da Câmara Municipal de <LOCAL_GeoNetPT02 f_id="21" t_id="CON:ADM">Almada</LOCAL_GeoNetPT02>, « Vamos Cantar as Janeiras - Do Natal aos Reis em Coro », o Grupo Etnográfico da <LOCAL_GeoNetPT02 f_id="477" t_id="FRG:ADM">Cova da Piedade</LOCAL_GeoNetPT02> actua, às 20h em <LOCAL_GeoNetPT02 f_id="473" t_id="FRG:ADM">Cacilhas</LOCAL_GeoNetPT02>, à saída dos barcos, prosseguindo a sua actuação pelos restaurantes da zona.
</text>
</root>
