<?xml version="1.0" encoding="utf-8"?>
<root>
  <title>PUBLICO-19950106-129</title>
  <text>Vereador de <LOCAL_GeoNetPT02 f_id="284" t_id="CON:ADM">Sintra</LOCAL_GeoNetPT02> não aceita decisão do PSD
Rui Silva sem pelouros
A presidente da    Câmara de <LOCAL_GeoNetPT02 f_id="284" t_id="CON:ADM">Sintra</LOCAL_GeoNetPT02>, Edite Estrela, retirou na quarta-feira as competências atribuídas ao vereador social-democrata Rui Silva.
A autarca socialista antecipou-se à intenção dos vereadores do     PSD de entregarem os pelouros que detêm na autarquia.
No entanto, o vereador Viegas Palma, do     PSD, adiantou ao PÚBLICO que não renunciará, afrontando a decisão « laranja » apoiada pela  Distrital de <LOCAL_GeoNetPT02 f_id="3965" t_id="DST:ADM">Lisboa</LOCAL_GeoNetPT02>.
Edite Estrela assinou na quarta-feira um despacho a revogar as competências delegadas em Rui Silva, invocando a ausência de « articulação » entre o vereador e a presidência, situação que poria em causa uma « política consensual » entre os pelouros.
A presidente retirou-lhe ainda o estatuto de vereador em regime de permanência, o que se traduzirá na perda do vencimento.
Rui Silva detinha a Divisão de Educação, depois de ter abandonado, em Novembro, o Gabinete de Apoio à   Juventude.
A situação acentuou as divergências entre ambos, ao ponto de Edite Estrela ter comunicado ao secretário-geral do     PSD, Nunes Liberato, que uma eventual retirada de pelouros a este vereador não teria a ver com razões partidárias, mas apenas de ordem pessoal.
Apesar do despacho, Rui Silva subscreveu ontem o convite para uma conferência de imprensa, a realizar hoje em <LOCAL_GeoNetPT02 f_id="240249" t_id="LOC:ADM">Sintra</LOCAL_GeoNetPT02>, « onde os vereadores do     PSD irão comunicar as razões que os levam a procederem à entrega dos pelouros que detêm na Câmara Municipal de <LOCAL_GeoNetPT02 f_id="284" t_id="CON:ADM">Sintra</LOCAL_GeoNetPT02> ».
A decisão de abandono saiu de uma reunião, na quarta-feira à noite, de Rui Silva e Estrela Ribeiro ( vereador sem competências ) com as secções do concelho, tendo faltado Cardoso Martins, da secção de <LOCAL_GeoNetPT02 f_id="3068" t_id="FRG:ADM">Rio de Mouro</LOCAL_GeoNetPT02>, e o vereador Viegas Palma.
António Rodrigues, da secção de <LOCAL_GeoNetPT02 f_id="3067" t_id="FRG:ADM">Queluz</LOCAL_GeoNetPT02> e da  Distrital de <LOCAL_GeoNetPT02 f_id="146" t_id="CON:ADM">Lisboa</LOCAL_GeoNetPT02>, estrutura que apoia a decisão, acusou a presidente da    Câmara de « tentar fazer uma jogada de antecipação ao tomar conhecimento de que o     PSD ia entregar os pelouros ».
Contudo, hoje o     PSD não terá nada para entregar a Edite Estrela, pois Viegas Palma assegurou que não vai « renunciar » ao seu pelouro, « para defesa do bom nome do     PSD e por discordar do comportamento pessoal do vereador Rui Silva ».
Sobre as consequências da sua atitude, apenas referiu que « o     PSD tem estatutos, e depois logo se vê ».</text>
</root>
