<?xml version="1.0" encoding="utf-8"?>
<root>
  <title>PUBLICO-19940404-044</title>
  <text>
À descoberta das Descobertas e de novo assentando os pés na Rosa dos Ventos, que em <LOCAL_GeoNetPT02 f_id="1726" t_id="LOC:ADM">Belém</LOCAL_GeoNetPT02> foi recentemente restaurada, o avô explica ao neto onde fica a <LOCAL_GeoNetPT02 f_id="3953" t_id="ILH:ADM">Madeira</LOCAL_GeoNetPT02> e quando lá chegaram os navegadores portugueses.
O que talvez não saiba explicar é porque é que, após um trabalho tão meticuloso e apurado como foi o da substituição e reconstituição dos diversos mármores ali empregues -- degradados pela passagem de motos e skates -- se notam já, na superfície em pedra, umas manchas claras e outras escuras.
O restauro, oferecido pela República da África do Sul a <LOCAL_GeoNetPT02 f_id="196518" t_id="LOC:ADM">Lisboa</LOCAL_GeoNetPT02>, era para ter terminado em Março, mas a pressa da   Câmara em mostrar aos patrocinadores o trabalho feito, levou a antecipar por uns dias a abertura ao público da Rosa dos Ventos.
Durante o restauro, havia sido utilizado na junção das pedras um produto para endurecimento das colas que obrigava a três dias de repouso.
Mas mal o trabalho foi terminado pelos canteiros Justino de Sousa e Eduardo Moreso, os tapumes que rodeavam a obra foram retirados, sem respeitar o devido descanso da pedra, que a breve trecho foi pisada.
Por isso, esta semana, as máquinas que já antes haviam aplanado a superfície restaurada, vão voltar ao local, para limpar outra vez a Rosa dos Ventos.</text>
</root>
