<?xml version="1.0" encoding="utf-8"?>
<root>
  <title>PUBLICO-19950104-076</title>
  <text>CC do PCP
Crise social primeiro, crise política depois
A « gravíssima deterioração da situação social no nosso país » é o assunto em destaque no comunicado emitido ontem após a reunião da Comissão Política do Comité Central do PCP.
Os comunistas vêem na « combativa luta » dos trabalhadores da empresa vidreira Manuel Pereira Roldão, dos mineiros do <LOCAL_GeoNetPT02 f_id="10769" t_id="OUT:ADM">Pejão</LOCAL_GeoNetPT02> e dos operários da Grundig sinais não só do « amplo descontentamento com a política do Governo », como também sintomas da « crescente consciência do papel da acção colectiva ».
Já citada no ponto um do comunicado, a <LOCAL_GeoNetPT02 f_id="173679" t_id="LOC:ADM">Marinha Grande</LOCAL_GeoNetPT02> volta a aparecer no ponto dois, agora para ilustrar « o problema da utilização pelo Governo do PSD das forças de segurança como instrumento de repressão contra as legítimas lutas sociais e políticas ».
No ponto seguinte aparece a referência à compra do Banco Totta &amp; Açores  por António Champalimaud, apresentada como consequência da « política anti-social do Governo, de inspiração neo-liberal » e evidência do « ostensivo favorecimento do grande capital ».
O caso do Totta volta aliás a ser citado a propósito do « negocismo especulativo que tem rodeado todo o processo de privatizações ».
A crise política fica para o último ponto do comunicado, onde as críticas se repartem entre o     PSD e o  PS.
O     PSD por tentar « desviar as atenções dos portugueses dos verdadeiros problemas do país » e « ganhar tempo à espera de uma « vaga de fundo » que lhe permita ultrapassar o ambiente de descrédito e de divisão em que mergulhou ».
O  PS por « conivência », ao « subordinar o interesse nacional à obtenção de duvidosas vantagens de natureza eleitoral ».
A encerrar, a exigência de clarificação e a disponibilidade para a « construção de uma alternativa democrática ».
<LOCAL_GeoNetPT02 f_id="173679" t_id="LOC:ADM">Marinha Grande</LOCAL_GeoNetPT02> na AR
O deputado João Amaral vai inaugurar a participação parlamentar do PCP em 1995 com uma intervenção sobre os acontecimentos na <LOCAL_GeoNetPT02 f_id="173679" t_id="LOC:ADM">Marinha Grande</LOCAL_GeoNetPT02>, dando eco a uma das preocupações manifestadas na Comissão Políticade ontem ..
No plenário de amanhã, Amaral vai sustentar, a propósito do comportamento da polícia na <LOCAL_GeoNetPT02 f_id="173679" t_id="LOC:ADM">Marinha Grande</LOCAL_GeoNetPT02>, que o Governo montou « um aparelho policial repressivo com contornos anti-democráticos para atingir os direitos dos trabalhadores ».
Esperam-se ainda críticas directas ao ministro da Administração Interna, Dias Loureiro, e a defesa de uma intervenção directa do Estado no sentido de resolver a situação dos vidreiros da empresa
Manuel Pereira Roldão.</text>
</root>
