<?xml version="1.0" encoding="utf-8"?>
<root>
  <title>PUBLICO-19950104-077</title>
  <text>Narana reúne com deputados e pode abandonar liderança do CDS na AR
Monteiro volta às eleições antecipadas
Manuel Monteiro voltou ontem a defender a antecipação das eleições, ao reagir à mensagem de ano novo de Soares, a quem apelou para que « esteja consciente das suas responsabilidades e saiba actuar em estrita consonância com elas ».
Monteiro  sustentou que é um « imperativo nacional » que « os portugueses sejam chamados a escolher um novo Governo, vontade que em democracia só é traduzível pela realização de eleições ».
Isto porque, « o Chefe de Estado que disse o que disse em entrevista ao « Diário de Notícias » não tomou nenhuma atitude consequente com as suas críticas ».
Considerando que « estas atitudes são, no mínimo, lamentáveis », Monteiro  concluiu que se perdeu « o sentido de Estado » e « o país está a ser conduzido em função de rivalidades pessoais e de estratégias puramente partidárias ».
Tudo porque o sistema político « está viciado » e « <LOCAL_GeoNetPT02 f_id="418745" t_id="PAI:ADM">Portugal</LOCAL_GeoNetPT02> está sem Governo », como provam « os acontecimentos quase diários de encerramento de empresas, de falências e de trabalhadores sem salário e sem emprego, de protestos e contra-protestos ».
Ou seja, « não há resposta para nada ou para quase nada » porque o «     PSD não sabe se o seu líder quer ou não continuar a sê-lo ».
Para Monteiro , porém, não é apenas o     PSD que está à espera de Cavaco, Mário Soares também.
Classificou de « incompreensível » que o Presidente não tenha exigido ao primeiro-ministro que esclarecesse se « tenciona ou não cumprir o seu mandato até ao fim ».
É o endurecimento do    CDS-PP face ao conflito institucional.
Já há cerca de um mês Monteiro  defendera que seria « melhor devolver a palavra ao povo » se não houvesse uma clarificação do relacionamento institucional.
Depois o Conselho Nacional -- onde o presidente dos populares garantiu que não tinha pedido a antecipação das eleições -- concluiu pela necessidade de dar um prazo.
Agora, depois da mensagem de ano novo de Mário Soares, conclui que, afinal não há saída.
Uma declaração inesperada, numa conferência de imprensa onde Manuel Monteiro tentou passar ao lado do facto de o deputado centrista Nogueira de Brito  ir hoje renunciar ao seu mandato de deputado, no qual deverá ser substituído por Monteiro  de Castro.
Evitando grandes comentários, Monteiro  limitou-se a afirmar que tem « por hábito respeitar as decisões pessoais » e apenas acrescentou que a manutenção ou não do convite por si dirigido a Nogueira de Brito  para voltar a encabeçar a lista por <LOCAL_GeoNetPT02 f_id="64" t_id="CON:ADM">Braga</LOCAL_GeoNetPT02> « será assunto a ser obviamente discutido no grupo de trabalho » encarregado de elaborar as listas.
A renúncia de Nogueira de Brito  é um abandono de peso, que poderá vir a fazer a fazer correr sangue no CDS.
Com esta saída, Narana Coissoró põe em dúvida a sua continuidade como líder parlamentar e, segundo o próprio afirmou ao PÚBLICO, deverá levantar esta questão numa conversa com os deputados a decorrer já amanhã.
Narana considera que a operacionalidade da bancada sofre um duro golpe, pelo que se « não tiver condições para liderar um grupo parlamentar minimamente operacional » terá de tirar « todas as consequências » do caso.
Deseja assim sondar a disponibilidade de Adriano Moreira e Manuel Queiró, os deputados mais experientes, para um maior empenhamento no dia a dia da AR, numa altura em que as relações entre o Grupo Parlamentar e a direcção do partido voltam a revelar fragilidades difíceis de tornear.</text>
</root>
