<?xml version="1.0" encoding="utf-8"?>
<root>
  <title>PUBLICO-19940401-012</title>
  <text>
 Medicina Lusitana 
 Quem foram os Lusitanos e o que era a Lusitânia?
É a esta pergunta que pretende dar resposta o curso de três dias promovido pela Fundação Convento da <LOCAL_GeoNetPT02 f_id="109777" t_id="LOC:ADM">Orada</LOCAL_GeoNetPT02>, em <LOCAL_GeoNetPT02 f_id="116861" t_id="LOC:ADM">Monsaraz</LOCAL_GeoNetPT02>, de 8 a 10 de Abril, que tem como tema central as práticas de medicina primitiva nesta área geográfica.
 Artes mágicas, práticas religiosas e cirurgia eram as três vias utilizadas para combater as doenças, cuja causa era considerada sobrenatural.
A experiência dos que tinham estado doentes e se curaram também era importante, por isso os enfermos eram, muitas vezes, expostos na rua.
As águas minerais também eram utilizadas.
Até ao aparecimento do Código Visigótico, redigido no reinado de Alarico II, eram as práticas empíricas que reinavam, transmitidas oralmente.
Só na Idade Média, na época de D. Sancho I, no século XII, se desenvolveram os estudos das artes e das ciências.
Este curso é coordenado por João Rosado Correia Alçada Cardoso.
Morreu Bill Travers O actor britânico Bill Travers -- para quem se lembra de « Uma Leoa Chamada Elsa » / « Born Free », em 1966 ...
-- morreu na semana passada na sua casa de Dorking, sul de Inglaterra, com 72 anos.
A notícia foi divulgada pela Fundação Born Free para a defesa dos animais de que Travers era presidente.
Travers e a mulher, a actriz Jill McKenna, viveram em « Uma Leoa Chamada Elsa » as aventuras do casal George e Joy Adamson no Quénia e a sua relação com os leões -- Joy e George morreriam violentamente na selva africana, a primeira em 1980, o segundo nove anos depois.
Após o filme, os Travers passaram a dedicar a sua vida às campanhas contra a manutenção de animais selvagens em jardins zoológicos.
</text>
</root>
