<?xml version="1.0" encoding="utf-8"?>
<root>
  <title>PUBLICO-19950104-061</title>
  <text>Taxistas protestam em <LOCAL_GeoNetPT02 f_id="371672" t_id="LOC:ADM">Setúbal</LOCAL_GeoNetPT02>
Mais de uma centena de taxistas vão concentrar-se esta manhã, na baixa de <LOCAL_GeoNetPT02 f_id="371672" t_id="LOC:ADM">Setúbal</LOCAL_GeoNetPT02>, para participarem num desfile de solidariedade para com o taxista António Rodrigues, de 62 anos de idade, abatido a tiro na segunda-feira, em pleno serviço.
A morte do taxista, o mais grave incidente registado na praça de <LOCAL_GeoNetPT02 f_id="371672" t_id="LOC:ADM">Setúbal</LOCAL_GeoNetPT02> nos últimos anos, consternou a classe, e motivou « apreensão generalizada », disse ao PÚBLICO uma operadora da      Central de Táxis de <LOCAL_GeoNetPT02 f_id="371672" t_id="LOC:ADM">Setúbal</LOCAL_GeoNetPT02>, a associação que congrega os cerca de 50 taxistas da cidade do sado.
O funeral da vítima terá lugar pelas 10h00 e a concentração deverá ocorrer após a cerimónia, em simultâneo com uma paralização de uma hora dos taxistas da cidade.
Aos profissionais de <LOCAL_GeoNetPT02 f_id="371672" t_id="LOC:ADM">Setúbal</LOCAL_GeoNetPT02> deverão juntar-se colegas oriundos da <LOCAL_GeoNetPT02 f_id="354749" t_id="LOC:ADM">Moita</LOCAL_GeoNetPT02>, <LOCAL_GeoNetPT02 f_id="358208" t_id="LOC:ADM">Palmela</LOCAL_GeoNetPT02>, <LOCAL_GeoNetPT02 f_id="357631" t_id="LOC:ADM">Águas de Moura</LOCAL_GeoNetPT02>, <LOCAL_GeoNetPT02 f_id="358521" t_id="LOC:ADM">Pinhal Novo</LOCAL_GeoNetPT02> e de muitas outras praças das redondezas da cidade.
De acordo com uma fonte da Inspecção de Setúbal da PJ, cujos agente continuavam, ontem, em trabalho de investigação, o homicídio poderá ter-se verificado após o último serviço do taxista, no Bairro Afonso Costa , junto ao Clube Desportivo O Independente.
A mesma fonte sublinhou não ter sido ainda afastada a hipótese de ligação entre a morte de António Rodrigues e a chamada registada na central de táxis de <LOCAL_GeoNetPT02 f_id="371672" t_id="LOC:ADM">Setúbal</LOCAL_GeoNetPT02>, por volta das 12 horas da tarde, feita por uma voz feminina.
Segundo relato da operadora de serviço, a utente insistiu « por várias vezes » no sentido de pretender os serviços do móvel 43, propriedade da vítima há cerca de ano e meio, altura em que este começou a exercer a actividade, ao abrigo de um concurso público para oito novos táxis para a praça de <LOCAL_GeoNetPT02 f_id="371672" t_id="LOC:ADM">Setúbal</LOCAL_GeoNetPT02>.
A autópsia efectuada ontem de manhã confirmou a perfuração, por um tiro à queima-roupa, de um único projéctil.
O corpo de António Rodrigues foi encontrado junto ao cemitério de Aljeruz , perto da 13 horas de segunda-feira, e a viatura só mais tarde foi localizada, por volta das 17 horas, na Rua de Goa , Bairro do Liceu , na zona oposta ao local para onde o táxi havia sido solicitado.
Entre os colegas de António Rodrigues, a hipótese mais verosímil prende-se com uma eventual tentativa de assalto, na medida em que, segundo afirmam, o taxista « não era homem para se ficar ».
Raul Tavares</text>
</root>
