<?xml version="1.0" encoding="utf-8"?>
<root>
  <title>PUBLICO-19950105-082</title>
  <text><LOCAL_GeoNetPT02 f_id="1720" t_id="FRG:ADM">Penha de França</LOCAL_GeoNetPT02>  ganha residência para idosos
O município de <LOCAL_GeoNetPT02 f_id="146" t_id="CON:ADM">Lisboa</LOCAL_GeoNetPT02> vai entregar a gestão de uma residência para idosos construída na <LOCAL_GeoNetPT02 f_id="1720" t_id="FRG:ADM">Penha de França</LOCAL_GeoNetPT02> ao centro social e paroquial da freguesia.
A cedência, gratuita, é por 15 anos, automaticamente renováveis por prazo a acordar entre as duas entidades.
Constituída por 15 fogos T1, a residência foi construída com projecto elaborado pela EPUL,  Empresa Pública de Urbanização de Lisboa.
A residência servirá para « habitação de pessoas idosas », que serão apoiadas no seu dia a dia pelo centro social -- uma instituição que já dá aos idosos através do seu centro de dia e do apoio domiciliário a idosos, designadamente a grandes dependentes.
O funcionamento da residência vai ser acompanhado por um « conselho consultivo » em que terão assento representantes do Centro Social e Paroquial da <LOCAL_GeoNetPT02 f_id="1720" t_id="FRG:ADM">Penha de França</LOCAL_GeoNetPT02>, do pelouro da Acção Social da Câmara Municipal, da Junta de Freguesia da <LOCAL_GeoNetPT02 f_id="1720" t_id="FRG:ADM">Penha de França</LOCAL_GeoNetPT02> e dos utentes do equipamento.
Este órgão reunirá de três em três meses ou sempre que for convocado pelo elemento que representa o centro social, que presidirá.
A assinatura do protocolo de transferência da residência de idosos para o centro social está marcada para sábado e deverá contar com a presença do presidente da    Câmara, Jorge Sampaio.</text>
</root>
