<?xml version="1.0" encoding="utf-8"?>
<root>
  <title>PUBLICO-19940402-053</title>
  <text>
Médicos « versus » eficácia Quando das comemorações do seu primeiro aniversário de emissão, a TVI entrevistou o primeiro-ministro Cavaco Silva e foi com agrado que se lhe ouviu afirmar que está na mão do médico a decisão de requisitar ou não exames complementares de diagnóstico que ficam muito caros.
O contexto ou a intenção dessa afirmação são irrelevantes por não influenciarem em nada o que está implícito na referida afirmação: o reconhecimento do « poder médico ».
Não sei se o referido « poder » alguma vez terá constituído motivo de reflexão para a generalidade dos nossos concidadãos.
Raramente, no entanto, terá sido publicamente reconhecido.
Muito menos, por alguém com tanta responsabilidade política em <LOCAL_GeoNetPT02 f_id="418745" t_id="PAI:ADM">Portugal</LOCAL_GeoNetPT02>.
Esse poder está intrinsecamente ligado à natureza da medicina que, apesar dos seus progressos, não obedece a algoritmos rígidos e implica uma grande liberdade de acção, sempre no mais completo respeito das regras de ética e deontologia profissionais.
É um poder natural e necessário, de tal modo indissociável do estado da arte que não pode, em qualquer circunstância, ser alienado sem que daí possam resultar graves prejuízos para os serviços assistenciais que o médico presta.
Assim, é evidente que ninguém pode impor ao médico a medicina « mais económica » que ele deve praticar.
O « poder médico » é inalienável e a medicina normativa impossível.
Praticar uma medicina de qualidade, como todos desejamos, impõe uma boa preparação científica e um constante esforço de análise custo-benefício, na utilização de meios de diagnóstico e terapêuticos.
Esforço que, diga-se de passagem, a actual organização e o sistema de remuneração do trabalho médico de forma alguma estimula.
A eficácia económica do médico terá que ser entendida, portanto, como uma componente da qualidade dos cuidados assistenciais.
Ainda existe em <LOCAL_GeoNetPT02 f_id="418745" t_id="PAI:ADM">Portugal</LOCAL_GeoNetPT02> o conceito de que às administrações das unidades de saúde compete administrar e dirigir as mesmas e aos médicos simplesmente tratar os doentes.
Mas a realidade dos factos, como reconheceu o primeiro-ministro, é que são estes que detêm o poder de decidir, directa ou indirectamente, o essencial das despesas globais.
  Vem isto a propósito da necessidade -- por todos reconhecida -- de uma preocupação constante dos médicos com a qualidade dos serviços que prestam e, portanto, com a sua própria eficácia económica.
É que, pese embora a má gestão de algumas unidades de saúde e o reconhecimento do « subfinanciamento crónico » de todas elas, o problema de fundo com que nos debatemos na Saúde é bem mais complicado: o que de facto está em causa são os seus custos que, em todo o mundo, têm aumentado muito mais do que o crescimento económico global dos respectivos países.
E isto significa que, mantendo-se o actual « status » dos nossos serviços de saúde, qualquer orçamento será sempre escasso e gerador de novos e mais substanciais orçamentos.
Ou seja, o « subfinanciamento crónico » continuará a sê-lo.
A intenção de moderar as despesas, recorrendo ao sistema da atribuição de « orçamentos globais » para as diversas unidades de saúde, limitando-os, não resultou até hoje.
Nem resultará nunca, enquanto se adoptarem este tipo de soluções, dependentes exclusivamente das esferas administrativas das unidades de saúde.
Porque, como já afirmei, o « poder médico » é inalienável e a medicina normativa impossível.
Entretanto, moderar despesas sem controlo de garantia de qualidade dos cuidados médicos prestados, será sempre potencialmente atentatório dos interesses dos doentes.
(...
) Nuno Morujão ( dirigente da Delegação Norte do Sindicato Independente dos Médicos ) <LOCAL_GeoNetPT02 f_id="290154" t_id="LOC:ADM">Porto</LOCAL_GeoNetPT02>
</text>
</root>
