<?xml version="1.0" encoding="utf-8"?>
<root>
  <title>PUBLICO-19950104-044</title>
  <text>Associações do <LOCAL_GeoNetPT02 f_id="12" t_id="NT2:ADM">Alentejo</LOCAL_GeoNetPT02> querem reforços do Leader II
As perspectivas para a execução do programa Leader II no <LOCAL_GeoNetPT02 f_id="12" t_id="NT2:ADM">Alentejo</LOCAL_GeoNetPT02> apontam para « um investimento global que se situa claramente abaixo das necessidades », consideram as associações alentejanas candidatas ao programa.
As associações estimam em cinco milhões de contos o investimento do programa no <LOCAL_GeoNetPT02 f_id="12" t_id="NT2:ADM">Alentejo</LOCAL_GeoNetPT02>, durante os próximos cinco anos, o que representa cerca de 12 por cento do total nacional, segundo João Andrade Santos, da associação Trilho, de <LOCAL_GeoNetPT02 f_id="111074" t_id="LOC:ADM">Évora</LOCAL_GeoNetPT02>.
Por isso, as associações defendem « um reforço substancial » do investimento, apontando para os 10 milhões de contos, ou seja, o dobro do estimado.
E isto, salientou a mesma fonte, tendo em conta « as características eminentemente rurais do <LOCAL_GeoNetPT02 f_id="12" t_id="NT2:ADM">Alentejo</LOCAL_GeoNetPT02>, que cobre um terço do território nacional ».</text>
</root>
