<?xml version="1.0" encoding="utf-8"?>
<root>
  <title>PUBLICO-19950105-091</title>
  <text>Criança violada em <LOCAL_GeoNetPT02 f_id="51007" t_id="LOC:ADM">Esposende</LOCAL_GeoNetPT02>
Um homem, de 23 anos, trabalhador dum parque de diversões, foi detido ontem pela  GNR de <LOCAL_GeoNetPT02 f_id="51007" t_id="LOC:ADM">Esposende</LOCAL_GeoNetPT02>, acusado de ter violado uma menor, de sete.
O tribunal de <LOCAL_GeoNetPT02 f_id="41477" t_id="LOC:ADM">Barcelos</LOCAL_GeoNetPT02> confirmou a prisão, pelo que o suspeito vai ficar detido preventivamente até à data de julgamento.
A criança foi submetida a uma intervenção cirúrgica, em consequência dos ferimentos sofridos, mas encontra-se livre de perigo e regressou já a casa.
A  GNR foi alertada cerca das 19h00 de anteontem para o desaparecimento da criança, pela própria mãe, alarmada com a sua ausência prolongada.
A Guarda  organizou de imediato uma busca pelas imediações da casa, mas só cerca da 1h00 viria a descobrir a menina, num beco isolado, a cerca de 500 metros da residência, dentro de um automóvel abandonado.
No carro estava também o presumível violador que foi detido, sem oferecer resistência.
A criança apresentava ferimentos na zona genital e foi transportada o Hospital de <LOCAL_GeoNetPT02 f_id="41477" t_id="LOC:ADM">Barcelos</LOCAL_GeoNetPT02>, onde viria a ser submetida a uma intervenção cirúrgica que decorreu sem complicações.
O detido trabalhava há cerca de oito dias num parque de diversões instalado em <LOCAL_GeoNetPT02 f_id="51007" t_id="LOC:ADM">Esposende</LOCAL_GeoNetPT02> e não terá fornecido à  GNR qualquer explicação para o acto que tudo indica terá praticado.</text>
</root>
