<?xml version="1.0" encoding="utf-8"?>
<root>
  <title>PUBLICO-19950106-013</title>
  <text><LOCALIMPLICITO f_id="418745" t_id="PAI:ADM">Portugal</LOCALIMPLICITO>  Universidade Católica dedica colóquio a Teixeira de Pascoaes
O mago de Amarante
A Universidade Católica inicia hoje, no <LOCAL_GeoNetPT02 f_id="290154" t_id="LOC:ADM">Porto</LOCAL_GeoNetPT02>, um colóquio de três dias sobre Teixeira de Pascoaes, que incluirá uma visita, amanhã, ao solar de <LOCAL_GeoNetPT02 f_id="550" t_id="FRG:ADM">Gatão</LOCAL_GeoNetPT02>, nos arredores de Amarante, onde o poeta viveu e morreu.
Com cerca de meia centena de oradores inscritos, este encontro vem ressuscitar o interesse por uma obra que tem sido estranhamente desatendida pelo ensaísmo actual.
Se pensarmos na proliferação de estudos em torno da obra de Fernando Pessoa, ou mesmo na atenção que têm merecido autores como Cesário, Nobre, Pessanha ou Sá-Carneiro, não será excesso afirmar que Teixeira de Pascoaes é hoje um escritor relativamente esquecido.
Por isso mesmo se reveste de particular importância o colóquio que a  Universidade Católica decidiu dedicar-lhe.
Os trabalhos, participados por meia centena de conferencistas, inauguram-se esta manhã no <LOCAL_GeoNetPT02 f_id="290154" t_id="LOC:ADM">Porto</LOCAL_GeoNetPT02> e decorrerão até domingo, estando prevista uma passagem pela terra natal do poeta, Amarante, e uma visita ao Solar de Pascoaes, em <LOCAL_GeoNetPT02 f_id="550" t_id="FRG:ADM">Gatão</LOCAL_GeoNetPT02>.
Desde a homenagem que a Academia de Coimbra  lhe prestou em 1951, e que resultou num volume participado pelos mais significativos escritores portugueses de então, Pascoaes, que morreria logo no ano seguinte, com 85 anos, só voltou a ser objecto de iniciativas públicas em 1977, por ocasião do centenário do seu nascimento.
Devem assinalar-se, é certo, algumas excepções à estranha indiferença que tem vindo a assentar sobre esta obra, enaltecida em vida do seu autor e consagrada na Europa do seu tempo.
No plano editorial, destaca-se a iniciativa da Assírio &amp; Alvim, que meteu ombros à tarefa de reeditar os livros há muito esgotados de Pascoaes.
Nos terrenos da crítica, ressaltam as vozes desses autores que, reclamando-se herdeiros da « Renascença Portuguesa », nunca negaram tributo ao fundador do movimento: o recém-falecido António Quadros, Agostinho da Silva , Dalila Pereira da Costa, Afonso Botelho, entre muitos outros.
E mesmo alguns autores manifestamente distantes do ideário saudosista, como Jorge de Sena e Mário Cesariny, têm prestado justiça ao valor do poeta de Amarante.
Sena antologiou-lhe a obra poética e chamou a atenção para a modernidade dos seus « Últimos Versos », editados postumamente em 1953;
Cesariny, também ele antologiador de poemas e aforismos de Pascoaes, lança este aviso à navegação:
« Detestados pelos líricos de trazer e trazerem-se por casa, os verdadeiros poetas nunca estarão próximos nem de si-mesmos, nem do alvo para que tendem, nem da outridade dos outrens, dos não-poetas ».
E fazendo ver a irrelevância do silêncio que provisoriamente se abate sobre esta obra, acrescenta:
« Ter morrido há cem anos ou há dez minutos pouco conta nesta soma.
Pascoaes ri do ano e do dia do seu nascimento quando diz: « Joaquim, eis o meu epitáfio '».
Joaquim, de seu nome completo Joaquim Pereira Teixeira de Vasconcelos e de seu nome poético Teixeira de Pascoaes, nasceu em 1877 no solar da família, em <LOCAL_GeoNetPT02 f_id="550" t_id="FRG:ADM">Gatão</LOCAL_GeoNetPT02>, nos arredores de Amarante.
Seu pai era uma figura pública da monarquia, amigo de João Franco.
Cumpridos os estudos liceais em Amarante, Pascoaes formou-se em Direito em <LOCAL_GeoNetPT02 f_id="92458" t_id="LOC:ADM">Coimbra</LOCAL_GeoNetPT02> e, durante alguns anos, advogou no <LOCAL_GeoNetPT02 f_id="290154" t_id="LOC:ADM">Porto</LOCAL_GeoNetPT02>, mas em breve se refugiaria em <LOCAL_GeoNetPT02 f_id="550" t_id="FRG:ADM">Gatão</LOCAL_GeoNetPT02>, onde viveu a maior parte da sua vida, contemplando o <LOCAL_GeoNetPT02 f_id="53075" t_id="SER:PHY">Marão</LOCAL_GeoNetPT02> e as águas do Tâmega .
Já por estes últimos anos da monarquia, abraçara publicamente o ideário republicano e liberal.
E o seu primeiro livro de poemas de reconhecida qualidade -- « Sempre » ( 1897 ) -- viera a lume quando era ainda estudante universitário.
O destino deste volume, que teve mais três edições até 1923, mostra bem que Pascoaes foi, desde cedo, um poeta efectivamente lido pelos seus conterrâneos.
Em 1911, funda, com Leonardo e Jaime Cortesão, o movimento da « Renascença Portuguesa », assume a direcção da revista « A Águia », que manterá até 1917, e torna-se o mentor do saudosismo, doutrina de uma saudade futurante, onde todos os contrários se entrelaçam no êxtase de uma visão propriamente poética.
Porque « a sensibilidade poética -- escreve -- vibra, como nenhuma outra, ao contacto da Realidade e a conhece, por assim dizer, em primeira mão ».
A saudade de Pascoaes, que alguns já aproximaram do « eterno retorno » nietzscheano, é uma faculdade que concede à alma esse dom do Janus mitológico, cujas duas faces contemplavam o passado e o futuro.
« Só o sentimento saudoso identifica o homem ao Universo, porque a Lembrança prende-o a tudo o que passou, e a Esperança a tudo o que há-de vir ».
Ao longo do primeiro quartel do século, Pascoaes publica uma impressionante quantidade de obras, entre as quais poderemos destacar « Senhora da Noite » ( 1909 ) -- que Sena e Eduardo Lourenço consideraram, respectivamente, « um dos mais esplêndidos poemas da língua portuguesa » e « um dos mais ardentes e sumptuosos poemas eróticos da nossa literatura » --, « Marânus », « Regresso ao Paraíso », « Elegias », « O Doido e a Morte », « Verbo Escuro », « Arte de Ser Português », « Os Poetas Lusíadas », « Cantos Indecisos » e « Cânticos ».
Nos anos 30 e 40, vai dedicar-se às biografias de S. Paulo, S. Jerónimo, Santo Agostinho, Camilo ( « O Penitente » ) e Napoleão.
Em 1950, publica a novela « O Empecido ».
No ano da sua morte, prepara a edição de « Últimos Versos », que apenas sairá em 1953 e a que se seguirá a edição póstuma de « Dispersos ».
Entretanto, refundira o essencial da sua obra poética, sendo a última versão a das obras completas que começaram a sair ainda em vida do poeta, com organização de Jacinto do Prado Coelho, e que ficariam inconclusas.
Aclamado no país e traduzido nas principais línguas do Ocidente -- « S. Paulo » teve três edições sucessivas na     Holanda --, Pascoaes foi comparado, por críticos europeus, a Wordsworth, a Shelley, ao irlandês Yeats.
Cesariny conta que « um soldado alemão, agonizando no campo de batalha [ na verdade era um oficial inglês ferido nos campos da Flandres ], deixou a um companheiro o seguinte recado: « Diz ao poeta Teixeira de Pascoaes que morri a pensar nele '».
Mas Pascoaes também provocou reservas a alguns seus contemporâneos, designadamente a dois ex-colaboradores da « Renascença », António Sérgio, para quem o saudosismo era uma anedota indigna da qualidade poética do seu promotor, e Pessoa, que, após os elogios que lhe dispensara em 1912, sempre o ignorou.
Pascoaes, é certo, pagou-lhe na mesma moeda, louvando-lhe o talento crítico e menorizando-o enquanto poeta.
Pouco aproxima, de facto, ao menos na aparência, o torrencial Pascoaes e esse Pessoa que admirava em Milton o rigor da construção poética.
Mas foram irmãos em algumas coisas, na mútua recusa da vida social, sacrificada a uma missão de que ambos se sentiram investidos, na atenção ao mistério que as coisas encobrem, na concepção da poesia como via privilegiada do conhecimento verdadeiro.
 Luís Miguel Queirós</text>
</root>
