<?xml version="1.0" encoding="utf-8"?>
<root>
  <title>PUBLICO-19950108-051</title>
  <text><LOCAL_GeoNetPT02 f_id="358208" t_id="LOC:ADM">Palmela</LOCAL_GeoNetPT02> 
Um orçamento da CDU
Os deputados municipais do  PS e do     PSD rejeitaram o orçamento, no valor de cerca de quatro milhões de contos, e plano de actividades da    Câmara de <LOCAL_GeoNetPT02 f_id="210" t_id="CON:ADM">Palmela</LOCAL_GeoNetPT02> para 1995, que foi aprovado apenas com os votos da maioria da  CDU.
Metade do Orçamento destina-se a despesas correntes, suscitando criticas da oposição, que as consideram exageradas, nomeadamente as despesas com pessoal ( mais de um milhão de contos ).
O orçamento prevê obras como a construção do pavilhão gimno-desportivo de <LOCAL_GeoNetPT02 f_id="358521" t_id="LOC:ADM">Pinhal Novo</LOCAL_GeoNetPT02> e as piscinas do <LOCAL_GeoNetPT02 f_id="358521" t_id="LOC:ADM">Pinhal Novo</LOCAL_GeoNetPT02>, entre outras.
Para o presidente Carlos de Sousa, trata-se de um orçamento « típico de um concelho rural e pobre com poucas receitas ».
Para o  PS regista-s um « aumento exagerado das despesas correntes » e o documento apresenta um empolamento das receitas correntes.
Por sua vez, o     PSD considera que o orçamento peca pela falta de ideias e de não criar nada de novo.
F.C.</text>
</root>
