<?xml version="1.0" encoding="utf-8"?>
<root>
  <title>PUBLICO-19940404-053</title>
  <text><LOCAL_GeoNetPT02 f_id="164993" t_id="LOC:ADM">Caldas da Rainha</LOCAL_GeoNetPT02>
Centro de Saúde mete água
Quando chove no Centro de Saúde das <LOCAL_GeoNetPT02 f_id="164993" t_id="LOC:ADM">Caldas da Rainha</LOCAL_GeoNetPT02> telefona-se às empregadas de limpeza para irem trabalhar mais cedo.
Por isso, talvez os primeiros doentes da manhã nem se dêem conta do sucedido.
E já se chegou a usar cobertores para ensopar a água do chão.
O edifício do Centro de Saúde das <LOCAL_GeoNetPT02 f_id="164993" t_id="LOC:ADM">Caldas da Rainha</LOCAL_GeoNetPT02> ainda não tem três anos e já mete água, não só no sentido literal do termo.
O aparelho de micro-radiografias está desligado desde há três anos e jaz, parcialmente desmontado, no antigo serviço de luta antituberculose, obrigando os utentes a recorrer aos serviços do Montepio Rainha Dona Leonor ou, então, aos serviços estatais de <LOCAL_GeoNetPT02 f_id="169227" t_id="LOC:ADM">Leiria</LOCAL_GeoNetPT02> ou de <LOCAL_GeoNetPT02 f_id="196518" t_id="LOC:ADM">Lisboa</LOCAL_GeoNetPT02>.
Para se obter uma consulta tem de se ir para a bicha bem cedo, logo de manhãzinha.
Numa madrugada em que o PÚBLICO ali se deslocou, às seis e meia da manhã, cerca de três dezenas de pessoas, idosos na sua maioria, aguardavam já a sua vez num local escuro e húmido.
Maria Gertrudes Alves, doméstica natural das <LOCAL_GeoNetPT02 f_id="173564" t_id="LOC:ADM">Gaeiras</LOCAL_GeoNetPT02>, estava à espera desde as 5h45.
Tinha sido a primeira a chegar, porque se não o fizesse até às 6h já não conseguia consulta.
Situação confirmada por um comerciante das <LOCAL_GeoNetPT02 f_id="164993" t_id="LOC:ADM">Caldas</LOCAL_GeoNetPT02>, que no dia anterior ali tinha estado às 7h30 para nada.
Arménio Duarte vai ao Centro uma vez por mês para marcar consulta para a mulher.
Já lhe aconteceu chegar às 5h20 e ser o terceiro da lista.
Aguenta firme a noite invernosa até chegar o doente seguinte.
Depois, mete-se no carro estacionado em frente, ouve « uma musiquinha » e vai vendo as horas passar até à abertura do Centro.
Não percebe por que razão a consulta não pode ser marcada de véspera.
Aquilo que para os utentes é um sacrifício é, no entanto, visto pelo director do centro, o social-democrata José Fernando, como uma questão de preferência por parte da população.
« Preferem estar cá de madrugada para marcar consulta do que fazer a marcação ao meio-dia », diz José Fernando, que também é vereador do pelouro da Saúde.
Para ele, os utentes têm culpas no cartório, ao desprezarem o gabinete do utente e a caixa de reclamações, sugerindo mesmo que os doentes se lhe queixem quando não obtenham consulta.
Para as restantes questões é que a solução não aparenta ser tão fácil.
 Conta que já foram feitos vários concursos para técnicos do serviço de micro-radiografias, sem que surgissem candidatos.
Durante algum tempo era ele próprio, director do Centro, quem ali trabalhava.
« Fazia as « micros », revelava-as e via-as.
Mas fui avisado de que estava a tirar o lugar a um técnico .»
Quanto à reparação do edifício, o autarca diz que ela « depende do Ministério da Saúde e deverá estar para breve », mas aponta também a existência de irregularidades de construção por parte da firma encarregada da obra, a Moniz Carvalho &amp; Ladeira, que terá faltado a vários encontros entretanto marcados.
Prevê-se, aliás, que as reparações sejam financiadas com dinheiros da garantia bancária que a referida empresa apresentou para poder assinar o contrato de construção.
O que dificilmente terá solução é o « excesso de procura [ dos utentes ] face a um défice da oferta de médicos », um problema para o qual José Fernando tem a sua própria explicação: face à « falência da família enquanto núcleo da sociedade », o médico de família acaba por funcionar « como psicólogo ou psicanalista ».
« E os doentes, quanto melhor são tratados e acarinhados, mais vezes voltam », diz o director.
 Carlos Cipriano</text>
</root>
