<?xml version="1.0" encoding="utf-8"?>
<root>
  <title>PUBLICO-19950106-131</title>
  <text>  Anafre em S. Bento
Janeiras amargas « Laranja meu bem laranja / mas que grande viração / a maioria laranja / virou maioria limão ».
Eis uma das quadras que autarcas das freguesias cantam hoje ao primeiro-ministro, junto da sua residência oficial, em                      S. Bento.
A iniciativa é da  Associação Nacional de Freguesias (  Anafre ), que escolheu a tradição popular das Janeiras como forma de protesto, porque « o Governo e a maioria da Assembleia da República boicotaram toda e qualquer iniciativa legislativa que possibilitasse às freguesias e aos autarcas exercerem com mais eficácia as suas funções ».
Delegações de autarcas vão para <LOCAL_GeoNetPT02 f_id="196518" t_id="LOC:ADM">Lisboa</LOCAL_GeoNetPT02> em caravana automóvel, que sai do <LOCAL_GeoNetPT02 f_id="290154" t_id="LOC:ADM">Porto</LOCAL_GeoNetPT02> ( Antuã  ) às nove horas e tem hora prevista de chegada às 18 horas, e levam uma simbólica « prenda mistério » para oferecerem a Cavaco Silva.
A  Anafre, presidida pelo social-democrata Marçal Pina, tem estado ao lado da  Associação Nacional de Municípios Portugueses na defesa dos interesses das autarquias, e em Novembro, as duas instituições manifestaram o seu descontentamento em relação às verbas atribuídas no Orçamento de Estado para este ano.
Agora, a  Anafre protesta também pelo facto de ter desaparecido, na Assembleria da República, uma petição entregue em 1991 com milhares de assinaturas.
Mas os descontentamentos não ficam por aí:
« Ao nosso primeiro Aníbal / um homem só de certezas / desejamos que regressem / as regiões portuguesas ».</text>
</root>
