<?xml version="1.0" encoding="utf-8"?>
<root>
  <title>PUBLICO-19950104-063</title>
  <text>Primeiras emissões em meia centena de casas de Coimbra
TV por cabo já funciona
A televisão por cabo já chegou a meia centena de casas na cidade de <LOCAL_GeoNetPT02 f_id="92458" t_id="LOC:ADM">Coimbra</LOCAL_GeoNetPT02>.
Inicialmente, refira-se, as primeiras emissões estavam previstas para Outubro do ano passado.
São 30 canais que, por três contos por mês ( mais instalação ), poderão brevemente ser recebidos por cerca de 10 mil clientes, todos os que vivem nas zonas de <LOCAL_GeoNetPT02 f_id="92482" t_id="ZON:ADM">Celas</LOCAL_GeoNetPT02>, Calhabé , Olivais , <LOCAL_GeoNetPT02 f_id="93516" t_id="ZON:ADM">Solum</LOCAL_GeoNetPT02> e avenidas de Miguel Torga  e de Afonso Henriques , onde a fibra óptica ou já está instalada ou estará até Março.
Marques Lopes, da TV Cabo Mondego, afirma que, até meados deste ano, toda a zona residencial nova da cidade estará apta para receber este serviço, que permite o acesso a canais codificados ou de difícil captação por outros meios de recepção de televisão.
Depois, mas ainda durante este ano, a empresa vai iniciar a instalação do serviço a <LOCAL_GeoNetPT02 f_id="27936" t_id="LOC:ADM">São João da Madeira</LOCAL_GeoNetPT02>, <LOCAL_GeoNetPT02 f_id="414911" t_id="LOC:ADM">Viseu</LOCAL_GeoNetPT02>, <LOCAL_GeoNetPT02 f_id="6934" t_id="LOC:ADM">Aveiro</LOCAL_GeoNetPT02>, <LOCAL_GeoNetPT02 f_id="169227" t_id="LOC:ADM">Leiria</LOCAL_GeoNetPT02> e <LOCAL_GeoNetPT02 f_id="98897" t_id="LOC:ADM">Figueira da Foz</LOCAL_GeoNetPT02>.
Entretanto, ainda no primeiro trimestre, deverá ser aberta a subscrição de capital da empresa a outros accionistas ( para já, exclusivamente da Portugal Telecom ), e espera-se que nessa fase a    Câmara de <LOCAL_GeoNetPT02 f_id="91" t_id="CON:ADM">Coimbra</LOCAL_GeoNetPT02> venha a participar, o que será fundamental para o avanço da fibra óptica na cidade, principalmente na zona histórica, onde é necessário um maior investimento para menos mercado.
A recepção da televisão por cabo é possível com praticamente todos os televisores, havendo meios alternativos para contornar eventuais dificuldades: ou através do videogravador, ou através de um conversor disponibilizado pela empresa exploradora.
Ao todo, há 15 canais de programação variada ( generalistas ), entre eles os quatro nacionais, outros quatro falados em alemão ( D-Wella, Sat 1, RTL e Pro 7 ), dois ingleses ( BBC e Superchannel ), dois italianos ( RAI Uno e RAI Due ), dois castelhanos ( TVE1 e Galavision ) e um francês ( TV5 ).
Além dos nacionais, apenas um outro é falado em Português ( e só parcialmente ): o Discovery, que trata de assuntos de ciência e natureza.
Houve, no entanto, a preocupação de disponibilizar canais falados em Castelhano, facilmente apreensíveis, havendo um de desporto ( Eurosport ), dois de filmes e séries ( Cinema e Teleuno ) e um de notícias ( Euronews ), além dos generalistas.
Os restantes canais temáticos são falados em francês ( MCM, de música ), alemão ( DSF, de desporto, e Viva, de música ) e em inglês - CMT e MTV ( música ), Sky News e  CNN ( informação ), Travel ( viagens ), TNT Cartoon ( animação e filmes ).
Por último, há um canal de apresentação de todos os outros, chamado Mosaico, que em duas « páginas » mostra toda a programação disponível.
Contra o « zapping », pois claro.
Leonete Botelho</text>
</root>
