<?xml version="1.0" encoding="utf-8"?>
<root>
  <title>PUBLICO-19940826-070</title>
  <text>
Jovens arquitectos pensam <LOCAL_GeoNetPT02 f_id="196518" t_id="LOC:ADM">Lisboa</LOCAL_GeoNetPT02>
Jovens recém-licenciados dos doze países da União Europeia participam entre 5 e 24 de Setembro num « workshop » de arquitectura subordinado ao tema « Projectar em Lisboa  ».
Incluído nas iniciativas da Capital Europeia da Cultura, o encontro permite aos participantes a elaboração de trabalhos sobre o espaço físico da « Sétima Colina » -- entre o <LOCAL_GeoNetPT02 f_id="199728" t_id="LRG:ADM">Largo do Rato</LOCAL_GeoNetPT02> e o <LOCAL_GeoNetPT02 f_id="198526" t_id="CAI:ADM">Sodré</LOCAL_GeoNetPT02> -- que irão da reabilitação de edifícios e espaços públicos ao desenho de novas propostas arquitectónicas.
A iniciativa, em que também está envolvido o Conselho Regional do Sul da Associação dos Arquitectos Portugueses, compreende também debates, conferências por arquitectos e especialistas convidados e visitas de estudo.Cada participante paga 20 contos.
</text>
  <text>
Extinto incêndio de Jerumelo 
O incêndio que, desde o meio da tarde de quarta-feira, lavrava na zona de Jerumelo, Malveira Oeste, encontrava-se ontem de manhã completamente extinto, adiantou fonte dos Bombeiros da <LOCAL_GeoNetPT02 f_id="220256" t_id="LOC:ADM">Malveira</LOCAL_GeoNetPT02>. O incêndio, que começou às 16h49, chegou a pôr em perigo algumas casas da zona. Mas, como adiantou à agência Lusa José Caetano, chefe do Centro de Coordenação Operacional de <LOCAL_GeoNetPT02 f_id="196518" t_id="LOC:ADM">Lisboa</LOCAL_GeoNetPT02>, a pronta intervenção dos bombeiros e dos meios aéreos de apoio ( helicóptero de Almoçageme ) evitaram que o fogo, que lavrou « com bastante intensidade », se propagasse às habitações. No combate ao incêndio de Jerumelo estiveram envolvidos 40 homens e oito viaturas das corporações de <LOCAL_GeoNetPT02 f_id="220256" t_id="LOC:ADM">Malveira</LOCAL_GeoNetPT02>, <LOCAL_GeoNetPT02 f_id="219880" t_id="LOC:ADM">Mafra</LOCAL_GeoNetPT02> e <LOCAL_GeoNetPT02 f_id="218890" t_id="LOC:ADM">Ericeira</LOCAL_GeoNetPT02>.
</text>
  <text>
Passeios pelo aqueduto
Uma ementa exclusivamente do século XVIII é uma das surpresas que Lisboa-94 oferece nos passeios ao       Aqueduto das Águas Livres, uma iniciativa que se realiza aos fins-de semana em <LOCAL_GeoNetPT02 f_id="221664" t_id="LOC:ADM">Caneças</LOCAL_GeoNetPT02>.
Os passeios, com o título « A Rainha Refresca-se na  Pista do Barroco » compreendem também uma visita interior pelo aqueduto até à Mãe D' Água das Amoreiras. Há ainda uma visita ao convento de <LOCAL_GeoNetPT02 f_id="219880" t_id="LOC:ADM">Mafra</LOCAL_GeoNetPT02> e um piquenique em <LOCAL_GeoNetPT02 f_id="221664" t_id="LOC:ADM">Caneças</LOCAL_GeoNetPT02>, no parque das Merendas, onde a ementa é a principal atracção. As visitas decorrem das 10h00às 18h30.
</text>
  <text><LOCAL_GeoNetPT02 f_id="367093" t_id="LOC:ADM">Seixal</LOCAL_GeoNetPT02> preserva património 
Preservar e pesquisar o património arqueológico do concelho de <LOCAL_GeoNetPT02 f_id="367093" t_id="LOC:ADM">Seixal</LOCAL_GeoNetPT02>, desenvolver a colaboração entre as autarquias e as associações vocacionadas para uma intervenção qualificada na área do património, são os objectivos da assinatura, para breve, de um protocolo entre o município do <LOCAL_GeoNetPT02 f_id="274" t_id="CON:ADM">Seixal</LOCAL_GeoNetPT02> e o Centro de Arqueologia de <LOCAL_GeoNetPT02 f_id="345034" t_id="LOC:ADM">Almada</LOCAL_GeoNetPT02>.
No âmbito desse protocolo, o Centro compromete-se a dar apoio a acções pontuais de arqueologia de campo, enquanto que a    Câmara de <LOCAL_GeoNetPT02 f_id="21" t_id="CON:ADM">Almada</LOCAL_GeoNetPT02> vai incumbir-se de apoio logístico durante as acções conjuntas.</text>
</root>
