<?xml version="1.0" encoding="utf-8"?>
<root>
  <title>PUBLICO-19950105-074</title>
  <text>A <LOCAL_GeoNetPT02 f_id="208475" t_id="TRV:ADM">Rua A</LOCAL_GeoNetPT02> do Bairro da Liberdade , em <LOCAL_GeoNetPT02 f_id="1711" t_id="FRG:ADM">Campolide</LOCAL_GeoNetPT02>, já não é a mesma.
Um antigo tipógrafo chamado José João Virtudes pegou em tintas e pincéis e mudou o rosto a cerca de dezena e meia de casas, que agora parecem saídas de uma pacata aldeia portuguesa.
Há menos de dois anos, no quintal da Vila Dias , uma das várias vilas do bairro, um reformado compulsivamente do banco onde trabalhava como tipógrafo, João Virtudes, resolveu transformar o aspecto das pequenas casas escuras e degradadas que ali existem, fazendo aí surgir fachadas dignas das melhores terras do <LOCAL_GeoNetPT02 f_id="418731" t_id="PRO:ADM">Ribatejo</LOCAL_GeoNetPT02> ou <LOCAL_GeoNetPT02 f_id="12" t_id="NT2:ADM">Alentejo</LOCAL_GeoNetPT02>.
Depois de caiar habitações, travessas, muros e pátios, João Virtudes, de 50 anos, pintou nas casas as tradicionais barras azuis junto ao chão e nas paredes e janelas.
Aqui e ali colocou pequenos azulejos, que também servem para anunciar o número de polícia.
Alguns dos inquilinos pagaram a mão-de-obra, outros só as tintas, houve mesmo uns quantos que nem isso, porque não podiam.
Talvez causa dos aborrecimentos que teve com alguns habitantes -- que insistiam em dizer que João Virtudes tinha « metido algum ao bolso » --, as pinturas abrandaram.
A última casa que pintou, defronte do talho, já não possui a riqueza de pormenores das anteriores.
Mas há quem ainda tenha guardada lá em casa uma lata de tinta.
Para o chamar quando ele passar por ali: « Ó José João, vem cá arranjar isto !».</text>
</root>
