<?xml version="1.0" encoding="utf-8"?>
<root>
  <title>PUBLICO-19940401-071</title>
  <text>
Seminário Portugal na Internet, em <LOCAL_GeoNetPT02 f_id="196518" t_id="LOC:ADM">Lisboa</LOCAL_GeoNetPT02>
 Um mundo tão perto e tão longínquo
 Rui Jorge Cruz
 A Internet já é um mundo: cerca de 60 mil redes de mais de cem países, que interligam mais de dois milhões de computadores e viabilizam a 15 milhões de utilizadores a troca de correio electrónico, o debate aberto de ideias, o acesso a dados e a serviços os mais diversos numa base interactiva.
Mas é um mundo que, pelo menos em <LOCAL_GeoNetPT02 f_id="418745" t_id="PAI:ADM">Portugal</LOCAL_GeoNetPT02>, se sente espartilhado e desprezado, impedido de crescer e de se desenvolver.
 Comunicar desta forma aberta e interactiva, através das linhas telefónicas, com outros ( pares ou não ) ou aceder a bases de dados de interesse mais ou menos geral é, hoje, uma ambição tão realizável que a célebre máxima do Maio de 68 -- ser realista, pedir o impossível -- só mantém alguma acuidade porque, do poder político a uma grande parte dos agentes económicos, a insensibilidade aos novos fenómenos ou a resistência interessada à sua generalização ainda conferem a estas lides « cibernáuticas » uma componente épica.
Estes terão, aliás, sido os sentimentos predominantemente expressos, por participantes e assistentes, na sessão de encerramento do seminário Portugal na Internet, que teve lugar no passado dia 29, num auditório do Laboratório Nacional de Engenharia Civil ( LNEC ).
Promovido pela Fundação para o Desenvolvimento dos Meios Nacionais de Cálculo Científico ( FCCN ), pelo Grupo Português de Utilizadores do Sistema Unix ( PUUG ), pela Agência de Inovação Empresarial e Transferência de Tecnologia e pela Sociedade para o Acesso à Informação ( SAI ), o seminário Portugal na Internet pretendia dar um certo balanço à experiência do seu uso que, desde 1991, as universidades portuguesas e algumas empresas vêm mantendo -- e, além disso, suscitar a discussão em torno de tópicos como o limiar da sociedade da informação, o cidadão face às novas tecnologias neste domínio ou a Internet como embrião da aldeia global.
O deputado José Magalhães, ali na condição de « mosqueteiro » da SAI, abrira a sessão final sublinhando o absurdo contraste entre as dimensões da actual explosão tecnológica e o reduzido alcance da democratização da informação e do acesso a ela -- tanto ao dispor de tantos milhões e, afinal, apenas uns quantos conhecem, acedem e se questionam sobre o seu uso.
E o Estado?
Não cumpre, não proporciona, restringe, por um lado, mas não assegura a segurança e a privacidade dos cidadãos em matéria de informação sobre eles próprios.
 Legatheaux Martins, da Universidade Nova de Lisboa e do PUUG, depois de referir o processo de constituição da Rede de Cálculo Científico Nacional ( RCCN ) -- por utilizadores que sabiam o que queriam e que, em regime de voluntariado e com o apoio do programa Ciência, conseguiram um custo vinte ou trinta vezes inferior ao que qualquer operador de telecomunicações teria cobrado --, interrogava-se sobre as discrepâncias entre as tarifas praticadas em <LOCAL_GeoNetPT02 f_id="418745" t_id="PAI:ADM">Portugal</LOCAL_GeoNetPT02> e as cobradas em Inglaterra: cá, uma linha de alto débito X25 para a Europa custa 1100 contos mensais;
lá, uma ligação integral à Internet ( para todo o mundo e todos os serviços ) fica pelo equivalente a 200 contos ...
Será por as telecomunicações britânicas terem sido liberalizadas há dois anos?
« A RCCN cresceu de baixo para cima -- e ainda bem », realçaria Heitor Pina, investigador e membro da FCCN, que classificaria de frustrante a experiência desta estrutura de investigação com os operadores de telecomunicações: além de lhe serem aplicadas as mesmas tarifas e prioridades que a qualquer utilizador lucrativo, o serviço é mau ( quando não arrogante e prepotente ) e, devido às sucessivas reestruturações, os interlocutores mudam sistematicamente, voltando os assuntos à estaca zero.
A informação oportuna e a competitividade A importância da circulação aberta das ideias para a manutenção e o reforço da competitividade das empresas seria acentuada por Guedes Martins, da Agência de Inovação ( criada em Setembro último ).
E seria precisamente para as PME que a informação em tempo oportuno seria mais decisiva, numa era em que, além do capital, também a tecnologia tem a maior mobilidade -- existindo já hoje uma verdadeira corretagem tecnológica, que põe em contacto eventuais interessados em parcerias.
Mário Valente, bolseiro do LNEC, relataria a sua picaresca experiência junto dos órgãos reguladores das telecomunicações quando, para montar uma BBS, se lembrou de utilizar os serviços de um satélite soviético ( três ou quatro vezes mais baratos que os idênticos da Telecom ): enquanto um organismo lhe declarou ilegal e inviável a sua pretensão, outro encorajou-o a ir para a frente sem mais delongas.
Mais de vinte e cinco mil contos é quanto o INESC gasta por ano com comunicações e trânsito de dados, para sustentar a sua intensa relação com a Internet -- a revelação foi feita por Pedro Veiga, que apontou este valor para justificar o facto de o acesso à Internet ser restrito aos docentes e investigadores, excluindo os estudantes em geral.
Mas deixou a esperança de que as linhas da RDIS venham a abrir novas possibilidades neste campo.
Demonstração absorvente O seminário começara, de manhã, com uma conferência proferida por Howard Funk, director da Internet Society, sobre as perspectivas de evolução no sentido de uma « auto-estrada electrónica » de âmbito mundial ( ver entrevista neste suplemento ), a que se seguiria uma polémica intervenção de Joaquim Aguiar intitulada « Do computador concentracionário à mobilidade da informação ».
Este assessor da Presidência da República chamou a atenção dos participantes para o facto de, no mundo de hoje, já não serem só os factores trabalho e capital a movimentarem-se a nível transaccional e global: também a informação ( e sobretudo esta ) circula cada vez mais rápida e livremente, pelo que tem que passar a ser considerada um elemento de importância estratégica para o presente e o futuro das economias e das sociedades.
A manhã encerraria com a intervenção de Sheri Steele, responsável por uma organização norte-americana -- a Electronic Frontier Foundation -- que trabalha em prol da criação das condições legais e institucionais para a máxima abertura à circulação e disponibilização da informação.
Os direitos do cidadão face às novas fronteiras neste domínio constituíram o « leitmotiv » das suas palavras, tendo referido com pormenor a National Infrastructure Initiative ( NII ), uma proposta apresentada pelo vice-presidente norte-americano Al Gore no sentido de serem definidos os contornos institucionais das tão faladas « auto-estradas da informação ».
A demonstração dos modos de acesso « on-line » à Internet e uma prolongada vista de olhos sobre a variedade de recursos, serviços e afins disponíveis na Internet foram objecto de uma atenção e interesse verdadeiramente genuínos por parte das mais de quatrocentas pessoas que literalmente enchiam o  Auditório 1 do LNEC.
O « multimedia » não podia deixar de estar presente, o que ainda mais prendeu os presentes ao painel gigante onde era projectado o ecrã do computador usado na exemplificação.
Antes da sessão de debate com que o seminário encerraria, registou-se a intervenção de Augusto Albuquerque, dedicada às redes transeuropeias de banda larga -- a cujos trabalhos de definição e desenvolvimento tem dedicado o seu esforço no âmbito da unidade B2 da DGXIII, em Bruxelas ( ver Pergunta A, na página 4 deste suplemento ).
</text>
</root>
