<?xml version="1.0" encoding="utf-8"?>
<root>
  <title>PUBLICO-19940402-041</title>
  <text>
Gasolineira assaltada em Borba Um empregado de uma bomba de gasolina dos arredores de <LOCAL_GeoNetPT02 f_id="109459" t_id="LOC:ADM">Borba</LOCAL_GeoNetPT02>, na estrada Nacional 4, foi ferido a tiro, pelos assaltantes que sexta-feira à tarde roubaram aquele posto de abastecimento de combustível, tendo conseguido escapar.
Segundo informações da  GNR de <LOCAL_GeoNetPT02 f_id="109459" t_id="LOC:ADM">Borba</LOCAL_GeoNetPT02>, os assaltantes, munidos de « armas ligeiras », dispararam sobre o empregado do posto, que feriram « numa perna », tendo de imediato iniciado a fuga, na direcção de Espanha, num automóvel cuja matrícula a polícia já identificou, embora não divulgue.
O empregado do posto foi conduzido ao Hospital Distrital de <LOCAL_GeoNetPT02 f_id="3950" t_id="DST:ADM">Évora</LOCAL_GeoNetPT02>, onde ontem permanecia internado.
O montante do roubo é ainda desconhecido, disse a  GNR de <LOCAL_GeoNetPT02 f_id="109459" t_id="LOC:ADM">Borba</LOCAL_GeoNetPT02> ao PÚBLICO.
</text>
</root>
