<?xml version="1.0" encoding="utf-8"?>
<root>
  <title>PUBLICO-19940403-049</title>
  <text><LOCAL_GeoNetPT02 f_id="246062" t_id="LOC:ADM">Alhandra</LOCAL_GeoNetPT02> 
Abate de araucária divide vereadores
O caso da araucária abatida, no passado dia 18, no centro de <LOCAL_GeoNetPT02 f_id="246062" t_id="LOC:ADM">Alhandra</LOCAL_GeoNetPT02>, está a dividir a vereação da câmara de <LOCAL_GeoNetPT02 f_id="325" t_id="CON:ADM">Vila Franca de Xira</LOCAL_GeoNetPT02> e mesmo no seio da  CDU, força maioritária, as opiniões não são coincidentes.
Conforme o « PÚBLICO » noticiou na sua edição de 24 de Março, aquela árvore quase centenária, única na vila, foi derrubada por se encontrar dentro do perímetro de construção de um novo edifício de quatro pisos.
A iniciativa desagradou sobremaneira a alguns alhandrenses que descrevem a araucária como autêntico ex-libris da vila e acusam as autarquias de terem ficado completamente insensíveis aos sentimentos da população.
O espaço do novo edifício era, também, ocupado por um palácio em ruínas que despertava alguma preocupação entre os alhandrenses, uma vez que era frequentado por toxicodependentes.
Em Novembro de 1993, a câmara vilafranquense autorizou a demolição das ruínas, a limpeza e vedação do local e a questão da árvore ficou, de certa forma, em aberto.
No entender de Carlos Arrojado (CDU), vereador dos pelouros de obras particulares e gestão urbanística, no mandato agora iniciado ficou estabelecido que o derrube da árvore só se concretizaria quando a construção do novo edifício estivesse para arrancar.
Já Fernando Pedro Moutinho, vereador do     PSD, defende que a deliberação de Novembro previa que o destino da árvore seria discutido, posteriormente, quando o projecto do novo edifício fosse submetido à apreciação da edilidade.
Só que Carlos Arrojado afiança que o projecto do novo edifício já estava aprovado desde 21 de Março de 1993 e que a permanência da árvore estava apenas dependente da decisão do construtor de avançar com as obras.
Diferente é, também, a interpretação de Rui Brioso (  CDU ), vereador que, no mandato concluído em Dezembro do ano passado, foi responsável pelo pelouro do urbanismo.
Segundo ele, o construtor pensava iniciar a obra em Junho /Julho de 94 e ficara acordado que, antes disso, solicitaria à câmara o levantamento do alvará de licenciamento e seria, então, tratada a questão da árvore.
Todos surpreendidos " Fomos todos surpreendidos pela retirada da árvore sem haver essa autorização », admitiu Rui Brioso.
« Fui tão surpreendido quanto outros.
O que não quer dizer que não estivéssemos todos de acordo com a retirada da árvore daquele local.
Agora, se era para um abate definitivo ou para a transferência para outro sítio, era uma questão que ainda não tinha sido analisada pelos técnicos da câmara. »
 Fernando Pedro Moutinho insiste que não houve o cuidado de esgotar todas as possibilidades de salvaguarda da árvore.
« Acho que se deveria ter colocado e estudado a hipótese do transplante.
Não concordo com essa ideia de que a árvore estava ecologicamente morta, penso que ainda estaria ali certamente por muito mais anos », sustentou.
Já Artur Bértolo, presidente em exercício da câmara de <LOCAL_GeoNetPT02 f_id="325" t_id="CON:ADM">Vila Franca de Xira</LOCAL_GeoNetPT02>, afirmou que os órgãos autárquicos da freguesia procuraram esclarecer a população de Alhandra de que a árvore não se podia manter no local.
« Se calhar não foi o esclarecimento suficiente », referiu.
« Choca, podemos admitir que choca, mas de qualquer modo a árvore, que já em 1983 fora considerada ecologicamente morta, mais ano, menos ano, seria mesmo retirada », concluiu o edil.
 Jorge Talixa</text>
</root>
