<?xml version="1.0" encoding="utf-8"?>
<root>
  <title>PUBLICO-19950106-067</title>
  <text>
21 séculos no « Livro de Lisboa »
« O Livro de Lisboa », uma obra que reúne vinte e um séculos de história de <LOCAL_GeoNetPT02 f_id="196518" t_id="LOC:ADM">Lisboa</LOCAL_GeoNetPT02> como cidade é publicamente apresentado na próxima quarta-feira no salão nobre dos Paços do Concelho .
A obra foi coordenada por Irisalva Moita, conservadora-chefe dos museus municipais de <LOCAL_GeoNetPT02 f_id="146" t_id="CON:ADM">Lisboa</LOCAL_GeoNetPT02>, que há mais de 30 anos se dedica à história da cidade.
« A minha preocupação na elaboração do livro foi a de escolher os melhores especialistas para cada assunto », disse Irisalva Moita à Lusa, revelando « estar satisfeita » com a « qualidade das colaborações ».
O livro, com cerca de 800 páginas ilustradas, tem a colaboração entre outros de Borges Coelho, Oliveira Marques, João Fagundes, José Manuel Fernandes, Rafael Moreira, Maia Ataíde, Leonor Ferrão, Nuno Saldanha, Jorge Gaspar, Claúdio Torres e José Augusto França.
Cada uma das áreas do livro -- « romanização », « época medieval », « época quinhentista » e « modernidade » -- é acompanhada por « notícias » de cada um dos respectivos « emblemas », seja o <LOCAL_GeoNetPT02 f_id="199062" t_id="OUT:ADM">Castelo de São Jorge</LOCAL_GeoNetPT02>, o Jerónimos ou o bairro de <LOCAL_GeoNetPT02 f_id="418450" t_id="FRG:ADM">Alvalade</LOCAL_GeoNetPT02>.
O apoio da Expo-98 a esta obra « permitiu melhorar a qualidade de impressão », sublinhou por seu turno Elisío Summavielle, administrador da sociedade Lisboa-94, salientando que « ainda não havia nenhum livro como este » sobre a cidade.
« Há muito livro sobre <LOCAL_GeoNetPT02 f_id="196518" t_id="LOC:ADM">Lisboa</LOCAL_GeoNetPT02>, mas sectorial. Ainda não tinha aparecido uma obra assim, compacta, sobre a história da cidade ».
Maria do Céu Guerra em convalescença
A actriz Maria do Céu Guerra, 51 anos, só deverá regressar ao palco do Cinearte, onde representa a peça « Marly », dentro de duas a três semanas, por causa da violenta agressão de que foi alvo na madrugada da passagem de ano.
Maria do Céu Guerra regressava a casa nessa noite pelas 5h00 quando foi agredida por um desconhecido, que se infiltrara dentro do prédio onde mora.
O agressor continuou a pontapear e a ferir a actriz com uma navalha depois de se ter apoderado do dinheiro que esta transportava consigo.
Maria do Céu Guerra, que ainda tem pontos num olho, no queixo, sobrancelha e num dos braços, conta que conseguiu fugir para dentro de casa depois de ter desarmado o assaltante.
Nessa mesma noite recebeu tratamento no Hospital da Cruz Vermelha, embora não tenha ficado internada.
A actriz é co-fundadora do grupo de teatro « A Barraca », tendo recebido em 1992 o prémio da Unesco para melhor actriz.
É a actriz principal da peça « Marly ».
</text>
</root>
