<?xml version="1.0" encoding="utf-8"?>
<root>
  <title>PUBLICO-19940401-163</title>
  <text>
Governo ainda não pensa em repatriar portugueses « Pura especulação » César Camacho * O Governo ainda não pensa em activar qualquer plano para repatriar os portugueses residentes na África do Sul.
Há acompanhamento da situação e os dados disponíveis não sugerem o ventilado « cenário de catástrofe ».
Falar em ponte aérea é « pura e prejudicial especulação ».
A embaixada portuguesa em Pretória, entretanto, não registou qualquer movimento anormal de portugueses e a TAP prevê mesmo suprimir um dos seus voos semanais Lisboa-Joanesburgo-Lisboa, a partir de Maio.
As notícias que estão a ser divulgadas sobre o iminente repatriamento de cidadãos portugueses residentes na África do Sul « é pura especulação ».
A afirmação é produzida pelo general Gonçalves Ribeiro, director-geral de Política de Defesa Nacional, que manifestou a sua preocupação pela ligeireza com que se estão a antecipar « cenários catastróficos de êxodo, em contradição com os esforços de <LOCAL_GeoNetPT02 f_id="418745" t_id="PAI:ADM">Portugal</LOCAL_GeoNetPT02>, da comunidade internacional e da própria África do Sul » visando o controlo da situação.
Acrescenta que não há, de momento, « planos especiais de evacuação ».
Seria inconsciência, disse o general ao PÚBLICO, se o Governo português não estivesse a fazer sério acompanhamento da evolução da situação e isso está naturalmente a ser feito, em primeiro lugar pelo Ministério dos Negócios Estrangeiros e, depois, pelos órgãos de Governo vocacionados para responder a eventuais situações de emergência ocasionadas pela eventual necessidade de repatriamento.
Até este momento realizaram-se reuniões de trabalho ao nível do Planeamento Civil de Emergência, como medida cautelar.
Não há indicadores de iminência de risco que determine a activação de um plano específico dirigido ao caso sul-africano.
Em suma, uma coisa é <LOCAL_GeoNetPT02 f_id="418745" t_id="PAI:ADM">Portugal</LOCAL_GeoNetPT02> estar preparado para « repatriar e acolher os seus cidadãos », outra será activar um plano de repatriamento.
Não é o caso, segundo outra fonte do  Ministério da Defesa Nacional ( MDN ).
Por prudência, testam-se as disponibilidades dos órgãos de planeamento em alguns sectores da administração pública, relativamente a transportes, meios de acolhimento e outras áreas mobilizáveis perante uma situação de crise.
Naturalmente, e pela mesma razão cautelar, fizeram-se consultas quanto a entidades capazes de responder a fornecimentos de natureza alimentar e outro apoio logístico.
É uma actuação preventiva que a administração pública, por via do Planeamento Civil de Emergência, toma, face a probabilidades semelhantes.
Este tipo de diálogo e troca de informações entre os serviços da administração pública responsáveis pela protecção civil também se desenrolaram quando se agudizou a situação em Angola e no Zaire.
Segundo as fontes do MDN ainda não foi considerado necessário passar do planeamento à acção.
Por isso, nem a Força Aérea nem a transportadora aérea nacional ( TAP ) receberam instruções para preparação de meios aéreos, sendo que a Força Aérea tem graus de prontidão capazes de responder, em curto espaço de tempo, a uma solicitação de emergência.
No entanto, situação está a ser acompanhada pelos vários Governos, mesmo ao nível da UEO e ONU.
« Trata-se de um quadro com contornos preocupantes », mas há a convicção de « não se ter entrado no ponto de derrapagem incontrolável », segundo as fontes do MDN ontem consultadas.
Seguro é que, ao contrário do que chegou a ser noticiado, não se realizou qualquer reunião de emergência entre ministérios relacionada com a questão sul-africana e com as comunidades estrangeiras residentes na África do Sul.
Uma das fontes contactadas pelo PÚBLICO foi peremptória ao garantir que « é falso que esteja em marcha a realização de uma ponte aérea entre a África do Sul e <LOCAL_GeoNetPT02 f_id="418745" t_id="PAI:ADM">Portugal</LOCAL_GeoNetPT02> ».
O que se mantém, dizem as mesmas fontes, é que, « se for necessário, <LOCAL_GeoNetPT02 f_id="418745" t_id="PAI:ADM">Portugal</LOCAL_GeoNetPT02> tem de estar preparado ».
E esta afirmação acompanha as últimas declarações do primeiro-ministro, quando diz que « <LOCAL_GeoNetPT02 f_id="418745" t_id="PAI:ADM">Portugal</LOCAL_GeoNetPT02> tem as portas abertas para todos os portugueses », mas espera que a situação na África do Sul evolua de forma a permitir que « todos possam continuar no país em tranquilidade e segurança ».
 Cavaco Silva acrescentava que nem <LOCAL_GeoNetPT02 f_id="418745" t_id="PAI:ADM">Portugal</LOCAL_GeoNetPT02> nem a Inglaterra, os países com mais nacionais na África do Sul, têm neste momento « planos especiais de evacuação ».
As palavras do governador civil O governador civil de <LOCAL_GeoNetPT02 f_id="45" t_id="CON:ADM">Aveiro</LOCAL_GeoNetPT02>, no entanto, afirmou ontem ao PÚBLICO que, de facto, existe um plano de evacuação e alojamento dos portugueses da África do Sul, informação que, disse, lhe foi confirmada directamente pelo secretário de Estado da Segurança Social, Fernando Almeida.
Segundo Gilberto Madaíl, que confessou só ontem ter sido informado do assunto, o secretário de Estado ter-lhe-á mesmo dito que « não vale a pena desmentir aquilo que é verdade .»
Salientando ter conhecimento de que a zona de <LOCAL_GeoNetPT02 f_id="6934" t_id="LOC:ADM">Aveiro</LOCAL_GeoNetPT02> será apenas um dos eixos de um « plano já testado » -- o outro seria através da base aérea do <LOCAL_GeoNetPT02 f_id="356404" t_id="LOC:ADM">Montijo</LOCAL_GeoNetPT02> --, Gilberto Madaíl especificou que se previa a utilização da base aérea de <LOCAL_GeoNetPT02 f_id="20195" t_id="LOC:ADM">Maceda</LOCAL_GeoNetPT02> ( a de Cortegaça ), no concelho de <LOCAL_GeoNetPT02 f_id="209" t_id="CON:ADM">Ovar</LOCAL_GeoNetPT02>.
A partir daí, os portugueses eventualmente regressados seriam encaminhados para o Centro de Férias da <LOCAL_GeoNetPT02 f_id="16679" t_id="LOC:ADM">Torreira</LOCAL_GeoNetPT02>.
Esta, no concelho da <LOCAL_GeoNetPT02 f_id="188" t_id="CON:ADM">Murtosa</LOCAL_GeoNetPT02>, fica a cerca de 60 quilómetros de <LOCAL_GeoNetPT02 f_id="6934" t_id="LOC:ADM">Aveiro</LOCAL_GeoNetPT02>, por estrada, e a cerca de um quarto de hora, seguindo de barco pela Ria.
O Centro de Férias da <LOCAL_GeoNetPT02 f_id="16679" t_id="LOC:ADM">Torreira</LOCAL_GeoNetPT02>, mais conhecido por « colónia de férias da <LOCAL_GeoNetPT02 f_id="16679" t_id="LOC:ADM">Torreira</LOCAL_GeoNetPT02> », tem capacidade para cerca de 200 pessoas, entre quartos individuais e camaratas.
O outro local previsto é o centro do Inatel da Feira, a cerca de 20 quilómetros de <LOCAL_GeoNetPT02 f_id="20195" t_id="LOC:ADM">Maceda</LOCAL_GeoNetPT02>, com capacidade para cerca de 150 pessoas.
 Gilberto Madaíl acrescentou que, « se for necessário, será possível estudar outros pontos de acolhimento », mas que este « será sempre temporário, uma vez que a maior parte dos emigrantes é de origem madeirense .»
As declarações do governador civil de <LOCAL_GeoNetPT02 f_id="6934" t_id="LOC:ADM">Aveiro</LOCAL_GeoNetPT02> sobre um plano de evacuação de emergência, feitas também a várias rádios e televisões nacionais, acabaram por ter uma certa difusão mundial.
 Gilberto Madaíl foi citado ontem em despacho noticioso da  Reuter.
Quanto à France-Presse, fez sair também ontem um despacho em que dava conta de que « a rádio privada de Lisboa TSF » informava que o Governo « prepara um plano de urgência destinado a acolher os 600 mil portugueses da África do Sul, se a situação se deteriorar neste país .»
Ontem também, um alto funcionário da embaixada portuguesa em Pretória, contactado pelo PÚBLICO, declarou que, naquela representação diplomática, « não há qualquer conhecimento de planos do Governo português ».
E que não surgiram, nem na embaixada nem nos consulados na África do Sul, quaisquer movimentos anormais de pessoas que pretendam sair do país, para além do fluxo habitual dos que « vão passar o Natal e a Páscoa » a <LOCAL_GeoNetPT02 f_id="418745" t_id="PAI:ADM">Portugal</LOCAL_GeoNetPT02>, onde, aliás, poderão votar normalmente nos consulados sul-africanos na altura das eleições.
A embaixada lembrou ainda que as linhas aéreas sul-africanas, que tinham três voos directos para <LOCAL_GeoNetPT02 f_id="196518" t_id="LOC:ADM">Lisboa</LOCAL_GeoNetPT02> por semana, suprimiram um deles e o que o mesmo irá fazer a TAP.
O gabinete de informação da TAP confirmou que vai suprimir um destes voos semanais a partir de 1 de Maio.
A decisão, « puramente comercial », foi tomada no quadro do plano estratégico da empresa, mas, « em caso de necessidade », o voo « poderá ser reposto de um dia para o outro », além de haver sempre a possibilidade de colocar a frota à disposição.
A TAP reafirmou também o que já ontem dissera ( ver PÚBLICOde ontem ).
Isto é, que este é um período « em que o afluxo é maior » e em que « as linhas andam sempre cheias ».
No caso da África do Sul, os três voos semanais entre <LOCAL_GeoNetPT02 f_id="196518" t_id="LOC:ADM">Lisboa</LOCAL_GeoNetPT02> e Joanesburgo, com regresso no mesmo dia ( domingo,terça-feira e sexta-feira, com escala, respectivamente, em Luanda, Brazzaville e Liberville ), estão totalmente preenchidos nos dois sentidos.
* com Rui Cardoso Martins e Rui Baptista
</text>
</root>
