<?xml version="1.0" encoding="utf-8"?>
<root>
  <title>PUBLICO-19940402-088</title>
  <text>
Diz-se ...
« É norma desta diocese não permitir o exercício do sagrado ministério a sacerdotes que desempenhem funções que lhes sejam confiadas pelos partidos políticos, pelo que o rev. padre Maximino Barbosa de Sousa se encontra abrangido por esta disposição ».
Nota oficiosa da Secretaria Episcopal do <LOCAL_GeoNetPT02 f_id="290154" t_id="LOC:ADM">Porto</LOCAL_GeoNetPT02>, sobre a candidatura do padre Max, pela UDP, à Assembleia da República, « Uma vez que nos encontramos no   Coliseu, era caso para dizer: se um elefante incomoda muita gente, um padre pela UDP incomoda muito mais !»
.
Intervenção do padre Max no 2º Congresso da UDP, três semanas antes de morrer « É claro que a Igreja tem que acabar de ser o monopólio do  PDC, do CDS e do PPD.
É claro que a Igreja tem que acabar de uma vez para sempre de ser o monopólio dos partidos de direita ».
Idem « Todo o indivíduo que na realidade cumpre o seu sacerdócio tem que o colocar ao serviço do povo.
Por isso não pode ser da direita ».
Improviso do padre Max numa sessão de esclarecimento da UDP em <LOCAL_GeoNetPT02 f_id="399563" t_id="LOC:ADM">Vila Real</LOCAL_GeoNetPT02>, dias antes do atentado « Como é que um capitalista pode celebrar ou dizer todos os dias « o pão-nosso » quando o tipo tem o celeiro de todos ?....
Esse gajo não pode ser cristão!
E os padres que apostam directamente e defendem esses indivíduos não são cristãos -- são judas!
» Idem « Este miserável atentado terrorista, perpetrado pelas forças mais negras da reacção, marca o início da campanha eleitoral da direita.
Como a direita a quer fazer: assassinando antifascistas, tentando semear entre o povo o terror, a desmoralização, a paralisia ».
« Voz do Povo », de 6/4/76 « Desde os tempos de seminário que o padre Max se distinguiu pela sua concepção do exercício sacerdotal: servir o povo e nunca servir-se do povo ».
Idem « Ser intelectual progressista, revolucionário, no Norte, é perigoso.
Se é professor de liceu constantemente requisitado pelos seus alunos, pior um pouco.
Se é padre católico e usa cabelos compridos, assistente da  JEC ( Juventude Escolar Católica ) e não entra mais na igreja mas celebra a missa em casa com os alunos e os amigos, o escândalo começa a ser insuportável.
Se anda com um grupo de teatro de aldeia em aldeia a fazer dinamização cultural concreta, se 300 alunos seus percorrem <LOCAL_GeoNetPT02 f_id="399563" t_id="LOC:ADM">Vila Real</LOCAL_GeoNetPT02> em manifestação reclamando que os estudantes são oprimidos pelo poder paterno e dos mestres, então é o fim.
Se o homem é da região, filho de emigrantes que recebeu o « baptismo revolucionário » em Paris, Maio de 68, e decidiu após o 25 de Abril largar a cidade porque a revolução faz-se na província, se este homem é inteligente, dinâmico, contagioso, alegre e corajoso, percebe-se por que é que a burguesia local o considerava o inimigo número um e as ameaças de morte choviam sobre ele desde o Verão passado.
Este homem provocou uma explosão em <LOCAL_GeoNetPT02 f_id="399563" t_id="LOC:ADM">Vila Real</LOCAL_GeoNetPT02>.
 Irreversível ».
 Fernando Belo, « Gazeta da Semana », de 8/4/76 « O padre Maximino representava a acusação permanente contra a prostituição do nome de Deus anexa a projectos de exploração do povo depois do 25 de Abril ».
Frei Bento Domingues, « Flama », 16/4/76 « A maior manifestação pública em <LOCAL_GeoNetPT02 f_id="399563" t_id="LOC:ADM">Vila Real</LOCAL_GeoNetPT02>, mas desta vez de luto e de pesar, verificou-se ontem, quando uma multidão ( cerca de 20 mil pessoas ) acompanhou o funeral do padre Maximino e de Maria de Lurdes, mortos num acto de terrorismo ».
« Jornal de Notícias », 4/4/76
</text>
</root>
