<?xml version="1.0" encoding="utf-8"?>
<root>
  <title>PUBLICO-19940401-084</title>
  <text>
Câmara lança apelo Há fome em Beja Mães que misturam uma pinga de leite na água para « enganar o estômago aos filhos », famílias onde só as crianças têm direito a uma refeição por dia, pessoas que se alimentam de esmolas, são as imagens dramáticas e visíveis da carência em <LOCAL_GeoNetPT02 f_id="32033" t_id="LOC:ADM">Beja</LOCAL_GeoNetPT02>.
O presidente da Câmara é peremptório:
« A isto chama-se fome ».
Desde Janeiro que é colocado perante situações de aflitiva carência alimentar a que não consegue dar resposta.
Actualmente verifica-se uma afluência enorme aos concursos lançados pelo município.
Até para coveiro, um lugar que sempre foi difícil de preencher, aparecem candidato às dezenas.
Perante a incapacidade de resolver sozinha esta avalanche de carenciados, a autarquia lançou um apelo, numa deliberação aprovada anteontem, para que se encontre uma forma de minorar as dificuldades que enfrentam famílias inteiras desempregadas.
Nomeadamente, repondo de imediato os programas de ocupação temporária, lançados pelo Instituto de Emprego e Formação Profissional, que agora está a extinguir os empregos de curta duração.
Para este ano, a Câmara solicitou ao Instituto a colocação de 40 pessoas, mas aquela entidade só satisfez 18 pedidos.
Sobre esta situação deverá também pronunciar-se a Associação de Municípios do distrito, pedindo medidas urgentes de combate ao desemprego e às situações de fome.
Simultaneamente, na agricultura vive-se o problema da falta de água em algumas zonas do distrito.
O caso mais grave é o dos agricultores do perímetro de rega da albufeira do Roxo, que neste momento têm a reserva de água mais baixa de todo o país, a cerca de 15 por cento da sua capacidade máxima, que é de 96 milhões de metros cúbicos.
Esta é a barragem que abastece os concelhos de <LOCAL_GeoNetPT02 f_id="58" t_id="CON:ADM">Beja</LOCAL_GeoNetPT02> e <LOCAL_GeoNetPT02 f_id="20" t_id="CON:ADM">Aljustrel</LOCAL_GeoNetPT02> e a água existente já não dá para satisfazer as necessidades dos proprietários dos 2.700 hectares que solicitaram rega.
Se este ano não chover, <LOCAL_GeoNetPT02 f_id="32033" t_id="LOC:ADM">Beja</LOCAL_GeoNetPT02> só terá água até 1995 e a Câmara quer evitar a abertura das comportas para abastecimento dos campos de cultivo e já aprovou uma proposta nesse sentido.
Mas a Associação de Regantes do Roxo não está pelos ajustes e pretende levar a água ao seu moinho.
Porque se não o fizer, alega, aumentam as falências de empresas agrícolas e os desempregados.
O secretário de estado da Agricultura foi posto perante este problema quando visitou a Ovibeja.
Mas este ano não há subsídios para situações de seca, porque ela não foi declarada oficialmente.
Álvaro Amaro comprometeu-se a encontrar uma resposta para este caso, que considerou pontual.
</text>
</root>
