<?xml version="1.0" encoding="utf-8"?>
<root>
  <title>PUBLICO-19950105-075</title>
  <text>Explosão no <LOCAL_GeoNetPT02 f_id="163901" t_id="LOC:ADM">Bombarral</LOCAL_GeoNetPT02>
A morte andou por perto
O acidente numa fábrica de pirotecnia que gerou o pânico no <LOCAL_GeoNetPT02 f_id="163901" t_id="LOC:ADM">Bombarral</LOCAL_GeoNetPT02>, no passado dia 30, poderá ter sido causado por uma reacção química provocada pelo excesso de humidade que se fazia sentir naquele dia, em contacto com matérias diferenciadas da « casa das cores » da fábrica, conforme declarou ao PÚBLICO o dono da empresa, António Rabaça Martins.
Eram sete e meia da tarde quando três violentas explosões se fizeram sentir no <LOCAL_GeoNetPT02 f_id="163901" t_id="LOC:ADM">Bombarral</LOCAL_GeoNetPT02>, ouvidas a 15 quilómetros de distância.
No <LOCAL_GeoNetPT02 f_id="164301" t_id="LOC:ADM">Cintrão</LOCAL_GeoNetPT02>, a aldeia que fica a escassas centenas de metros da Pirotecnia Moderna do Oeste, os vidros da casas partiram-se, houve fissuras nas paredes e candeeiros que não se aguentaram no tecto.
A população saiu para a rua pensando tratar-se de um terramoto, enquanto algumas pessoas julgavam que a explosão tinha sido na sua própria casa devido ao rebentamento das botijas de gás.
Rapidamente, porém, toda a gente viu que o « fogueteiro » ( nome pelo qual é conhecida a fábrica ) estava a arder.
Não houve vítimas porque os funcionários tinham saído da empresa há meia hora.
António Rabaça e filho, donos da empresa, estavam naquele preciso momento a abandonar as instalações.
Se tudo tivesse corrido meia hora antes, teria havido vidas a lamentar, como confessa o próprio empresário.
As causas do sinistro estão ainda por apurar, mas Rabaça Martins está convencido de que a « humidade e o tempo quente terão provocado qualquer reacção em qualquer matéria da casa das cores ».
A « casa das cores » é uma das várias « casas » de que é composta a fábrica, pois, por questões de segurança, as diversas etapas do fabrico de foguetes e de fogo-de-artifício são feitas em casas isoladas umas das outras para evitar reacções em cadeia.
A « casa das cores » é a que usa materiais mais diferenciados, e « devido a uma qualquer reacção química » explodiu, tendo o impacto quebrado os telhados das outras casas da fábrica permitindo a entrada de estilhaços incandescentes.
« Quando os produtos da primeira explosão caíram, tivemos o azar de se infiltrarem nos buracos dos telhados, fazendo explodir mais duas casas, que foram a segunda e a terceira explosões .»
Uma quarta casa seria ainda atingida mas não explodiu.
O proprietário diz que as duas segundas explosões poderiam ter sido evitadas se, em vez de lusalite, os telhados das casas fossem construídos com uma telha de chapa térmica, feita de alcatrão e alumínio, que é mais resistente e isola termicamente o interior.
Contudo, as autoridades só permitem que as telhas sejam de barro, cimento ou lusalite.
Rabaça Martins disse que teve um prejuízo de « largos milhares de contos », mas não quis especificar o montante.
A fábrica não tem seguro porque, segundo o próprio, este é tão caro que não faria outra coisa a não ser trabalhar para o seguro, que ascende a vários milhares de contos por ano.
Garante, contudo, que pagará os prejuízos resultantes da explosão à população do <LOCAL_GeoNetPT02 f_id="164301" t_id="LOC:ADM">Cintrão</LOCAL_GeoNetPT02> e do <LOCAL_GeoNetPT02 f_id="163901" t_id="LOC:ADM">Bombarral</LOCAL_GeoNetPT02>.
Quanto aos 15 trabalhadores da Pirotecnia Moderna do Oeste, não há garantias de que os seus postos de trabalho sejam salvaguardados.
« Vou pagando os ordenados enquanto houver dinheiro, pois não quero pô-los no Fundo de Desemprego », afirmou Rabaça Martins.
Uma equipa de peritos da Secção de Armas e Explosivos da PSP esteve no local na passada segunda-feira para averiguações.
Das investigações deverá resultar um inquérito.
No melhor pano cai a nódoa Como consequência deste susto, alguns moradores têm questionado a localização da pirotecnia, ao que o seu proprietário argumenta que a fábrica, que já era do seu pai, está naquele sítio há 61 anos.
O local já foi muito isolado, mas a povoação cresceu na sua direcção.
Curiosamente, o troço de seis quilómetros da IC1 que teve direito a inauguração pelo primeiro-ministro em 9 de Setembro do ano passado passa apenas a 130 metros da fábrica, quando o limite de segurança é de 150 metros.
Neste caso, foi o próprio Estado, através da <LOCALIMPLICITO f_id="418745" t_id="PAI:ADM">Portugal</LOCALIMPLICITO> Junta Autónoma de Estradas, a não cumprir as regras.
Um dos vários tijolos que voaram com as explosões poderia ter sido fatal para um carro que passasse no momento.
A fábrica sinistrada era tida, até então, como boa cumpridora das regras de segurança.
As instalações formam um conjunto de casas brancas impecavelmente limpas que mais parece uma aldeia alentejana.
As várias fases do processo produtivo estão afastadas e nenhum pavilhão tem primeiro andar.
Entre estes existem tanques com água límpida, onde no Verão apetece mergulhar.
São obrigatórios por lei, tal como as bocas de incêndio e os traveses de terra batida, colocados estrategicamente para aguentar o impacto de uma eventual explosão.
António Rabaça diz que, em alguns aspectos de segurança, foi mais além do que as medidas exigidas pela ex-Inspecção-Geral de Explosivos.</text>
</root>
