<?xml version="1.0" encoding="utf-8"?>
<root>
  <title>PUBLICO-19940801-047</title>
  <text>Corpo de Intervenção da PSP reforça vigilância no Tamariz  
Abel, banheiro de « grandes e pequenos » 
Luís Filipe Sebastião 
É um dos mais antigos e respeitados banheiros da Linha.
Gerações de veraneantes que frequentaram o Tamariz homenagearam-no este fim-de-semana no <LOCAL_GeoNetPT02 f_id="192072" t_id="LOC:ADM">Estoril</LOCAL_GeoNetPT02>, um ano depois de deixar as areias que foram moda nos anos 50 e 60.
Abel Moura leva agradecimentos e saudades, mas a praia também já não é o que era.
A praia do Tamariz já não é o que era.
Quem o assegura é Abel Moura, banheiro durante mais de meio século naquele que chegou a ser o areal mais « in » da Costa  do <LOCAL_GeoNetPT02 f_id="192072" t_id="LOC:ADM">Estoril</LOCAL_GeoNetPT02>, e que na sexta-feira à noite foi homenageado por várias gerações de habituais frequentadores das águas tépidas da linha.
A comprovar a mudança dos tempos, a vigilância da zona foi entregue ao Corpo de Intervenção da PSP.
Abel Moura tinha 18 anos quando se entregou à ocupação de banheiro.
Primeiro na denominada praia do Cipriano, no <LOCAL_GeoNetPT02 f_id="193412" t_id="LOC:ADM">Monte Estoril</LOCAL_GeoNetPT02>, e logo depois na praia do Tamariz, então ainda longe de ser o destino cosmopolita em que a construção do Casino do <LOCAL_GeoNetPT02 f_id="192072" t_id="LOC:ADM">Estoril</LOCAL_GeoNetPT02> a transformou.
Até porque a praia, antes da edificação dos dois pontões ainda existentes, se estendia até ao <LOCAL_GeoNetPT02 f_id="193412" t_id="LOC:ADM">Monte Estoril</LOCAL_GeoNetPT02>, zona em que, segundo conta um morador, José Pires, chegaram a existir três casinos.
« Quem fez o <LOCAL_GeoNetPT02 f_id="192072" t_id="LOC:ADM">Estoril</LOCAL_GeoNetPT02> foi o Fausto de Figueiredo », sublinha, numa alusão ao criador do moderno casino local.
Só mais tarde, pela década de 50, e ao som das melodias debitadas por uma velha Juke Box, junto ao bar de madeira do Tamariz, os jovens da zona começaram a catrapiscar as estrangeiras matreiramente apelidadas de « carapau de arribação », e que, recorda outro morador, Pedro Castilho, levavam « os cabos do mar a correr atrás dos biquinis ».
Traje que, sublinha, era uma revolução para uma sociedade em que os homens ainda envergavam fato de banho da cabeça aos pés ...
« Era respeitado tanto pelo grande como pelo pequeno », esclarece agora Abel Moura, aos 77 anos, referindo-se à aceitação das suas instruções pelos frequentadores do Tamariz, em termos da sua idade ou condição social.
E se ao longo das várias décadas os banhistas foram mudando, nos anos 60 aquele areal era preferido sobretudo pelos alentejanos.
Depois, acrescenta o nadador-salvador do Tamariz até ao ano passado, veio o lixo -- « ao nadar tinha que desviar a porcaria para o lado » -- e os dois molhes, que tornaram a praia mais funda, mas menos larga, pondo à vista os rochedos do lado do <LOCAL_GeoNetPT02 f_id="193412" t_id="LOC:ADM">Monte Estoril</LOCAL_GeoNetPT02>.
Para a mulher de Abel Moura, Ricardina, a vida com um nadador-salvador foi necessariamente preenchida com alguns sustos.
Quer quando Abel ficou debaixo de uma chata ( embarcação característica da zona ), quer na altura em que o marido e um colega ficaram retidos dentro de um túnel existente junto à praia à espera que a maré baixasse para saírem da imprevista ratoeira.
E para a costureira dos primeiros toldos e barracas instaladas no Tamariz, a praia mudou para pior:
« Está muito probrezinha ».
No entanto, apesar de a praia para Abel Moura já não ser o que era, está melhor desde que a capitania do Porto  de <LOCAL_GeoNetPT02 f_id="190749" t_id="LOC:ADM">Cascais</LOCAL_GeoNetPT02> deu instruções para que a zona fosse limpa « de certas pessoas que não interessam à praia do Tamariz », afirma, sem no entanto precisar que género de utilizadores são indesejáveis naquela que já foi uma das mais requisitadas zonas balneares da Costa  do <LOCAL_GeoNetPT02 f_id="192072" t_id="LOC:ADM">Estoril</LOCAL_GeoNetPT02>.
E embora os elementos policiais contactados pelo PÚBLICO não admitissem a existência de quaisquer distúrbios no local, uma patrulha do Corpo de Intervenção da PSP assegura, há algum tempo, a vigilância junto à areia, enquanto um agente da PSP de <LOCAL_GeoNetPT02 f_id="190749" t_id="LOC:ADM">Cascais</LOCAL_GeoNetPT02> se mantém perto da estação da CP.
Por várias vezes referido por algumas da centena de pessoas que se juntaram no Tamariz para o homenagear como « o nosso Abel » -- entre os quais figurou a Infanta Margarita, irmã do rei Juan Carlos de Espanha --, o nadador-salvador viu reconhecido, pela    Câmara de <LOCAL_GeoNetPT02 f_id="190749" t_id="LOC:ADM">Cascais</LOCAL_GeoNetPT02>, pela  Junta de Turismo da Costa do Estoril e pela Sociedade Estoril Sol, cerca de seis décadas votadas à vigilância e socorro de várias gerações de banhistas de uma das praias da linha, que começam agora, com a entrada em funcionamento do sistema de saneamento básico -- principalmente com o auxílio das próximas marés vivas -- a recuperar de uma longa imagem de águas turvas.</text>
</root>
