<?xml version="1.0" encoding="utf-8"?>
<root>
  <title>PUBLICO-19950104-054</title>
  <text>Gasolineira assaltada
Um indivíduo encapuçado munido de uma caçadeira de canos serrados assaltou segunda-feira um posto de combstíveis da Galp em <LOCAL_GeoNetPT02 f_id="364991" t_id="LOC:ADM">Paio Pires</LOCAL_GeoNetPT02>, no concelho de <LOCAL_GeoNetPT02 f_id="21" t_id="CON:ADM">Almada</LOCAL_GeoNetPT02>, roubando ao empregado 50 contos e cheques, noticiou a Agência Lusa, citando fonte da <LOCALIMPLICITO f_id="418745" t_id="PAI:ADM">Portugal</LOCALIMPLICITO> GNR.
O assaltante fazia-se transportar num automóvel Fiat Uno, cinzento, no interior do qual dois cumplíces, também mascarados, o aguardaram durante a operação.
Todos eles fugiram depois pela estrada nacional 10, na direcção do <LOCAL_GeoNetPT02 f_id="350784" t_id="LOC:ADM">Barreiro</LOCAL_GeoNetPT02>.
</text>
</root>
