<?xml version="1.0" encoding="utf-8"?>
<root>
  <title>PUBLICO-19950105-080</title>
  <text>Explosão em infantário, por vistoriar, de <LOCAL_GeoNetPT02 f_id="333670" t_id="LOC:ADM">Ourém</LOCAL_GeoNetPT02> causa 19 feridos
Pressa quase fatal
A explosão ontem ocorrida num infantário de <LOCAL_GeoNetPT02 f_id="333670" t_id="LOC:ADM">Ourém</LOCAL_GeoNetPT02>, que funcionava em novas instalações há apenas dois dias -- em situação irregular --, só por acaso não causou vítimas mortais entre as crianças presentes.
De facto, terá havido « alguma pressa » na mudança de instalações, para um prédio ainda em obras e por vistoriar, como reconheceu ao PÚBLICO Mário de Albuquerque, presidente da    Câmara  e da Assembleia Geral daquela instituição.
Na sala imediatamente ao lado da cozinha -- cuja parede rebentou em vários blocos de grande dimensão --, estava provisoriamente instalado o grupo da classe dos três anos.
« Foi um grande milagre o tijolo não ter atingido nenhuma das crianças », disse ao PÚBLICO, ontem, o comandante dos bombeiros voluntários de <LOCAL_GeoNetPT02 f_id="333670" t_id="LOC:ADM">Ourém</LOCAL_GeoNetPT02>, Joaquim da Silva.
A convicção geral era a de que a parede voou por cima da cabeça das crianças, que estariam provavelmente de gatas ou deitadas a jogar.
Aos hospitais de <LOCAL_GeoNetPT02 f_id="342354" t_id="LOC:ADM">Torres Novas</LOCAL_GeoNetPT02>, <LOCAL_GeoNetPT02 f_id="340999" t_id="LOC:ADM">Tomar</LOCAL_GeoNetPT02> e Santa Maria , acabariam por ser transportados 19 feridos, entre quatro empregadas, uma em estado grave, e 15 crianças, que sofreram escoriações e ferimentos ligeiros.
A explosão terá ficado a dever-se a uma perfuração, por um parafuso, da instalação de gás da cozinha -- numa sala que foi adaptada para este efeito -- aquando da montagem de uma bancada lava-loiças.
O furo deixou escapar o gás durante três dias para dentro de uma caixa de ar de uma das paredes, que ontem rebentou.
A explosão foi violentíssima, « parecia dinamite », nas palavras de uma educadora de infância, e rebentou por completo várias paredes, abrindo brechas nas portas de madeira suficientemente grandes para deixar passar uma pessoa.
O infantário ficou devastado, com vários vidros partidos, e os materiais escolares das crianças espalhados pelo chão.
O  Jardim Escola de <LOCAL_GeoNetPT02 f_id="333670" t_id="LOC:ADM">Ourém</LOCAL_GeoNetPT02> começou a funcionar nas novas instalações sem a vistoria final exigida pela lei, que inclui verificação do cumprimento das normas técnicas de segurança e salubridade, a realizar pela Câmara Municipal, bombeiros e Delegação de Saúde local.
Mário de Albuquerque, presidente da Câmara Municipal de <LOCAL_GeoNetPT02 f_id="208" t_id="CON:ADM">Ourém</LOCAL_GeoNetPT02> e simultaneamente presidente da assembleia geral deste jardim escola -- uma Instituição particular de solidariedade social --, declarou que a vistoria « não foi pedida, nem total nem parcialmente », para o prédio ou para o infantário, razão pela qual « talvez não fosse legal » a abertura do infantário.
« Como estávamos numas instalações tão degradadas, achámos que havia a necessidade de mudar », justificou Augusto Gonçalves, presidente da direcção do jardim-escola, reconhecendo que aceleraram o processo para abrir ali no início do ano.
Quem não se mostrou muito convencido da urgência da mudança foi João José -- marido da educadora Maria da Conceição Neves, 30 anos, que ficou hospitalizada em Santa Maria  em estado mais grave ( traumatismo cranioencefálico, fractura múltipla do osso frontal, lesão do tecto da órbita e contusão do lobo frontal direito ) --, acrescentando que o edifício « não ameaçava ruir ».
« O outro era velho, mas nunca lá aconteceu nada ... », desabafou.
Nas urgências do hospital de <LOCAL_GeoNetPT02 f_id="196518" t_id="LOC:ADM">Lisboa</LOCAL_GeoNetPT02> ficaram em observação a cozinheira do infantário, Lúcia Purificação Reis, 42 anos, com uma contusão frontal discreta, e a ajudante de cozinha Maria Abreu Farica, de 40 anos, que deverá ter alta hoje por não se ter confirmado a existência de uma contusão na coluna vertebral.
Segundo Carneiro  de Moura , director de Santa Maria , o « caso mais grave » é o de Maria Conceição, que se encontra sob « prognóstico reservado ».
Ainda de acordo com este responsável, os ferimentos das vítimas foram causados pela « queda de uma parede e não resultaram directamente da explosão ».
O chefe da esquadra local da PSP referiu ter remetido ao delegado do  Ministério Público os resultados da investigação ontem realizada.
O presidente da    Câmara , por seu lado, disse ter mandado instaurar um inquérito para dar resultados « num máximo de três dias ».
Mas as próprias camionetas municipais, durante a tarde, encarregavam-se de remover os vestígios mais evidentes da explosão.
J.D.M. / L.F.S.</text>
</root>
