<?xml version="1.0" encoding="utf-8"?>
<root>
  <title>PUBLICO-19950107-108</title>
  <text>
No Imprevisto, <LOCAL_GeoNetPT02 f_id="208451" t_id="TRV:ADM">Laranjeira</LOCAL_GeoNetPT02> 35, está patente, até 20 de Janeiro, a exposição de escultura « O mundo do Inconsciente », de Vasco de Carvalho.
</text>
  <text>
Na Cinemateca continua o ciclo dedicado a Burt Lancaster com a exibição, às 15h30, do filme « The Cassandra Crossing », de George Pan Cosmatos e, às 21h30, « Jim Thorpe - All American », de Michael Curtiz. Integrado no ciclo Quando o Cinema Começou a Ser Moderno, às 21h30 pode ver « Lola Montes », de Max Ophuls.
</text>
  <text>
No Museu da República e Resistência, Estrada de Benfica 419, está patente a exposição de pintura « Naif », de Silvana.
</text>
  <text>
Na Gartejo , a <LOCAL_GeoNetPT02 f_id="207969" t_id="ZON:ADM">Alcântara</LOCAL_GeoNetPT02>, há música ao vivo, a partir das 23h00, com o « Percussion Group ».
</text>
  <text>
Na Galeria Diferença, Rua <LOCAL_GeoNetPT02 f_id="207239" t_id="RUA:ADM">São Filipe Neri</LOCAL_GeoNetPT02> 42, está patente a exposição « Ornato - Ornamento Deliberado », com pinturas e desenhos de Manuel Costa Cabral. Até 14 de Janeiro.
</text>
  <text>
Na Missão de Macau, Avª <LOCAL_GeoNetPT02 f_id="197942" t_id="AVE:ADM">5 de Outubro</LOCAL_GeoNetPT02> 115 r / c, pode visitar a exposição de aguarelas « Transparências » ( Memórias de Macau ), de Gracinda Candeias.
</text>
  <text>
Na Galeria Municipal do Gymnásio, pode ver uma exposição de desenho de alunos finalistas da Faculdade de Belas Artes da  Universidade de Lisboa. Patente até 21 de Janeiro.
</text>
  <text>
Na Galeria Municipal da <LOCAL_GeoNetPT02 f_id="182400" t_id="LOC:ADM">Amadora</LOCAL_GeoNetPT02> está patente uma exposição de cerâmica de Fernanda Páscoa. Até 29 de Janeiro.
</text>
  <text>
No Palácio Nacional de <LOCAL_GeoNetPT02 f_id="240249" t_id="LOC:ADM">Sintra</LOCAL_GeoNetPT02> está patente, até 26 de Fevereiro, a exposição de arte flamenga contemporânea « Memória e Desejo - 9 Artistas Contemporâneos da Flandres », com obras de Fred Eerdekens, Guillaume Biji, Jurgen Voordeckers, Leo Copers, Luc Deleu, Ludwig Vandevelve, Patrick Van Caeckenberg, Philip Huyghe e Ria Pacquée.
</text>
  <text>
Na Galeria de Exposições do Fórum Cultural do <LOCAL_GeoNetPT02 f_id="367093" t_id="LOC:ADM">Seixal</LOCAL_GeoNetPT02>, está patente uma exposição de Manuel Cargaleiro.Até 25 de Janeiro.
</text>
  <text>
Na Sala de Exposições Temporárias do Museu Municipal de <LOCAL_GeoNetPT02 f_id="128797" t_id="LOC:ADM">Portimão</LOCAL_GeoNetPT02> está patente a exposição « Era uma vez um brinquedo português ».
Esta mostra constitui um roteiro vivo da evolução do brinquedo através de um contacto mais próximo com as formas, cores e materiais que moldaram o imaginário das gerações do princípio do século até aos anos 70.
Quatrocentas peças, divididas em 15 núcleos temáticos, que podem ser visitadas até 31 de Março.
</text>
</root>
