<?xml version="1.0" encoding="utf-8"?>
<root>
  <title>PUBLICO-19940801-052</title>
  <text>Metro pretende usar « Maria Lisboa » até Santa Apolónia
A vida de um escudo que custou três milhões Fernanda Ribeiro « Maria Lisboa », o escudo gigante que em finais de Agosto começará a fazer o túnel de Metro do <LOCAL_GeoNetPT02 f_id="198526" t_id="CAI:ADM">Cais do Sodré</LOCAL_GeoNetPT02> ao <LOCAL_GeoNetPT02 f_id="200249" t_id="PRA:ADM">Rossio</LOCAL_GeoNetPT02>, só gastará metade do seu tempo de vida útil para fazer as obras da Baixa já contratadas com o empreiteiro.
« Para poupar tempo e dinheiro », o Metro pretende usá-lo em novas galerias, até Santa Apolónia.
Mas falta-lhe autorização da tutela, a dispensar novo concurso público.
E, no final, há já quem diga que o escudo poderá virar centro comercial.
O princípio da escavação e construção da galeria do Metro que há-de unir subterraneamente o <LOCAL_GeoNetPT02 f_id="198526" t_id="CAI:ADM">Cais do Sodré</LOCAL_GeoNetPT02> à Baixa-Chiado e ao <LOCAL_GeoNetPT02 f_id="200249" t_id="PRA:ADM">Rossio</LOCAL_GeoNetPT02> leva já dois meses de atraso, relativamente à programação inicial da obra, só devendo arrancar na última semana de Agosto.
Até lá, o escudo « Maria Lisboa », como foi apelidado, está em fase final de montagem no local de partida, ou seja, a 15 metros de profundidade, abaixo do nível do rio, mesmo rente à velha estação da CP no <LOCAL_GeoNetPT02 f_id="198526" t_id="CAI:ADM">Cais do Sodré</LOCAL_GeoNetPT02>, onde trabalham 200 operários, repartidos entre turnos de dia e de noite.
À « Maria Lisboa », uma estrutura em aço, que tem 10 metros de diâmetro e pesa quase 700 toneladas, falta agora apenas a cabeça, ou roda de corte, a instalar até ao próximo dia 20 de Agosto, aproveitando-se o tempo que falta para se continuarem a fazer testes de afinação da máquina.
E a importância da realização destes testes para afinação do escudo -- uma máquina impressionante não só pelas suas dimensões e peso, mas sobretudo pelo seu custo, três milhões de contos -- reside no simples facto de, uma vez lá em baixo, ele não poder parar.
Sem recuo possível « O escudo não faz marcha atrás, só anda para a frente », garante Dias Fernandes, director de projecto do Metropolitano, sendo movido por 32 macacos hidráulicos, que lhe dão o impulso.
E caso avariasse no percurso, para o tirar do local seria preciso escavar um poço, semelhante ao que está agora a ser aberto no <LOCAL_GeoNetPT02 f_id="200249" t_id="PRA:ADM">Rossio</LOCAL_GeoNetPT02>, junto à estátua de D. Pedro IV, onde está previsto que ele saia em Março do próximo ano, já contando com o atraso que leva no arranque.
Mas nem em todos os pontos do percurso seria possível abrir um poço à superfície, e caso ele avariasse a meio correr-se-ia o risco de perder no subsolo os três milhões de contos que custou a máquina, sem que ela tivesse realizado na totalidade o trabalho para o qual foi expressamente construída, em Lille, , pela FCB Kawasaky.
Além do túnel <LOCAL_GeoNetPT02 f_id="198526" t_id="CAI:ADM">Cais do Sodré</LOCAL_GeoNetPT02> / <LOCAL_GeoNetPT02 f_id="200249" t_id="PRA:ADM">Rossio</LOCAL_GeoNetPT02>, passando primeiro pela Baixa-Chiado, o escudo irá também fazer, ainda que não totalmente, a galeria entre o <LOCAL_GeoNetPT02 f_id="200218" t_id="PRA:ADM">Terreiro do Paço</LOCAL_GeoNetPT02> e os <LOCAL_GeoNetPT02 f_id="200259" t_id="PRA:ADM">Restauradores</LOCAL_GeoNetPT02>.
Para isso, será desmontado no <LOCAL_GeoNetPT02 f_id="200249" t_id="PRA:ADM">Rossio</LOCAL_GeoNetPT02>, para voltar a ser montado, em Junho de 1995, « junto ao edifício do  Arsenal, em território da Marinha, onde terá de ser aberto novo poço, para a sua entrada », o que, segundo os responsáveis do Metropolitano, « está a ser negociado » com o Estado-Maior da Armada .
Daí, o escudo « Maria Lisboa » seguirá até à <LOCAL_GeoNetPT02 f_id="199756" t_id="LRG:ADM">Praça do Duque de Cadaval</LOCAL_GeoNetPT02>, junto à estação de caminho de ferro da CP no <LOCAL_GeoNetPT02 f_id="200249" t_id="PRA:ADM">Rossio</LOCAL_GeoNetPT02>, onde sairá novamente, uma vez que o restante percurso desta linha, até aos <LOCAL_GeoNetPT02 f_id="200259" t_id="PRA:ADM">Restauradores</LOCAL_GeoNetPT02>, dadas as diferentes características dos solos, afirma o director de projecto, « será feito recorrendo a técnicas tradicionais de escavação, utilizando máquinas de perfuração pontual », semelhantes à « Lili Marlene », que está a trabalhar na Rotunda-Rato.
« É que o escudo foi feito a pensar expressamente em determinado tipo de solos, como os aterros e aluviões, que encontrará no <LOCAL_GeoNetPT02 f_id="198526" t_id="CAI:ADM">Cais do Sodré</LOCAL_GeoNetPT02> e próximo do <LOCAL_GeoNetPT02 f_id="200218" t_id="PRA:ADM">Terreiro do Paço</LOCAL_GeoNetPT02>, ou ainda os calcários margosos e as argilas e areolas, como as que irá encontrar no percurso da Baixa ao <LOCAL_GeoNetPT02 f_id="200249" t_id="PRA:ADM">Rossio</LOCAL_GeoNetPT02> ».
E, dado esse facto, também não pode ser utilizado em qualquer túnel do Metro.
Vida útil não se esgota na Baixa 
No entanto, tendo em conta que, ao chegar aos Restauradores, o escudo disporá ainda de cerca de 10 mil horas de vida útil -- embora haja peças que duram ainda mais --, o Metropolitano está a pensar aproveitá-lo para fazer depois a galeria até Santa Apolónia -- partindo outra vez do poço aberto em território da Marinha, junto à Ribeira das Naus, e abrindo uma galeria que será única em <LOCAL_GeoNetPT02 f_id="196518" t_id="LOC:ADM">Lisboa</LOCAL_GeoNetPT02>, já que no troço até ao <LOCAL_GeoNetPT02 f_id="200218" t_id="PRA:ADM">Terreiro do Paço</LOCAL_GeoNetPT02> passará debaixo do Tejo .
Mas, como o escudo não pertence ao Metro e sim ao empreiteiro -- um consórcio constituído entre a as empresas BCP, CBPO, Somague, Agroman, Profabril, Kaiser e  Acer e ACE --, para a galeria compreendida entre o <LOCAL_GeoNetPT02 f_id="200218" t_id="PRA:ADM">Terreiro do Paço</LOCAL_GeoNetPT02> haverá ainda que renegociar novo contrato.
Naquele que foi já estabelecido com o consórcio, segundo Dias Fernandes, não está incluída a totalidade do empreendimento da Baixa.
« Faltam ainda a estação do <LOCAL_GeoNetPT02 f_id="200218" t_id="PRA:ADM">Terreiro do Paço</LOCAL_GeoNetPT02>, a galeria daí até Santa Apolónia e a estação com o mesmo nome », afirma.
Embora o ministro das Obras Públicas tenha decidido agregar a estação do <LOCAL_GeoNetPT02 f_id="200218" t_id="PRA:ADM">Terreiro do Paço</LOCAL_GeoNetPT02> ao Plano de Expansão da Rede I, « a obra não passa automaticamente a constar do contrato;
há que negociar um novo », acrescentou Dias Fernandes.
E, « para se poupar tempo e dinheiro » seria « desejável », de acordo com a mesma fonte, que essa outra fase ficasse a cargo do consórcio, que é detentor do escudo, um equipamento caro que dispõe ainda de tempo de vida útil suficiente para realizar as obras.
Evitar novo concurso público No entanto, as verbas a orçamentar para as galerias e estações <LOCAL_GeoNetPT02 f_id="200218" t_id="PRA:ADM">Terreiro do Paço</LOCAL_GeoNetPT02>  justificariam um concurso público.
Por isso, « só com autorização superior », do ministro da tutela, Ferreira do Amaral, ou eventualmente do Conselho de Ministros, se poderá dispensar novo concurso para que o escudo possa prosseguir caminho até Santa Apolónia, sem interrupções.
E se isso se concretizar, o Metropolitano espera ter pronto até 96 o empreendimento da Baixa, mas não incluindo ainda a estação do <LOCAL_GeoNetPT02 f_id="200218" t_id="PRA:ADM">Terreiro do Paço</LOCAL_GeoNetPT02>.
« Isso só em 1997 », disse Dias Fernandes.
Quanto o destino final do escudo, quando deixar de trabalhar no subsolo e se reformar, fala-se já da possibilidade de aproveitar a sua estrutura em aço para usos comerciais, como contou ao PÚBLICO uma fonte ligada ao consórcio, segundo a qual « há a ideia de transformar o escudo num centro comercial », em Santa Apolónia.
Mas João Guzman, o director da obra que representa o consórcio, não confirmou esta hipótese.
« Ainda é muito cedo para se falar em algo concreto.
O escudo poderá ser usado noutras obras, e não apenas em <LOCAL_GeoNetPT02 f_id="418745" t_id="PAI:ADM">Portugal</LOCAL_GeoNetPT02>, mas tudo depende do mercado, que ao longo do tempo sofre oscilações e, para isso, ele teria que ser revisto e acondicionado, já que o seu prazo de garantia é de cinco quilómetros de trabalhos », adianta.
Quanto a uma futura utilização na reforma, diversa da construção de galerias, João Guzman salienta que a retirada do escudo do subsolo é uma operação cara, porque requer a abertura de um poço e a estrutura em aço não tem grande valor comercial.
Mas mesmo caso essa não seja a opção, o escudo, em particular a sua cabeça, uma estrutura metálica estanque, poderá vir a fazer parte da última galeria que ele venha a construir: ou a dos <LOCAL_GeoNetPT02 f_id="200259" t_id="PRA:ADM">Restauradores</LOCAL_GeoNetPT02>, ou a de Santa Apolónia -- o que daria um toque algo espacial à estação em causa.</text>
</root>
