<?xml version="1.0" encoding="utf-8"?>
<root>
  <title>PUBLICO-19950106-071</title>
  <text>Este foi o estado em que ficou o  Mini que ontem à tarde foi « ensanduichado » entre duas viaturas pesadas, quando se encontrava parado num semáforo, na Rua do <LOCAL_GeoNetPT02 f_id="211996" t_id="RUA:ADM">Funchal</LOCAL_GeoNetPT02>, junto ao Pingo de Doce de <LOCAL_GeoNetPT02 f_id="211735" t_id="LOC:ADM">Loures</LOCAL_GeoNetPT02>.
O pequeno automóvel parou atrás do primeiro pesado e foi abalroado pelo segundo, um veículo da construtora Mota e Companhia.
Aparentemente, foram os travões que não funcionaram.
O motorista do carro que provocou o acidente ainda terá tentado desviar-se para o outro lado da via, mas esse gesto não impediu que a condutora do  Mini, Carla Isabel da Cunha, de 24 anos, perdesse a vida.
</text>
</root>
