<?xml version="1.0" encoding="utf-8"?>
<root>
  <title>PUBLICO-19940402-051</title>
  <text>
O musical em <LOCAL_GeoNetPT02 f_id="225560" t_id="LOC:ADM">Algés</LOCAL_GeoNetPT02> e Benfica Ir ao teatro no Sábado de Aleluia?
Não é má ideia.
E se for à margem de Lisboa 94?
Melhor ainda.
Os mais novos, dando a mão aos pais, podem ir, às 16h, a <LOCAL_GeoNetPT02 f_id="1709" t_id="FRG:ADM">Benfica</LOCAL_GeoNetPT02>, à Sala Estúdio Papa Léguas, ver e ouvir « Os Músicos de Brémen ».
Os músicos de Brémen são quatro bichinhos que querem mudar de vida.
E mudam.
Saem das respectivas tocas e caminham na direcção da cidade.
Pelo caminho vão ensaiando danças e cantorias -- quem sabe se, ao chegar a Brémen, não arranjam emprego num cabaré ou num bar?
A partir de uma história popular alemã, António Melo constrói um pequeno festival em que o gato, o cão, o galo e o burro se transformam em astros de « music-hall ».
 Vão ver, que é divertido!
Outro espectáculo divertido, e também à margem de Lisboa 94, é o « Cabaret do Conde Marquês ».
O grupo de teatro Intervalo de Algés, apresenta-o hoje, no  Palácio Ribamar.
Sob a direcção de Armando Caldas, o grupo dá continuação ao « Cabaret do Prazer e da Memória », um espectáculo memorável, que ficou um ano em cena.
A zona de Algés-Carnaxide-Oeiras-Caxias-Cruz Quebrada ufana-se de ser terra de gente notável até mesmo imortal.
No « Cabaré » de 1993, celebrava-se Cesário Verde, João de Freitas Branco.
 Tomás Alcaide;
no novo « Cabaret » que hoje pode ser visto, as vedetas são o Marquês de Pombal ( ex-conde de Oeiras ), Aquilino Ribeiro, Alves Redol, Camilo Castelo Branco.
Quem quiser saber quais as relações de cada um deles com as praias da Linha, não perca, às sextas e sábados, este cabaré didáctico-musical de <LOCAL_GeoNetPT02 f_id="225560" t_id="LOC:ADM">Algés</LOCAL_GeoNetPT02>.
Que é abrilhantado com « sketches » cabaréticos de Karl Valentin e com canções de duas grandes vedetas da Linha: O Quim de Algés e o Nelo de Carnaxide.
« Os Músicos de Brémen ».
 Sala Estúdio Papa Léguas ( R. Prof. Santos Lucas ), hoje, ás 16h.
« O Cabaret do Conde-Marquês ».
 Palácio Ribamar ( <LOCAL_GeoNetPT02 f_id="225560" t_id="LOC:ADM">Algés</LOCAL_GeoNetPT02> ), hoje, às 21h30.
</text>
</root>
