<?xml version="1.0" encoding="utf-8"?>
<root>
  <title>PUBLICO-19950105-149</title>
  <text>Reservando para si a estratégia eleitoral Cavaco já prepara moção ao Congresso
Cavaco Silva já está a trabalhar na moção que a Comissão Política Nacional ( CPN ) do PSD vai apresentar ao Congresso de Fevereiro.
Para si próprio reservou a definição da estratégia eleitoral, tanto em matéria de legislativas como de presidenciais, enquanto tudo o resto foi dividido por quatro elementos do seu núcleo de conselheiros políticos.
Para fazer esta distribuição, o líder social-democrata falou individualmente com Fernando Nogueira, Dias Loureiro, Marques Mendes e Durão Barroso dando-lhes tópicos para cada um elaborar o respectivo capítulo ou área.
O facto de Cavaco se dispor a subscrever uma moção foi imediatamente entendido, sobretudo nos sectores intermédios do partido e do Governo, como um sinal afirmativo da sua intenção de manter a liderança.
Mas não é isso que pensam justamente os seus mais próximos conselheiros, que justificam a atitude de Cavaco como uma espécie de exemplo do seu « profissionalismo ».
Isto é, como presidente da CPN, ele não poderia deixar de ter uma iniciativa que habilitasse este órgão de direcção política a apresentar ao Congresso -- o mais importante desde aquele que, vai fazer dez anos, na <LOCAL_GeoNetPT02 f_id="98897" t_id="LOC:ADM">Figueira da Foz</LOCAL_GeoNetPT02>, entronizou Cavaco Silva na liderança -- uma proposta de estratégia para o     PSD num ano de forte combate político-eleitoral.
Nesta medida, a atitude do líder social-democrata não constitui mais do que uma espécie de « assunção de responsabilidades ».
Esta ideia é reforçada não só pela própria constituição da equipa redactorial, como também pelo exacto cumprimento do ritual de formalidades com que Cavaco precedeu a sua diligência.
Quanto ao primeiro aspecto, sublinhe-se o facto de o núcleo de redactores ser o mesmo de há dois anos, sendo ainda de assinalar que três deles -- Nogueira, Loureiro e Mendes -- são os elementos que restam da sua primeira comissão política, ou seja, a que foi eleita em 1985, na <LOCAL_GeoNetPT02 f_id="98897" t_id="LOC:ADM">Figueira da Foz</LOCAL_GeoNetPT02>.
Há aqui, portanto, um elemento de fidelidade e de reconhecimento a um conjunto de pessoas em que se inclui, obviamente, o jovem ministro dos Negócios Estrangeiros, de cujo conselho Cavaco não prescinde, em sinal de reconhecimento de qualidades políticas que não se cansa de exaltar.
No que respeita aos aspectos formais, também nada mudou.
O contributo pedido a cada pessoa é individual e é nesse sentido -- e não no da criação de uma estrutura ou de um grupo -- que Cavaco fala com cada um dos redactores.
Também a exemplo do que aconteceu em anos anteriores, não houve qualquer discussão prévia na direcção do partido antes da elaboração do texto.
Só houve uma « pequena « nuance '» relativamente ao passado.
Desta vez, o líder do     PSD « carregou » mais na vontade de assumir ele próprio as partes dedicadas às legislativas e às presidenciais -- uma questão de « ênfase » apenas, porque, em anos anteriores, Cavaco também reservou para si estas áreas.
Distritais mantêm pacto Muito sossegadinhas estão as distritais.
Fizeram um pacto na sequência do almoço de Dezembro com o líder do partido e estão a manter-se fiéis ao estipulado -- um acordo que assenta em quatro pontos.
Ninguém faz qualquer moção até Cavaco tornar pública uma decisão quanto ao seu futuro político; ficou já marcada uma reunião de todas as distritais para o dia a seguir a esse « acontecimento »; no caso de o líder apresentar uma moção, todas estas estruturas a subscreverão, por forma a « consensualizar uma posição de força à volta dele »; se tal não acontecer, então serão as próprias distritais a elaborar, entre si, um texto único, impondo assim uma opção estratégica que facilmente poderá obter a adesão esmagadora do Congresso por via do peso decisivo que as distritais ( leia-se as bases ) têm no conjunto de delegados.
Segundo o presidente de um destes órgãos, tal iniciativa « evitará a divisão » previsível se se concretizar o abandono de Cavaco.
Entretanto, já começam a apresentar-se as listas de delegados nas secções, sendo de realçar que, em muitas delas, há mais do que uma.
Para já, registe-se o que se está a passar na secção F de Lisboa , em que uma autodenominada « lista das bases » tem à cabeça Manuela Ferreira Leite, seguindo-se Luís Todo-Bom e Vítor Gonçalves.
Como se sabe, a primeira é ministra da Educação, o segundo é membro da Comissão Permanente e o último foi vereador da    Câmara de <LOCAL_GeoNetPT02 f_id="146" t_id="CON:ADM">Lisboa</LOCAL_GeoNetPT02>.
Áurea Sampaio</text>
</root>
