<?xml version="1.0" encoding="utf-8"?>
<root>
  <title>PUBLICO-19940404-042</title>
  <text><LOCAL_GeoNetPT02 f_id="249101" t_id="LOC:ADM">Vila Franca de Xira</LOCAL_GeoNetPT02> 
Daniel Branco regressa este mês
A provável participação de Daniel Branco, já recuperado da intervenção cirúrgica a que foi submetido, numa palestra marcada para o próximo dia 20 e a decisão de instalar, em <LOCAL_GeoNetPT02 f_id="246334" t_id="LOC:ADM">Alverca</LOCAL_GeoNetPT02>, um monumento evocativo da revolução, são as principais novidades do programa das comemorações dos 20 anos do 25 de Abril, iniciadas no sábado no concelho de <LOCAL_GeoNetPT02 f_id="325" t_id="CON:ADM">Vila Franca de Xira</LOCAL_GeoNetPT02>.
O programa, que se prolongará até 30 de abril, foi delineado por uma comissão composta por eleitos autárquicos, associações e colectividades locais.
O tradicional ponto alto das celebrações situa-se na tarde do dia 25 com um desfile pela sede do concelho e intervenções no Largo do Município.
Ao longo do mês realizam-se diversos debates nas 9 escolas C+S e secundárias do município e para os estabelecimentos do primeiro ciclo do ensino básico estão previstos os chamados « Jogosde Abril » e a distribuição de livros sobre o 25 de Abril.
Com o objectivo de aproximar os jovens do espírito das comemorações e dos valores de Abril está também projectado o envio de um postal a todos os habitantes do concelho que contem 20 anos e a organização de uma mostra de novas bandas e de uma noite da juventude.</text>
</root>
