<?xml version="1.0" encoding="utf-8"?>
<root>
  <title>PUBLICO-19940401-119</title>
  <text>
Sá poderá suspender o mandato
Amélia Pardal na lista da CDU
A dirigente da JCP, Amélia Pardal, deverá ser um dos nomes que surgirão em lugar de destaque na lista da  CDU ao  Parlamento Europeu que é oficialmente apresentada no início da próxima semana, em <LOCAL_GeoNetPT02 f_id="196518" t_id="LOC:ADM">Lisboa</LOCAL_GeoNetPT02>.
Se bem que num lugar cimeiro, Amélia Pardal poderá, contudo, não surgir em quinto, ou seja, imediatamente a seguir aos quatro primeiros nomes, já conhecidos: os comunistas Luís Sá, Joaquim Miranda e Sérgio Ribeiro, e Isabel Castro, de «  Os Verdes ».
A escolha do quinto nome terá sido, aliás, alvo de um demorado processo de discussão, apesar de a direcção nacional do  PCP ter estabelecido, sem o assumir oficialmente, como objectivo eleitoral para a  CDU a eleição de quatro eurodeputados, à semelhança do que aconteceu há cinco anos com a lista então encabeçada por Carlos Carvalhas, hoje secretário-geral.
Um dos factores que poderá ter determinado a demora na definição de quem é candidato e em que lugar entra é a eventual necessidade de proceder à substituição de eurodeputados durante os próximos cinco anos -- embora não fosse difícil à direcção comunista pedir aos primeiros não eleitos que desistissem e avançar um nome de baixo.
A experiência das substituições de Carlos Carvalhas, Barros Moura e Rogério de Brito no período parlamentar que agora termina alertou o  PCP para a questão.
 Sá volta antes do fim Para mais, é tido como certo que o cabeça de lista, Luís Sá, virá a suspender, antes do fim, o mandato de eurodeputado, para que será eleito a 12 de Junho.
É que o primeiro candidato da  CDU ao  Parlamento Europeu é, desde há vários anos, o dirigente comunista que, como membro da Comissão Política, detém a responsabilidade máxima das áreas da justiça, da Constituição e das autarquias.
Daí ser previsível que as responsabilidades partidárias de Sá o façam regressar de Estrasburgo antes de terminado o mandato.
Além disso, apesar de Sá não trabalhar sozinho e ter uma equipa que consigo assegura, na direcção nacional do  PCP, o acompanhamentos das questões do poder local, o facto de as próximas autárquicas se realizarem, em princípio, em Dezembro de 1997, deverá trazer o cabeça de lista da  CDU de volta a <LOCAL_GeoNetPT02 f_id="196518" t_id="LOC:ADM">Lisboa</LOCAL_GeoNetPT02> pelo menos com um ano de antecedência.
Anuncia-se ainda uma revisão da Constituição e realizam-se eleições legislativas em 1995, dois acontecimentos para os quais a direcção comunista poderá vir a necessitar da contribuição de Sá .
Estas razões, de acordo com a opinião de alguns dirigentes do  PCP, levam a prever que a bancada comunista no  Parlamento Europeu continue a ser coordenada por Joaquim Miranda, que é também presidente do grupo Coligação de Esquerda.
 Ribeiro em pré-campanha O eurodeputado comunista Sérgio Ribeiro apelou ontem « à desobediência às normas comunitárias por parte do Governo », quando elas são « claramente prejudiciais para o povo português », como é o caso, exemplificou, da política de excedentes.
« Penso que não seria grave que o Governo abdicasse da sua posição de bom aluno da Comunidade, já que, para além de ter a dificuldade dos excedentes, <LOCAL_GeoNetPT02 f_id="418745" t_id="PAI:ADM">Portugal</LOCAL_GeoNetPT02> ainda tem de enfrentar a concorrência desleal de outros países da Comunidade que não respeitam essas regras .»
Como frisou Sérgio Ribeiro, que se recandidata em terceiro lugar na lista do  PCP, o ideal é não ter de se « optar pela desobediência «, « o que só é possível desde que no  Parlamento Europeu haja uma política consistente de defesa dos interesses portugueses ».
Ora isso não se passa, acusa, com o  PS e o  PSD, « forças políticas que defendem uma coisa em Bruxelas, para em <LOCAL_GeoNetPT02 f_id="418745" t_id="PAI:ADM">Portugal</LOCAL_GeoNetPT02> fazerem ou defenderem outra, que vai contra os trabalhadores ».
O eurodeputado cumpria uma « visita de trabalho » aos concelhos de <LOCAL_GeoNetPT02 f_id="91" t_id="CON:ADM">Coimbra</LOCAL_GeoNetPT02> e <LOCAL_GeoNetPT02 f_id="286" t_id="CON:ADM">Soure</LOCAL_GeoNetPT02>, no decorrer da qual se manifestou impressionado com o aumento ( de oito mil para 16 mil ) do número de desempregados registados nos centros de emprego de <LOCAL_GeoNetPT02 f_id="91" t_id="CON:ADM">Coimbra</LOCAL_GeoNetPT02>, Figueira e <LOCAL_GeoNetPT02 f_id="38" t_id="CON:ADM">Arganil</LOCAL_GeoNetPT02>, entre Outubro de 1993 e Fevereiro deste ano.
« Não é possível fazermos seja o que for a nível do  Parlamento Europeu, enquanto a política do Governo continuar a desvalorizar o aspecto social », referiu Sérgio Ribeiro.
São José Almeida e Graça Barbosa Ribeiro
</text>
</root>
