<?xml version="1.0" encoding="utf-8"?>
<root>
  <title>PUBLICO-19950106-101</title>
  <text>Depois da recusa do     PSD em antecipar eleições e debater na AR o futuro de Cavaco PS pondera recorrer a Soares
O PS poderá vir a recorrer ao Presidente da República na sequência do rotundo não dado ontem pelo     PSD não só à proposta de antecipação por consenso das eleições legislativas, como à realização de um debate de urgência no Parlamento com a presença do primeiro-ministro.
António Guterres não perdeu ontem a oportunidade para responder ao líder da bancada social-democrata, que no Parlamento clarificou a posição do seu partido perante as propostas do  PS.
O líder socialista aproveitou a sessão de lançamento do « Fórum Lisboa » para, mais uma vez, sublinhar que o seu partido « não exige a dissolução da Assembleia da República, como parecia ser seu interesse ».
Mas responsabiliza unicamente o     PSD por essa eventualidade, rematando estar « seguro de que o Presidente agirá na defesa do interesse nacional ».
As palavras de Guterres não podiam ter sido mais explícitas, quando é sabido que as justificações que presidiram à apresentação daquelas duas propostas tiveram por base o diagnóstico de que a situação de indefinição criada por Cavaco Silva quanto ao seu futuro político estava a tornar-se insustentável e, por isso, havia que a clarificar quanto antes.
Segundo o líder do  PS, o     PSD cometeu ontem « três grandes erros políticos ».
 Dois deles respeitam à recusa em aceitar as propostas dos socialistas, sendo o terceiro erro o facto de, « de forma despropositada, o     PSD ter voltado a afrontar o chefe de Estado, mantendo um clima de confronto institucional ».
Para António Guterres e a sua direcção partidária, as resposta do     PSD e a insistência nas críticas ao Presidente da República poderão ter configurado um quadro em que, mais uma vez, o Parlamento não funciona -- argumento já utilizado pelos socialistas no não esclarecimento do « caso    OGMA » --, o que poderá vir a ser agora de novo invocado.
O eventual recurso ao Presidente culminará um processo de marcação por parte do  PS da acção do Governo que levará inevitavelmente à subida da temperatura política.
Este passo, a ser dado, terá em conta o calendário agendado pelos socialistas para as suas mais próximas iniciativas, que têm como pontos altos a realização, respectivamente em <LOCAL_GeoNetPT02 f_id="196518" t_id="LOC:ADM">Lisboa</LOCAL_GeoNetPT02> e no <LOCAL_GeoNetPT02 f_id="290154" t_id="LOC:ADM">Porto</LOCAL_GeoNetPT02>, de comícios marcados para os próximos dias 21 e 28.
Duas acções que não são alheias à preparação do congresso do     PSD, sabendo-se que até ao próximo dia 24 terão de ter sido apresentadas as moções de estratégia, o que determina ser conhecida até àquela data a posição de Cavaco Silva face ao partido.
Assim, o  PS pretende antes daquele dia realizar o comício em <LOCAL_GeoNetPT02 f_id="196518" t_id="LOC:ADM">Lisboa</LOCAL_GeoNetPT02>, onde decerto continuará a explorar politicamente a indefinição do primeiro-ministro, e aproveitará o comício do <LOCAL_GeoNetPT02 f_id="290154" t_id="LOC:ADM">Porto</LOCAL_GeoNetPT02>, em que essa posição será, em princípio, conhecida, para tirar os efeitos políticos da decisão.
Em <LOCAL_GeoNetPT02 f_id="196518" t_id="LOC:ADM">Lisboa</LOCAL_GeoNetPT02>, subirão ao palco o líder distrital da JS, Edite Estrela, Jorge Coelho, Sampaio  e Guterres.
No <LOCAL_GeoNetPT02 f_id="290154" t_id="LOC:ADM">Porto</LOCAL_GeoNetPT02>, as intervenções estarão a cargo do líder portuense da JS, de Narciso Miranda e Fernando Gomes, cabendo o encerramento ao líder socialista.
 Jerónimo Pimentel</text>
</root>
