<?xml version="1.0" encoding="utf-8"?>
<root>
  <title>PUBLICO-19950106-065</title>
  <text><LOCAL_GeoNetPT02 f_id="92458" t_id="LOC:ADM">Coimbra</LOCAL_GeoNetPT02> 
Terceira Idade quer « estrelas » do teatro
O Instituto Superior de Estudos da Terceira Idade de Coimbra quer contratar para o quadro de docentes do seu curso de teatro nomes como Eunice Munoz, João Perry, Lia Gama, Maria do Céu Guerra e Armando Cortez, a par de outros actores e encenadores de <LOCAL_GeoNetPT02 f_id="196518" t_id="LOC:ADM">Lisboa</LOCAL_GeoNetPT02> e da região <LOCAL_GeoNetPT02 f_id="87" t_id="NT2:ADM">Centro</LOCAL_GeoNetPT02>.
O Instituto, que é uma das vertentes de acção da Associação Nacional de Apoio ao Idoso ( ANAI ), foi criado em 1994 em <LOCAL_GeoNetPT02 f_id="92458" t_id="LOC:ADM">Coimbra</LOCAL_GeoNetPT02> e, segundo Luisa Pestana, directora da instituição, a escolha dos professores para ministrar o curso de teatro, em módulos e com sessões teóricas e práticas, teve em conta a especificidade dos alunos, « muito habituados ao teatro tradicional ».
É também intenção do Instituto, para além de « dar um novo objectivo de vida aos alunos », proporcionar um meio de trabalho suplementar aos actores, que serão convidados a ministrar, duas a três vezes por semana, sessões práticas ou teóricas em função das suas especificidades ou ainda a proferir palestras sobre arte dramática.
O pólo de <LOCAL_GeoNetPT02 f_id="92458" t_id="LOC:ADM">Coimbra</LOCAL_GeoNetPT02> do Instituto Superior de Estudos para a Terceira Idade, que conta com 120 alunos, oitenta por cento dos quais licenciados, já está a ministrar cursos de investigação, aperfeiçoamento e valorização, nas áreas de Direito, História, Psicologia, Pintura, Inglês e Literatura Portuguesa.
Pretendo, ainda, arrancar este ano com um curso de Cinema e a integração no plano de estudos da « Sexologia na Terceira Idade », dada as solicitações dos interessados.
Surgida em meados de 1994, em <LOCAL_GeoNetPT02 f_id="92458" t_id="LOC:ADM">Coimbra</LOCAL_GeoNetPT02>, a Associação nacional de Apoio ao Idoso ( ANAI ) tem em funcionamento um serviço de apoio domiciliário e está a negociar a aquisição de uma unidade hoteleira a transformar em residencial para a terceira idade.
Lusa</text>
</root>
