<?xml version="1.0" encoding="utf-8"?>
<root>
  <title>PUBLICO-19950102-052</title>
  <text>
Carris altera carreira 24
A Carris vai alterar, por motivos de obras de saneamento e reconstrução de ruas, a carreira 24, a partir de amanhã.
Esta carreira, a partir da <LOCAL_GeoNetPT02 f_id="199190" t_id="EST:ADM">Cruz das Oliveiras</LOCAL_GeoNetPT02>, fará o mesmo trajecto da carreira 29, até <LOCAL_GeoNetPT02 f_id="1726" t_id="FRG:ADM">Santa Maria de Belém</LOCAL_GeoNetPT02>, continuando depois pelo eixo da <LOCAL_GeoNetPT02 f_id="209057" t_id="ZON:ADM">Junqueira</LOCAL_GeoNetPT02> até ao <LOCAL_GeoNetPT02 f_id="208562" t_id="TRV:ADM">Calvário</LOCAL_GeoNetPT02>.
É também criado um serviço complementar, constituído pela carreira 24A, que fará o percurso entre a <LOCAL_GeoNetPT02 f_id="199190" t_id="EST:ADM">Cruz das Oliveiras</LOCAL_GeoNetPT02> e o Estádio da Tapadinha.
</text>
</root>
