<?xml version="1.0" encoding="utf-8"?>
<root>
  <title>PUBLICO-19940402-047</title>
  <text>
Todos presos na Marateca O recém-inaugurado troço da auto-estrada do Sul, entre <LOCAL_GeoNetPT02 f_id="358208" t_id="LOC:ADM">Palmela</LOCAL_GeoNetPT02> e a <LOCAL_GeoNetPT02 f_id="2355" t_id="FRG:ADM">Marateca</LOCAL_GeoNetPT02> prendeu milhares de automobilistas nos dois últimos dias.
A fila de trânsito atingiu o ponto máximo ainda na sexta-feira, com um comprimento de nove quilómetros.
Ontem, cerca das três da tarde, registavam-se apenas quinhentos metros de bicha e a Brigada de Trânsito da GNR previa que no regresso do fim-de-semana prolongado o problema não se repetisse.
De qualquer modo, o conselho dos homens do trânsito aos automobilistas vai no sentido de utilizarem em alternativa a Estrada Nacional nº 10, no troço entre o <LOCAL_GeoNetPT02 f_id="364073" t_id="LOC:ADM">Fogueteiro</LOCAL_GeoNetPT02> e <LOCAL_GeoNetPT02 f_id="371672" t_id="LOC:ADM">Setúbal</LOCAL_GeoNetPT02>.
Foi de resto esta estrada, de acordo com a explicação da Brisa - Auto-Estradas de Portugal, SA, a culpada dos engarrafamentos.
Na <LOCAL_GeoNetPT02 f_id="2355" t_id="FRG:ADM">Marateca</LOCAL_GeoNetPT02> os automóveis passam de uma auto-estrada de duas vias para a EN 10, que só tem uma.
Mas nem só na <LOCAL_GeoNetPT02 f_id="2355" t_id="FRG:ADM">Marateca</LOCAL_GeoNetPT02> se juntou o povo.
Durante a manhã de ontem a  GNR chegou a aconselhar os automobilistas a abandonar a auto-estrada do Norte em <LOCAL_GeoNetPT02 f_id="169227" t_id="LOC:ADM">Leiria</LOCAL_GeoNetPT02>, retomando-a na portagem de Condeixa.
Isto porque, entre Condeixa e <LOCAL_GeoNetPT02 f_id="179319" t_id="LOC:ADM">Pombal</LOCAL_GeoNetPT02>, um choque em cadeia de cinco veículos obrigou à interrupção da circulação durante hora e meia.
</text>
</root>
