<?xml version="1.0" encoding="utf-8"?>
<root>
  <title>PUBLICO-19950103-150</title>
  <text>Seropositivos sem apoio nem informação
Histórias da sida como surpresa
Quando a médica de família lhe disse que tinha contraído o vírus da sida, no princípio de 1990, J.C. não quis acreditar: nunca tinha tido comportamentos sexuais de risco.
Voltou a fazer os testes, o resultado não deixava margem para dúvidas:
« HIV 2 positivo ».
Nessa altura, nos jornais e na televisão já se falava no perigo de contaminação através de transfusões, e ele, fazendo as contas à vida ( « não sou toxicodependente nem tive realações extramatrimoniais » ), concluiu que só poderia ter sido infectado no <LOCALIMPLICITO f_id="290154" t_id="LOC:ADM">Porto</LOCALIMPLICITO>  Hospital de Santo António , no <LOCAL_GeoNetPT02 f_id="290154" t_id="LOC:ADM">Porto</LOCAL_GeoNetPT02>, onde recebera múltiplas transfusões sanguíneas na sequência de diversas intervenções cirúrgicas.
O médico que o assistiu na altura não o avisou de nada.
Foi a mulher quem começou a desconfiar de que algo de errado se passava.
« Quando chegava ao hospital, tinha que ser eu a despejar as arrastadeiras; o médico perguntou-me se o meu marido tinha estado em África  ».
De um momento para o outro, tudo se precipitou.
A médica de família aconselhou-o a fazer análises e ele descobriu, perplexo, que era seropositivo.
Só « por milagre » não terá contaminado a esposa.
No princípio de 1993, alertado pelas notícias sobre os hemofílicos contaminados nos hospitais, decidiu contactar um advogado, mas só agora o causídico, depois de ter escrito cartas para todas as instituições que imaginou poderem atender ao caso do seu cliente, decidiu dar início ao processo.
A resposta oficial do hospital chegou em 15 de Junho passado, assinada pelo director do estabelecimento, Luís Carvalho:
« A haver possibilidade de contaminação por transfusão, não foi em 1988, mas poderia ter sido em qualquer das transfusões anteriores, em 1981 e 1986, datas em que ainda não havia teste para o HIV2 ».
Por outro lado, acrescentava o mesmo responsável hospitalar, « não está provado que a contaminação tenha sido proveniente de transfusões, embora seja provável ».
Benvindo Justiça, director do serviço de sangue do hospital, confirmou posteriormente ao PÚBLICO que J. C. fora infectado pelo sangue de um dador contaminado, que entretanto já faleceu.
E por que não avisaram antes o doente?
« Já aconteceu dizermos às pessoas e elas suicidarem-se depois ...».
J. C. não se suicidou.
Aos 52 anos, passa agora os dias fechado em casa, em <LOCAL_GeoNetPT02 f_id="279177" t_id="ZON:ADM">Leça da Palmeira</LOCAL_GeoNetPT02>, a ver televisão ou a olhar para as paredes.
Evita sair de casa, receia as infecções oportunistas.
« A haver indemnização ou qualquer forma de compensação, só espero que chegue antes de eu morrer ».
Burocracia e hipocrisia
Foi em 1992 que A.O. descobriu que era seropositivo.
Mas, antes disso, já muitas desgraças lhe tinham acontecido.
Em 1979, foi operado ao coração, no Hospital de Santa Marta, em <LOCAL_GeoNetPT02 f_id="196518" t_id="LOC:ADM">Lisboa</LOCAL_GeoNetPT02>.
Recebeu transfusões de sangue.
No ano seguinte, foi operado à uretra, no Hospital do Desterro.
Também foi transfundido.
Seguiram-se mais duas operações no Hospital de Santa Marta, em 1988 e 1989.
Mais transfusões.
Hoje, com 57 anos, continua sem saber qual delas foi a responsável pela sua contaminação e a da sua mulher -- é que, entretanto, e sem o saber, A.O. contaminou a esposa.
Um médico amigo é que o aconselhou a ir fazer análises, ao vê-lo tão mal.
E finalmente ouviu o veredicto de um especialista do Curry Cabral, que o atendeu e à esposa.
Eram ambos seropositivos.
A via sacra começou.
Escreveu ao ministro da Saúde, na altura ainda Arlindo de Carvalho, que o encaminhou para a Comissão Nacional de Luta contra a Sida.
Odete Ferreira recebeu-o em pessoa, em Agosto desse ano.
« Ela disse que ia tratar do assunto, que ia voltar a falar ao ministro, porque o meu caso era muito especial ».
Um dia, recebe uma carta da   Comissão a encaminhá-lo para um outro serviço, do qual já nem recorda a designação.
De lá, mandaram-no para a assistente social da sua área.
E foi então que, depois de apresentar os documentos da renda, luz e água, dos ordenados e dos impostos, a assistente social decidiu atribuir-lhe, em meados do ano passado, um subsídio de 20 contos mensais.
Tem agora a obrigação de, de seis em seis meses, voltar a apresentar os papéis todos, acompanhados das facturas dos medicamentos que compra.
Está farto da burocracia e, sobretudo, da hipocrisia das autoridades.
O subsídio não é suficiente para pagar os medicamentos -- ele toma 18 comprimidos por dia, entre AZT, antibióticos e vitaminas.
Pior: a assistente social acaba de o avisar que é provável que deixe de ter direito ao subsídio.
« Disse que este era um problema do Ministério da Saúde ...».</text>
</root>
