<?xml version="1.0" encoding="utf-8"?>
<root>
  <title>PUBLICO-19950108-038</title>
  <text>População contra lixeira em <LOCAL_GeoNetPT02 f_id="308" t_id="CON:ADM">Vagos</LOCAL_GeoNetPT02>
Mais de três mil pessoas protestaram ontem, na cidade de <LOCAL_GeoNetPT02 f_id="6934" t_id="LOC:ADM">Aveiro</LOCAL_GeoNetPT02>, contra a eventual instalação de uma lixeira de resíduos tóxicos no concelho de <LOCAL_GeoNetPT02 f_id="308" t_id="CON:ADM">Vagos</LOCAL_GeoNetPT02>, enquanto populares mantêm uma vigília permanente junto aos terrenos para onde se prevê o aterro.
Os cerca de 3500 manifestantes -- entre os quais se encontravam autarcas de <LOCAL_GeoNetPT02 f_id="205" t_id="CON:ADM">Oliveira do Bairro</LOCAL_GeoNetPT02> , <LOCAL_GeoNetPT02 f_id="308" t_id="CON:ADM">Vagos</LOCAL_GeoNetPT02>, <LOCAL_GeoNetPT02 f_id="347" t_id="CON:ADM">Ílhavo</LOCAL_GeoNetPT02> e <LOCAL_GeoNetPT02 f_id="45" t_id="CON:ADM">Aveiro</LOCAL_GeoNetPT02> -- entregaram ao governador civil do distrito, Gilberto Madail, uma carta em que sublinham a sua « firme determinação de, por todos os meios legais, impedir que se desenvolva e concretize o tenebroso projecto de implantação do aterro no lugar de Cardal ».
No documento, citado pela agência Lusa, os populares afirmam-se desconfiados com o facto de o « Ministério do Ambiente ter encarregado as próprias empresas interessadas no negócio dos lixos em <LOCAL_GeoNetPT02 f_id="418745" t_id="PAI:ADM">Portugal</LOCAL_GeoNetPT02> de efectuarem os trabalhos de campo para a colheita dos dados em que se hão-de basear os estudos de impacto ambiental ».
 Gilberto Madail recebeu a representante da população, Ana Maria Vasconcelos, e o presidente da    Câmara de <LOCAL_GeoNetPT02 f_id="308" t_id="CON:ADM">Vagos</LOCAL_GeoNetPT02>, Carlos Bento, tendo-lhes prometido fazer chegar a carta às mãos da ministra do Ambiente.
Entretanto, populares montaram uma vigília permanente no Cardal, no sítio para onde se prevê a lixeira, e não deixam aproximar-se qualquer técnico do Governo ou das empresas contratadas que ali se desloque.</text>
</root>
