<?xml version="1.0" encoding="utf-8"?>
<root>
  <title>PUBLICO-19940404-041</title>
  <text>Sintra
Casa Mantero será biblioteca municipal
A Casa Mantero, um palacete degradado da Câmara de <LOCAL_GeoNetPT02 f_id="284" t_id="CON:ADM">Sintra</LOCAL_GeoNetPT02> situado na Estefânia, vai ser recuperada para instalar a biblioteca municipal, adiantou ao PÚBLICO a presidente da autarquia, Edite Estrela.
Já por diversas vezes destinada para outros fins, a adaptação do imóvel poderá ser comparticipada pela administração central e permitirá manter na sede do município a principal biblioteca do concelho.
Adquirida antes de 1974 pela câmara, a Casa Mantero encontra-se desde então à espera de utilização.
Com o passar dos anos, o palacete da Rua <LOCAL_GeoNetPT02 f_id="240256" t_id="AVE:ADM">Barão Almeida Santos</LOCAL_GeoNetPT02>, à Correnteza, deixou de necessitar de apenas algumas obras de manutenção para ostentar um aspecto de ruína que, em determinada altura, ameaçou mesmo a circulação rodoviária.
Estabilizada a fachada, tem servido para estaleiro de materiais de construção dos serviços camarários.
Os elementos sobre a história do edifício são escassos.
Segundo a análise da equipa do Plano de Pormenor de Salvaguarda da Estefânia, trata-se de um palacete « fim de século » ( transição XIX-XX ), de desenho ecléctico e ao estilo neoclássico, e a « recuperar e / ou reconstruir com urgência, em conjunto com espaço arborizado envolvente », possuindo « uma vocação para equipamento municipal ».
Em tempos destinado para o   Museu de História Natural -- que há muito aguarda um espaço adequado para a exposição da vasta colecção de fósseis « vendida simbolicamente » ao município pelo paleontólogo Miguel Barbosa --, o imóvel chegou depois, no mandato passado, a ser negociado com a Enatur para a instalação de uma pousada.
Mas essa possibilidade caiu por terra, devido ao impedimento de grandes alterações estruturais do edifício que permitissem rentabilizar a exploração da unidade hoteleira.
Um projecto do arquitecto Thiago Braddell não passou, por isso, do papel.
« Quando se recupera um edifício tem que se lhe atribuir uma função, e por isso vamos propor que a biblioteca municipal seja instalada na Casa Mantero », afirmou a presidente da    Câmara de <LOCAL_GeoNetPT02 f_id="284" t_id="CON:ADM">Sintra</LOCAL_GeoNetPT02>, Edite Estrela, acrescentando que todo o projecto poderá vir a beneficiar de comparticipação da administração central.
Para tanto, a edilidade deverá concorrer com o processo a verbas do Instituto da Biblioteca Nacional e do Livro, ao abrigo de um programa da Rede de Bibliotecas e Leitura Pública, embora ainda não exista uma data precisa para a abertura do próximo concurso.
Contudo, o montante do financiamento poderá ir até 50 por cento dos custos do projecto, da construção e do acervo bibliográfico.
Com esta decisão, fica afastada a programada transferência da sede da biblioteca municipal do Palácio Valenças -- onde continuará o Arquivo Histórico e o Gabinete de Estudos Históricos e Documentais -- para dois pisos de um prédio de habitação, na <LOCAL_GeoNetPT02 f_id="240577" t_id="LOC:ADM">Tapada das Mercês</LOCAL_GeoNetPT02>, cedidos como contrapartida pelo urbanizador.
Luís Filipe Sebastião</text>
</root>
