<?xml version="1.0" encoding="utf-8"?>
<root>
  <title>PUBLICO-19940401-130</title>
  <text>
Memórias do  MPLA,  PCP, FSP e MRPP Ex-presos de Peniche: que fazer com esta fortaleza Carlos Cipriano Ex-presos em <LOCAL_GeoNetPT02 f_id="177175" t_id="LOC:ADM">Peniche</LOCAL_GeoNetPT02> evocaram histórias de prisão e continuam a tentar transformar o forte em « museu da resistência ».
Um debate marcado pelo anti-fascismo, que reuniu memórias do PC, do  MPLA, da FSP de Manuel Serra e do  MRPP.
« Hoje quer-se reescrever a História, branqueando o Fascismo e enegrecendo Abril », acusaram na quarta-feiraDias Lourenço, Rui Ramos, Manuel Serra e Saldanha Sanches, convidados da « Associação dos Amigos de Peniche » para falarem, na passada quarta-feira, na própria fortaleza de <LOCAL_GeoNetPT02 f_id="177175" t_id="LOC:ADM">Peniche</LOCAL_GeoNetPT02>, sobre a sua experiência, enquanto ex-presos políticos, na antiga cadeia e sobre os anos do Fascismo.
O colóquio, ao qual assistiram cerca de uma centena de pessoas, foi aberto pelo historiador César de Oliveira, que fez um enquadramento histórico da época, não perdendo oportunidades para estabelecer paralelos com o momento actual e lançando algumas « farpas ao cavaquismo ».
A fortaleza de <LOCAL_GeoNetPT02 f_id="177175" t_id="LOC:ADM">Peniche</LOCAL_GeoNetPT02>, que conta com uma secção museológica, algo degradada, dedicada à resistência anti-fascista, devia ser um grande  Museu da Resistência, afirmaram os presentes, embora houvesse quem, da autarquia, lembrasse a necessidade de aproveitar aquele espaço, também, para outras actividades culturais.
 Rui Ramos falou sobre o seu nacionalismo angolano, que o levou, durante a adolescência, a começar a militar nos comités do  MPLA, em Luanda.
Preso anos mais tarde, conta que a PIDE dividia os membros do partido atendendo à cor da pele: os negros iam para S. Nicolau, os mestiços para o Tarrafal e os brancos para <LOCAL_GeoNetPT02 f_id="418745" t_id="PAI:ADM">Portugal</LOCAL_GeoNetPT02>.
Calhou-lhe Caxias primeiro e <LOCAL_GeoNetPT02 f_id="177175" t_id="LOC:ADM">Peniche</LOCAL_GeoNetPT02> depois, onde « tal como em Angola vim encontrar uma forte luta ideológica que teve a sua época ».
Para este angolano,  Salazar nunca teve visão estratégica para criar elites africanas nas ex-colónias por forma a prepará-las para uma futura independência.
« Em Angola havia claramente dois grupos -- os portugueses e os africanos, e isso explica muita coisa do que aconteceu após a independência, pois, não havendo elites civis angolanas, o país esvaziou-se com a saída dos portugueses ».
 Rui Ramos reconhece ter tido culpas no cartório: « houve um movimento pela expulsão dos portugueses no qual eu participei, porque era anti-português.
Demos os primeiros passos para a destruição do país porque não havia quadros, não havia empresários, não havia um tecido económico-social que pudesse ser facilmente substituído ».
Mas a comunidade portuguesa também não se portou bem porque tomou, na época, « atitudes reaccionárias » que levou, por exemplo, a massacres de angolanos, mesmo após o 25 de Abril.
 Rui Ramos estabelece um paralelo dessa época com a actual situação na África do Sul onde « a ânsia da comunidade negra em querer ocupar o lugar dos brancos » pode pôr em perigo todo o processo de transição e provocar uma repetição do que aconteceu em Angola.
À data do 25 de Abril, o  MPLA era o movimento mais enfraquecido militarmente porque era, em contrapartida, o mais politizado, ao contrário da  UNITA e da  FNLA que era mais militares.
Em jeito de auto-crítica, Ramos diz que, logo que tomou o poder, o  MPLA foi o partido mais radical contra os portugueses, mas que isso era « superficial » e fruto das circunstâncias para não perder o apoio popular.
Felizmente, continua, « hoje a juventude angolana reivindica a aproximação a Portugal para salvar a sua cultura ».
 Dias Lourenço, um histórico do  PCP que fez uma fuga espectacular de <LOCAL_GeoNetPT02 f_id="177175" t_id="LOC:ADM">Peniche</LOCAL_GeoNetPT02>em 1954, disse que lembrar a antiga prisão política, era também « lembrar o 25 de Abril e aquilo que, de fundamental, ele conseguiu extinguir: 48 anos de Fascismo, 500 anos de colonialismo e 13 anos de guerra colonial ».
Hoje, à distância que estamos dos vários Fascismo que assolaram a Europa ( « e eu nasci antes de todos eles » ), Dias Lourenço crê que, apesar das diferenças, todos tinham o comum o seu carácter classista -- « existiam como um regime brutal de exploração dos trabalhadores ».
E adverte que isso é muito importante porque « há sectores da sociedade portuguesa que querem reescrever a História, branquear o Fascismo e enegrecer Abril ».
Bom filho à casa torna O dirigente do  PCP insistiu em que este período não é para esquecer, que as prisões e as torturas até à morte existiram em <LOCAL_GeoNetPT02 f_id="418745" t_id="PAI:ADM">Portugal</LOCAL_GeoNetPT02>.
Mas Dias Lourenço tem histórias da prisão para contar: de um homem analfabeto que, tendo sido preso por engano, saiu da cadeia dois anos mais tarde, comunista e alfabetizado.
E conta também como é que, oito anos depois da sua fuga, volta à cadeia de <LOCAL_GeoNetPT02 f_id="177175" t_id="LOC:ADM">Peniche</LOCAL_GeoNetPT02> « algemado atrás das costas e acompanhado pela PIDE ».
O chefe dos guardas dá-lhes as « boas-vindas » com um « Então por cá de volta, hem ?»
, ao qual responde, com humor, que « o bom filho à casa torna ».
Presente ao Director da cadeia, este entende desnecessário mover-lhe um processo por fuga porque já tinha « cadastro » suficiente para muitos anos de prisão.
Mas queria saber uma coisa -- a hora exacta da fuga.
 Dias Lourenço é dos duros: -- « Já sabe que eu não falo, não conto nada ».
-- « Ó homem, isso da fuga é lá com a polícia.
Nós só queremos saber que hora eram na noite em que fugiu do segredo ».
-- « Porquê ?»
 Oito anos depois o Director precisava de saber se tinha sido antes ou depois da meia noite.
É que havia que completar o castigo e se fosse antes da meia noite faltariam 15 dias, se fosse depois, já só faltavam 14!
Este comunista esteve também preso com Agostinho Neto, « homem de grande formação » ao qual os portugueses organizaram a fuga.
 Conta que foi o último a vê-lo partir no barco a quem atirou três limões « para evitar o escorbuto ».
 Manuel Serra, outro dos oradores, diz que é hoje inimaginável a vivência nas cadeias de então, onde além da violência física, quase era pior a destruição psíquica dos presos.
Até à mesa do refeitório era preciso pedir autorização a um guarda para passar um cigarro a um camarada.
Para Serra , o Fascismo português nunca teve as massas -- ao contrário do italiano -- « mas soube utilizar a capacidade mobilizadora da Igreja para levar o povo atrás », de que   Fátima é o melhor exemplo.
Na última intervenção da noite, Saldanha Sanches ( preso entre 1966 e 1971 ) falou sobre a evolução do regime repressivo nas cadeias.
Numa primeira fase, o regime prendia na expectativa de regenerar os seus inimigos ou, caso isso não acontecesse, de os enviar para morrer no Tarrafal, « que era um campo de concentração no estilo da Alemanha nazi ».
Após a II Grande Guerra, o regime « não pode ir tão longe em relação aos seus inimigos e acha que o melhor é tê-los presos, mas vivos.
A cadeia, contudo, deveria ser dura pois considerava-se que o preso deveria ser castigado e passar privações.
Com Marcelo Caetano há um afrouxar da disciplina férrea pois já « não se pode ter prisões tão duras na Europa daquele tempo ».
Mantém, contudo, a tortura para os interrogatórios, mas suaviza a estadia na prisão.
O travesti falhado Saldanha Sanches diz que de 1966 a 1971 assistiu à última mudança.
No início, o isolamento era total e até a instrução e os livros eram proibidos dentro dos muros.
No fim, « já entravam livros e tínhamos conseguido algumas conquistas ».
Nesta fase, também, o regime já não prendia por engano.
Além dos comunistas, que do princípio ao fim sempre foram « clientes » do forte, estiveram também democratas opositores ao regime e, na fase final, estudantes maoístas.
O debate com a assistência não foi muito participado.
 Dias Lourenço ainda conta mais umas histórias.
Que em 1974 se fez doente para ser transferido para  Caxias de onde pretendia evadir-se vestido de mulher.
Já tinha cabeleira, saia, sapatos, meias, mas de repente veio o 25 de Abril e lá se foram os planos.
Os momento em que este anti-fascista descreve o 25 de Abril, a entrada « de um guarda espavorido » na sala e a exigência imediata dos presos em ter uma televisão para assistir aos acontecimentos, foi dos que mais entusiasmaram a assistência.
E quando este comunista conta os momentos de liberdade recuperada: « É extraordinário.
Não se compara a alegria de quando eu fugi com a de quando o país e eu fomos libertos ».
Na noite de 25 de Abril, impaciente por sair da prisão, Dias Lourenço pergunta ao oficial do MFA se « é desta », ao qual este responde:
« E depressa, e depressa porque são vocês a sair e outros a entrar ».
A uma pergunta do PÚBLICO sobre o futuro do museu de <LOCAL_GeoNetPT02 f_id="177175" t_id="LOC:ADM">Peniche</LOCAL_GeoNetPT02>, os ex-presos repetiram o que, por várias vezes, tinham dito à população de <LOCAL_GeoNetPT02 f_id="177175" t_id="LOC:ADM">Peniche</LOCAL_GeoNetPT02>: que não se devem envergonhar da antiga prisão e que esta deve permanecer como um símbolo, com um grande  Museu da Resistência.
 César de Oliveira foi mais peremptório: « há tentativas para bloquear quem se movimenta para fazer de <LOCAL_GeoNetPT02 f_id="177175" t_id="LOC:ADM">Peniche</LOCAL_GeoNetPT02> um grande museu da resistência », mas houve quem lembrasse que a falta de dinheiro não deve impedir que se conserve aquela memória -- afinal passaram por lá milhares de pessoas e o associativismo ainda serve para algo.
Um vereador da Câmara de <LOCAL_GeoNetPT02 f_id="222" t_id="CON:ADM">Peniche</LOCAL_GeoNetPT02> defendeu que, além da secção de resistência, a fortaleza deveria ser mais aberta à população por forma a comportar outras actividades: espectáculos, uma Escola de Pesca, etc.
</text>
</root>
