<?xml version="1.0" encoding="utf-8"?>
<root>
  <title>PUBLICO-19950103-071</title>
  <text>
Uma luz no fim do túnel para os refugiados timorenses em Portugal
Infeliz ano velho
Joaquim T. de Negreiros
Quando Durão Barroso e Ali Alatas se voltarem a encontrar para discutir o futuro de Timor-Leste em Genebra, daqui a uma semana, muitos refugiados timorenses em <LOCAL_GeoNetPT02 f_id="196518" t_id="LOC:ADM">Lisboa</LOCAL_GeoNetPT02> estarão provavelmente preocupados com coisas mais triviais.
Como viver só com um fogão, partilhar uma casa de banho com 15 pessoas ou dividir um quarto de 12 m2 entre um casal e três crianças, por exemplo.
Isto em prédios cujos proprietários chegam a receber mais de 300 contos por apartamento, pagos pela segurança social, isto é, por nós.
A mudança dos protagonistas da invasão da embaixada dos EUA em Jacarta para uma nova residência pode ser um sinal de que as coisas estão a mudar.
Mas há muito por fazer.
Ao rever o ano que chegou ao fim, os 29 jovens timorenses que em Novembro invadiram a embaixada dos EUA em Jacarta e foram depois acolhidos em <LOCAL_GeoNetPT02 f_id="196518" t_id="LOC:ADM">Lisboa</LOCAL_GeoNetPT02> devem ter sentimentos misturados.
À justificada sensação do dever cumprido -- nunca a causa de Timor-Leste ganhara tal ressonância internacional -- e ao alívio no momento do embarque para <LOCAL_GeoNetPT02 f_id="418745" t_id="PAI:ADM">Portugal</LOCAL_GeoNetPT02> juntam-se agora as amargas memórias de um mês de exílio muito duro.
A mudança para a residência do  Mosteiro, no último fim-de-semana, pode inaugurar uma etapa nova ( e melhor ) na experiência portuguesa destes timorenses.
Mas convém não esquecer o que eles deixam para trás.
Até porque o novo ano não trouxe mudanças para todos.
Imediatamente após a sua chegada a <LOCAL_GeoNetPT02 f_id="196518" t_id="LOC:ADM">Lisboa</LOCAL_GeoNetPT02>, fartamente coberta pelos « media », os 29 protagonistas da invasão da embaixada foram entregues aos cuidados do Centro Regional de Lisboa e Vale do Tejo da segurança social.
Estávamos no fim de Novembro.
 Vinte e cinco ficaram instalados num prédio de <LOCAL_GeoNetPT02 f_id="225922" t_id="LOC:ADM">Carnaxide</LOCAL_GeoNetPT02>, quatro numa pensão em <LOCAL_GeoNetPT02 f_id="237786" t_id="LOC:ADM">Queluz</LOCAL_GeoNetPT02>.
3,5 pessoas por divisão
 Cinco dos seis apartamentos do prédio de <LOCAL_GeoNetPT02 f_id="225922" t_id="LOC:ADM">Carnaxide</LOCAL_GeoNetPT02> estão cedidos à segurança social.
Destes, um tem três divisões e os restantes quatro divisões, o que perfaz um total de 19 divisões, onde, a partir da chegada dos jovens da embaixada, passaram a viver 65 pessoas.
Com a média de 3,5 pessoas por divisão -- cerca de 12 m2 onde mal cabem as camas para tanta gente --, a privacidade torna-se difícil.
Casais a dormir com três filhos no mesmo quarto e várias crianças numa cama de um lugar fazem parte do quotidiano do prédio.
O estado dos equipamentos agrava ainda mais a situação.
Nas cozinhas, não há frigoríficos, só um fogão.
Durante os muitos dias que os refugiados tiveram de esperar pelo arranjo de uma das casas de banho, outra teve de servir para as necessidades diárias de 16 pessoas.
Isto sem esquentadores, obrigando os « pensionistas » a aquecer água em panelas para tomar banho.
À sua custa, já que o gás é pago pelos refugiados, que vivem com um subsídio mensal de 17 contos por mês.
Uma « mina » O capítulo dos pagamentos é, aliás, uma das vertentes mais insólitas deste caso.
A segurança social pagou, em Dezembro de 1994, calculadas as médias de ocupação de <LOCAL_GeoNetPT02 f_id="225922" t_id="LOC:ADM">Carnaxide</LOCAL_GeoNetPT02>, 78 contos por cada divisão.
Feitas as contas, verifica-se que, por cada apartamento de quatro assoalhadas, o proprietário recebeu nada menos do que 304 contos, a que a segurança social acrescentou uma verba suplementar para o pagamento da água e da electricidade.
Em face destes valores -- muito superiores aos que se praticam no mercado --, era de supor que as condições fossem outras.
Pior para os refugiados.
E uma « mina » para os proprietários, que, quando chega ao fim o período de seis meses de apoio concedidos aos refugiados, chegam a ameaçar pô-los na rua, se não pagarem a mesma renda até então assegurada pela segurança social.
Sem que o Estado faça nada.
Prendas 
Apesar de terem em tempos sido confrontados com ameaças de despejo e corte de subsídio se « abrissem a boca » -- uma atitude que não se tem repetido, mas não foi esquecida --, alguns refugiados têm solicitado a intervenção dos responsáveis da segurança social para a resolução dos seus problemas do dia-a-dia.
As respostas variam, mas o estilo é quase sempre o mesmo.
Já ouviram dizer que « com certeza não estão à espera de ficar em vivendas » e, se falam na necessidade de um frigorífico ou de uma máquina de lavar, é frequente dizerem-lhes que « na terra de onde vieram também não tinham esses luxos ».
Alguns timorenses entretanto reexilados na Austrália chegaram a testemunhar perante representantes de organizações não governamentais que os pedidos só funcionavam quando acompanhados por « prendas », em produtos tradicionais, ou, nalguns casos, « envelopes vermelhos » recheados de dinheiro.

A caminho do  Mosteiro
 A transferência dos refugiados vindos de Jacarta para a residência do Mosteiro, em <LOCAL_GeoNetPT02 f_id="202870" t_id="LOC:ADM">Santos-o-Velho</LOCAL_GeoNetPT02>, deve-se ao esforço desenvolvido pelo Departamento Interculturas do Ministério da Educação.
A residência, cujas condições são melhores do que as de <LOCAL_GeoNetPT02 f_id="225922" t_id="LOC:ADM">Carnaxide</LOCAL_GeoNetPT02> e <LOCAL_GeoNetPT02 f_id="237786" t_id="LOC:ADM">Queluz</LOCAL_GeoNetPT02>, foi aberta aos refugiados pela Direcção-Geral de Educação de <LOCAL_GeoNetPT02 f_id="196518" t_id="LOC:ADM">Lisboa</LOCAL_GeoNetPT02>.
É uma brecha de esperança para os 29 timorenses.
Mas muita coisa fica ainda por resolver.
Em primeiro lugar, porque muitos refugiados -- não só timorenses -- continuarão a viver em péssimas condições.
Em segundo lugar, porque a habitação não é tudo.
Findos os seis meses de subsídio, que futuro espera os refugiados, muitos deles ainda sob o efeito do choque cultural, sem formação profissional e com dificuldade no domínio da língua?
O panorama preocupa as organizações não governamentais que lidam todos os dias com a realidade dos jovens timorenses.
É a elas que se devem os poucos progressos obtidos e as raras contribuições de instituições como o Metropolitano de <LOCAL_GeoNetPT02 f_id="196518" t_id="LOC:ADM">Lisboa</LOCAL_GeoNetPT02>, que não hesitou em responder positivamente a um pedido de concessão de passes para os refugiados.
Passa agora pouco mais de um mês sobre a conferência de imprensa em que Ramos Horta, o representante especial do Conselho Nacional da Resistência Maubere, ameaçou embaraçar internacionalmente o Estado português se a situação dos refugiados timorenses não se modificasse até Fevereiro.
Antes disso, já no próximo dia 9 de Janeiro,Durão Barroso, Ali Alatas e Butros-Ghali voltam a encontrar-se para discutir o futuro de Timor-Leste.
As atenções vão voltar-se momentaneamente para Genebra, onde decorre o encontro.
Sem televisão ou rádio nos quartos apinhados de gente, às voltas com uma sobrevivência difícil e a viver de um subsídio que não chega para comprar jornais escritos numa língua estranha, alguns dos mais interessados em seguir esse encontro estarão, mais uma vez, condenados a ficar à margem dos acontecimentos.
</text>
</root>
