<?xml version="1.0" encoding="utf-8"?>
<root>
  <title>PUBLICO-19950107-179</title>
  <text>OUTRA VIOLAÇÃO EM <LOCAL_GeoNetPT02 f_id="41477" t_id="LOC:ADM">Barcelos</LOCAL_GeoNetPT02> -- O  Ministério Público de Barcelos  registou ontem a vigésima segunda denúncia de prática do crime de violação desde Janeiro de 1994.
Segundo o relato da denunciante, a mãe de uma jovem de 17 anos, residente na freguesia de <LOCAL_GeoNetPT02 f_id="730" t_id="FRG:ADM">Alvelos</LOCAL_GeoNetPT02>, a sua filha foi violada por três indivíduos, trabalhadores têxteis, que a conduziram para uma bouça, obrigarando-a a ter relações sexuais contra sua vontade.
</text>
</root>
