<?xml version="1.0" encoding="utf-8"?>
<root>
  <title>PUBLICO-19940401-089</title>
  <text>
Câmara sem dinheiro para a recuperação
Convento quinhentista abandonado no <LOCAL_GeoNetPT02 f_id="350784" t_id="LOC:ADM">Barreiro</LOCAL_GeoNetPT02>
O Convento da <LOCAL_GeoNetPT02 f_id="350797" t_id="ZON:ADM">Verderena</LOCAL_GeoNetPT02>, mandado construir em 1591 por D. Francisca de Azambuja e propriedade da Câmara Municipal do <LOCAL_GeoNetPT02 f_id="54" t_id="CON:ADM">Barreiro</LOCAL_GeoNetPT02>desde 1969, encontra-se em avançado estado de degradação, defrontando-se a edilidade com dificuldades financeiras para recuperar o imóvel.
Situado numa zona densamente povoada, o  Convento da <LOCAL_GeoNetPT02 f_id="350797" t_id="ZON:ADM">Verderena</LOCAL_GeoNetPT02> apresenta sinais de acentuada ruína e desde o início da década de 80 que tem sido alvo de ataques de vandalismo.
Contam-se caso de roubos de peças de interesse museológico, não totalmente inventariadas.
O aspecto do portal e da capela é desolador, rodeado de lixo que para ali é despejado, desde garrafas a plásticos queimados e excrementos humanos.
Há paredes do edifício que ostentam « graffiti ».
Segundo uma fonte camarária, existe o perigo de derrocada de uma extensão do piso superior, na zona do claustro do monumento.
Para além do total abandono em que se encontra o convento, os moradores do bairro queixam-se do desassossego de habituais frequentadores da área.
« É barulho até altas horas da noite, é uma vergonha, tudo há aqui », conta-nos uma moradora.
Um outro vizinho diz que tem visto « jovens a drogarem-se e a fazer outro tipo de poucas-vergonhas ».
O PÚBLICO contou mais de vinte « kits » de seringas, espalhadas numa área de 15 metros.
Os moradores propõem que a zona seja recuperada o mais depressa possível, dadas as excelentes condições paisagísticas da área do monumento.
« Ao menos lembrem-de dos idosos », diz-nos uma residente.
Em tempos, por altura do 25 de Abril, havia uma certa animação do local, pois faziam-se ali festas da comissão de moradores do bairro.
No interior do recinto do  Convento ainda existe um miniparque infantil, frequentado por elevado número de crianças, apesar da degradação do sítio.
Para evitar a destruição completa do imóvel, os serviços culturais da Câmara Municipal mandaram tapar as zonas de entrada do convento, por forma a preservar peças arqueológicas, muitas delas oriundas da Real Fábrica do Vidro de Coina, assim como alguns vitrais.
Em 1988 chegou a ter lugar no convento uma exposição daqueles materiais, da estação arqueológica da Machada.
O vereador do pelouro dos Projectos e Edificações, não obstante a « falta de meios financeiros para se concretizar a obra », anunciou que a autarquia está a ultimar o projecto de recuperação arquitectónica do imóvel.
 Eduardo Porfírio admitiu ao PÚBLICO que fique orçada em mais de cem mil contos.
As dificuldades financeiras têm gerado « atrasos consideráveis, não se prevendo que este ano comecem as obras ».
Concluído, o projecto candidatar-se-á a fundos comunitários.
A Câmara vai entretanto abrir um concurso público a arquitectos paisagísticos, para que seja estudada a viabilidade de se recuperar a zona envolvente, por forma a « estabelecer um espaço de lazer, com esplanadas e alguma animação cultural ».
 Porfírio desmente que haja perigo de derrocada iminente.
Relativamente ao facto de o local ser frequentado por jovens toxicodependente, o vereador diz-nos que de um momento para o outro « não se pode mandar para ali a polícia e acabar com aquilo, porque eles iriam com certeza para outro local ».
O autarca lembrou que a edilidade está a trabalhar com uma associação antidroga, a fim de combater o flagelo.
Quanto à vigilância, Eduardo Porfírio prometeu que vai colocar um funcionário municipal nas imediações do convento.
Um marco da história local Enquanto não se perspectivam soluções imediatas de restauro, investigadores vão denunciando e lamentando a situação a que se chegou.
 Ana Sousa Leal, que tem dedicado os últimos sete anos a estudar a importância do convento, salienta que se trata de « um verdadeiro ponto de diáspora da região », uma vez que o edifício foi construído na confluência das antigas municipalidades de <LOCAL_GeoNetPT02 f_id="2064" t_id="FRG:ADM">Alhos Vedros</LOCAL_GeoNetPT02>, <LOCAL_GeoNetPT02 f_id="791" t_id="FRG:ADM">Lavradio</LOCAL_GeoNetPT02> e <LOCAL_GeoNetPT02 f_id="54" t_id="CON:ADM">Barreiro</LOCAL_GeoNetPT02>.
Para além da importância estratégica que teve ao longo dos séculos, o convento enquadra-se no estilo da « arquitectura franciscana » típica dos conventos arrábidos.
Na opinião de Ana Leal, é « um símbolo do final da época moderna, a última grande construção de antes do século XX, no <LOCAL_GeoNetPT02 f_id="350784" t_id="LOC:ADM">Barreiro</LOCAL_GeoNetPT02> ».
Sugere que se façam escavações arqueológicas no quintal do  Convento da <LOCAL_GeoNetPT02 f_id="350797" t_id="ZON:ADM">Verderena</LOCAL_GeoNetPT02>, porque « é bem possível existirem materiais de grande valor, como pedra trabalhada e azulejos », o que tornaria o local num centro museológico de interesse para as populações.
O monumento, que só ficou concluído em 1609, foi edificado em substituição do  Convento da Nossa Senhora dos Prazeres, em Palhais, local pouco aprazível para os frades que ali habitavam, dada a humidade da zona das caldeiras e dos pântanos.
Na <LOCAL_GeoNetPT02 f_id="350797" t_id="ZON:ADM">Verderena</LOCAL_GeoNetPT02>, D. Francisca de Azambuja, membro influente da baixa nobreza da região e que foi sepultada na capela do convento, criou a instituição, que só terá funcionado até meados do século XVIII.
Em 1834, na senda da onda anticlerical que extinguiu as ordens regulares masculinas, o convento foi encerrado, embora tenha servido para habitação particular.
 Luís Nascimento
</text>
</root>
