<?xml version="1.0" encoding="utf-8"?>
<root>
  <title>PUBLICO-19950105-077</title>
  <text>Na Galeria Zé dos Bois, Rua da <LOCAL_GeoNetPT02 f_id="207847" t_id="RUA:ADM">Vinha</LOCAL_GeoNetPT02> 43-A, é inaugurada, às 21h, a exposição « Cançonetistas de Portugal  », de Paulo Scavullo.
« Doze caras gloriosas da música de antigamente, muitos rolos, muita laca, « make-up » a transbordar, fazendendo-nos recordar festivais da canção, serões para trabalhadores e a Emissora Nacional », é o que nos promete o artista, nesta mostra que irá decorrer até 17 de Janeiro.
Na Galeria do Hotel Meridien é inaugurada, às 18h30, uma exposição de pintura do artista angolano Fernando Valentim.
Patente até 31 de Janeiro.
Na Galeria Municipal da <LOCAL_GeoNetPT02 f_id="31" t_id="CON:ADM">Amadora</LOCAL_GeoNetPT02> é inaugurada uma exposição de cerâmica de Fernanda Páscoa, que ficará patente ao público até 29 de Janeiro.
Na Gartejo, a <LOCAL_GeoNetPT02 f_id="207969" t_id="ZON:ADM">Alcântara</LOCAL_GeoNetPT02>, há música ao vivo a partir das 23h00, com os « Barabar ».
Muito « pop » para animar a noite fria, com temas que estão nos « tops » de todo o mundo.
Na  Casa Fernando Pessoa, <LOCAL_GeoNetPT02 f_id="202037" t_id="RUA:ADM">Rua Coelho da Rocha</LOCAL_GeoNetPT02> 16/18, está patente, até 27 de Janeiro, a exposição de pintura de Teresa Dias Coelho « Dores ».
No Bar Imprevisto, Travessa da <LOCAL_GeoNetPT02 f_id="208451" t_id="TRV:ADM">Laranjeira</LOCAL_GeoNetPT02> 35, pode ver uma exposição de pintura de Maria Arceu, que pode visitar entre as 20h00 e as 2h00, até 6 de Janeiro.
Na Galeria Diferença, Rua <LOCAL_GeoNetPT02 f_id="207239" t_id="RUA:ADM">São Filipe Neri</LOCAL_GeoNetPT02> 42, está patente a exposição « Ornato - Ornamento Deliberado », com pinturas e desenhos de Manuel Costa Cabral.
Até 14 de Janeiro.</text>
</root>
