<?xml version="1.0" encoding="utf-8"?>
<root>
  <title>PUBLICO-19950107-141</title>
  <text>Estados Gerais encerram a 11 e 12 de Março
Guterres chefia contrato de legislatura Jerónimo Pimentel António Guterres chamou a si a coordenação do preâmbulo do documento que constituirá o contrato de legislatura do  PS.
Foi na reunião dos coordenadores dos diversos conselhos dos Estados Gerais, onde o líder socialista, mais uma vez, sublinhou que um dos objectivos da iniciativa é marcar o contraste com o     PSD: os sociais-democratas estão mergulhados nas suas questões internas, enquanto o  PS e os independentes discutem os problemas do país.
 António Guterres presidirá à equipa que vai redigir o preâmbulo do contrato de legislatura, o documento que resultará dos Estados Gerais e cujas propostas o  PS se compromete a realizar, caso venha a constituir governo na sequência do resultado das próximas eleições legislativas.
Ficou definido que a sessão de encerramento decorrerá em <LOCAL_GeoNetPT02 f_id="196518" t_id="LOC:ADM">Lisboa</LOCAL_GeoNetPT02> nos próximos dias 11 e 12 de Março.
O esquema aprovado foi proposto pelo secretário-geral do  PS na reunião de quarta-feira à noite em <LOCAL_GeoNetPT02 f_id="196518" t_id="LOC:ADM">Lisboa</LOCAL_GeoNetPT02>, em que estiveram presentes os coordenadores dos diversos conselhos dos Estados Gerais.
Cerca de 200 conselheiros, entre os quais Vítor Constâncio, Jorge Sampaio, Almeida Santos e os independentes Vasco Vieira de Almeida, Barros Moura, António Pedro de Vasconcelos e Mariano Gago, entre outros, analisaram, também sob proposta do líder socialista, o calendário das próximas realização dos Estados Gerais, bem como os objectivos políticos que deverão nortear aquelas iniciativas.
A sessão de encerramento será antecedida de seis sessões plenárias, tantas quantos os temas dos Estados Gerais, a realizar no dia 4 em <LOCAL_GeoNetPT02 f_id="196518" t_id="LOC:ADM">Lisboa</LOCAL_GeoNetPT02>, <LOCAL_GeoNetPT02 f_id="290154" t_id="LOC:ADM">Porto</LOCAL_GeoNetPT02>, <LOCAL_GeoNetPT02 f_id="111074" t_id="LOC:ADM">Évora</LOCAL_GeoNetPT02> e <LOCAL_GeoNetPT02 f_id="92458" t_id="LOC:ADM">Coimbra</LOCAL_GeoNetPT02>.
Ficou também decidido que os conselhos temáticos, que até agora têm apostado mais na organização das reuniões, irão começar a preparar os respectivos textos conclusivos, que farão parte do contrato de legislatura.
 António Guterres terá igualmente aqui uma participação particular, reunindo com cada uma das equipas a quem caberá definir as propostas finais.
Na reunião de quarta-feira à noite, António Guterres insistiu na necessidade de que os Estados Gerais marquem um contraste notório com o processo de « arrumação da casa » em curso no     PSD.
Como tinha já afirmado na sessão da tarde de lançamento do Fórum Lisboa, o líder socialista sublinhou que uma das imagens a passar para a opinião pública é a de que, enquanto o     PSD se defronta com os dilemas sobre o futuro de Cavaco Silva, o  PS deve, por contraste, mostrar a sua « preocupação em debater e encontrar soluções para os problemas do país ».
E alertou para a « armadilha » que seria concentrar o debate político em torno do que poderá acontecer no partido da maioria, consoante a decisão que Cavaco vier a tomar no que respeita ao seu novo relacionamento com o     PSD.
Esta preocupação expressa por Guterres constituiu, segundo um dos presentes, um « salto qualitativo » do processo, que abandonará um perfil mais técnico que estaria a marcar as discussões até agora realizadas, para passar a ter um conteúdo mais político.
Assim, a crítica às decisões tomadas pelo Governo nas mais diversas áreas, bem como as propostas a sair dos Estados Gerais, terão de ser enquadradas na estratégia de credibilização do  PS enquanto alternativa.
Não se registaram divergências entre os participantes em relação às propostas avançadas por Guterres, tendo-se verificado nas cerca de 25 intervenções, na sua maior parte produzida pelos conselheiros independentes, uma consonância de pontos de vista.
Todavia, houve quem tivesse defendido que, no actual momento político, poderá ser mais eficaz colocar a tónica na denúncia do « suspense » criado por Cavaco Silva sobre o seu futuro político do que na mera prossecução de « uma linha construtiva », apresentando políticas alternativas às que o Governo tem levado a cabo.
 Segunda-feira é dia para uma nova iniciativa dos Estados Gerais.
Desta vez, será discutido se o progresso social é economicamente sustentável.
O debate será moderado por Agostinho Roseta e na mesa vão estar o ex-ministro das Finanças Hernâni Lopes, João Ferreira do Amaral, assessor do Presidente da República, e António Monteiro Fernandes, professor de Direito do Trabalho.</text>
</root>
