<?xml version="1.0" encoding="utf-8"?>
<root>
  <title>PUBLICO-19950106-064</title>
  <text>No Bar Terraço do <LOCALIMPLICITO f_id="196518" t_id="LOC:ADM">Lisboa</LOCALIMPLICITO> Centro Cultural de Belém, entre as 19h e as 21h, há música ao vivo com o Coro Infantil do Grémio Literário, dirigido pela maestrina Ilka Sá Leão e acompanhado ao piano por Gabriela Canavilhas.
</text>
  <text>
Na Cinemateca continua a decorrer um ciclo de cinema dedicado a Burt Lancaster podendo ver, às 18h30, o filme «         Vera Cruz », de Robert Aldrich e, às 21h30, « Apache », do mesmo realizador.
</text>
  <text>
Na Galeria Municipal do Gymnásio, pode ver uma exposição de desenho de alunos finalistas da Faculdade de Belas Artes da  Universidade de Lisboa. Patente até 21 de Janeiro.
</text>
  <text>
Está patente na Livraria Assírio &amp; Alvim, Rua Passos Manuel 67-B, uma exposição de Pedro Proença intitulada « Livros ».
Uma mostra constituída por pinturas de pequeno formato, que desejam ser livros ou gostariam de dar origem a pequenos ( ou grandes ) textos.
</text>
  <text>
Na Galeria de Exposições do Fórum Cultural do <LOCAL_GeoNetPT02 f_id="367093" t_id="LOC:ADM">Seixal</LOCAL_GeoNetPT02>, está patente uma exposição de Manuel Cargaleiro.Até 25 de Janeiro.
</text>
  <text>
Na Galeria Neupergama, em <LOCAL_GeoNetPT02 f_id="342354" t_id="LOC:ADM">Torres Novas</LOCAL_GeoNetPT02>, pode visitar a exposição « 20 Pintores no 14º Aniversário da  Galeria », que ficará patente ao público até 22 de Janeiro.
Obras de Ângelo de Sousa, Bual, Cargaleiro, Cesariny, Cruzeiro Seixas, Dourdil, Eurico, Fernando de Azevedo , Gil Teixeira Lopes, João Dixo, João Vieira, Julião Sarmento, Lima  de Freitas , Manuel Baptista, Martins Correia, Matilde Marçal, Nadir Afonso, Relógio, Rogério Ribeiro e Vespeira.
</text>
</root>
