<?xml version="1.0" encoding="utf-8"?>
<root>
  <title>PUBLICO-19950102-047</title>
  <text><LOCAL_GeoNetPT02 f_id="343425" t_id="LOC:ADM">Vila Nova da Barquinha</LOCAL_GeoNetPT02> 
Uma nova cidade para fixar a população flutuante
« <LOCAL_GeoNetPT02 f_id="343425" t_id="LOC:ADM">Vila Nova da Barquinha</LOCAL_GeoNetPT02>, <LOCAL_GeoNetPT02 f_id="330130" t_id="LOC:ADM">Entroncamento</LOCAL_GeoNetPT02>, <LOCAL_GeoNetPT02 f_id="342354" t_id="LOC:ADM">Torres Novas</LOCAL_GeoNetPT02> e <LOCAL_GeoNetPT02 f_id="324090" t_id="LOC:ADM">Alcanena</LOCAL_GeoNetPT02> estão destinadas a ser uma grande cidade no século XXI e para isso terão a entender-se ».
É com este argumento, retirado de um especialista em geografia económica, que o presidente da Câmara Municipal de <LOCAL_GeoNetPT02 f_id="343425" t_id="LOC:ADM">Vila Nova da Barquinha</LOCAL_GeoNetPT02>, José Eduardo Paulo, perspectiva o futuro desenvolvimento do concelho, acentuando o objectivo estratégico próprio de criar uma nova cidade no concelho, através do estabelecimento de um único perímetro urbano que envolva os núcleos populacionais da Barquinha, <LOCAL_GeoNetPT02 f_id="354749" t_id="LOC:ADM">Moita</LOCAL_GeoNetPT02> e <LOCAL_GeoNetPT02 f_id="342891" t_id="LOC:ADM">Atalaia</LOCAL_GeoNetPT02> -- próximos, mas com amplos espaços entre si por urbanizar.
« Nós vamos construir um plano estratégico da futura cidade, permitindo a fixação da vasta população flutuante no concelho da Barquinha », adianta Eduardo Paulo.
A transformação da população flutuante em população residente é, para o presidente da Câmara, importante para o desenvolvimento do concelho, onde a autarquia aposta na « conjugação do IP 6, do Tejo e do grande polígono de <LOCAL_GeoNetPT02 f_id="343366" t_id="LOC:ADM">Tancos</LOCAL_GeoNetPT02> ».
Eduardo Paulo confirmou ao PÚBLICO as grandes expectativas dos investidores em planos de urbanização no concelho.
« Vamos desenvolver um programa de habitabilidade e urbanização, com o objectivo das zonas intersticias entre os núcleos históricos da <LOCAL_GeoNetPT02 f_id="342891" t_id="LOC:ADM">Atalaia</LOCAL_GeoNetPT02>, <LOCAL_GeoNetPT02 f_id="354749" t_id="LOC:ADM">Moita</LOCAL_GeoNetPT02> e Barquinha serem preenchidas com bairros novos », adianta o autarca, sublinhando a intenção de urbanizar prioritariamente as zonas do parque desportivo da Atalaia, vale da Loura, Cardal, encosta da  Capela e fonte da Atalaia.
Teatro, arqueologia e pára-quedismo
Para além das novas urbanizações, a Câmara de <LOCAL_GeoNetPT02 f_id="343425" t_id="LOC:ADM">Vila Nova da Barquinha</LOCAL_GeoNetPT02> vai apostar nas áreas da cultura e do desporto.
O objectivo é tentar recuperar sectores tradicionais da cultura local, como o teatro, ou lançar-se no apoio de desportos radicais, como o pára-quedismo.
« A Barquinha já teve muito bom teatro amador e entendo que a recuperação do teatro no concelho deve começar pelas escolas -- e a verdade é que C ++ S da vila já trabalhou com competência num grupo de teatro o ano passado », diz Eduardo Paulo, admitindo que a autarquia possa dar sequência em breve ao trabalho desenvolvido nas escolas.
No âmbito da arqueologia, o município vai continuar a apoiar o núcleo local, tendo recentemente apoiado dois campos de férias, segundo o edil.
Além do levantamento das carências da natureza desportiva do concelho, a Câmara Municipal apoia, com instalações e transportes, o clube náutico local.
A colaboração com a escola de pára-quedistas de <LOCAL_GeoNetPT02 f_id="343366" t_id="LOC:ADM">Tancos</LOCAL_GeoNetPT02>, por sua vez, originou já a instalação, na Barquinha, da futura sede nacional dos pára-quedistas portugueses.
M.F.V.</text>
</root>
