<?xml version="1.0" encoding="utf-8"?>
<root>
  <title>PUBLICO-19940401-002</title>
  <text>
Novo presidente da AAC promete novas acções a seguir à Páscoa
« Lei das Propinas é uma cunha no sistema »
Leonete Botelho
Durante quase dois anos, a academia de <LOCAL_GeoNetPT02 f_id="92458" t_id="LOC:ADM">Coimbra</LOCAL_GeoNetPT02> liderou o processo de luta estudantil, fazendo com a Associação Académica de <LOCAL_GeoNetPT02 f_id="196518" t_id="LOC:ADM">Lisboa</LOCAL_GeoNetPT02> um frente de bloqueio que deu sérias dores de cabeça ao então ministro da Educação, Couto dos Santos.
Mas se o apoio de <LOCAL_GeoNetPT02 f_id="196518" t_id="LOC:ADM">Lisboa</LOCAL_GeoNetPT02> foi importante, o facto é que a Associação Académica de <LOCAL_GeoNetPT02 f_id="92458" t_id="LOC:ADM">Coimbra</LOCAL_GeoNetPT02> se apresentou sempre com uma forte coerência numa guerra que assistiu a vários golpes de teatro.
Eleito o sucessor de Vigário -- o com o seu apoio expresso -- resta saber o que vai acontecer a seguir.
O recém-eleito presidente da Direcção-Geral da Associação Académica de <LOCAL_GeoNetPT02 f_id="92458" t_id="LOC:ADM">Coimbra</LOCAL_GeoNetPT02> (AAC), Tiago Magalhães, afirma que está para durar a luta dos estudantes universitários.
Não tendo já como « centro de gravidade » unicamente a Lei das Propinas, que diz ser « uma cunha no sistema », mas sim o debate alargado às condições do Ensino Superior.
« Vem aí um claro continuar da tempestade logo a seguir às férias da Páscoa », afirma em entrevista ao PÚBLICO.
 PÚBLICO: Logo que soube que tinha sido eleito, afirmou que iria alargar a contestação dos estudantes por uma melhoria das condições do Ensino Superior, saindo do « guetto das propinas ».
A AAC pretende liderar esta nova fase da luta estudantil, agora que foi perdida a guerra das propinas?
 Tiago Magalhães: O que a AAC está já a fazer, não no sentido de liderança, mas com um papel muito forte nesse processo, é retomar as conversações com as outras associações no sentido de se prepararem novas acções reivindicativas de melhores condições no ensino superior.
Acho que este debate, aberto com a guerra das propinas, o facto de estarmos todos na mesma situação em relação a uma série de questões, deu uma forte consciência crítica aos estudantes universitários, desde logo em relação à questão do financiamento do Ensino Superior.
São enormes os encargos que cada estudante já tem: só os livros, alojamento e alimentação exigem 50 a 60 contos mensais.
E em vez de termos uma lei que nos permita aliviar esse encargo, temos a Lei das Propinas -- que é uma cunha no sistema -- e que, sem relação com nenhumas outras leis que demonstrem que há um plano e um objectivo para o Ensino Superior, vão tornar essa carga seja muito mais pesada.
P: Mas desde a publicação, em Janeiro, da regulamentação dessa Lei, que parece haver uma « acalmia » dos estudantes universitários, como se tivessem reconhecido que perderam a guerra e se tivessem retirado de cena ...
R: O que se passa é que as movimentações estudantis hão-de estar sempre subordinadas a altos e baixos, porque a vida universitária é assim: temos exames, temos férias, temos eleições nas associações de estudantes ...
Agora, parece-me que não podemos falar de « acalmia ».
 Vem aí um claro continuar da tempestade, pelo menos dos protestos e da reivindicação, embora sempre sujeita ao ritmo universitário.
Nós temos é que jogar com ele.
Agora a seguir às férias da Páscoa, estou convencido que vamos voltar a protestar e que vamos levar outra vez a reivindicação para a rua.
É certo que tem havido menos reuniões com os outros dirigentes associativos, mas estamos já a fazer contactos para marcar para breve um encontro, possivelmente na próxima semana aqui em <LOCAL_GeoNetPT02 f_id="92458" t_id="LOC:ADM">Coimbra</LOCAL_GeoNetPT02>.
O maior problema é que nós somos amadores nestas lutas, e temos profissionais do outro lado, pessoas que estão a tempo inteiro com estas questões.
às vezes torna-se muito difícil combater, porque não temos as mesmas armas nem os mesmos meios.
O Ministério da Educação, por exemplo, publica periodicamente um jornal, que distribui aos milhares por todas as escolas do país e por todo o lado, e onde, na semana em que houve a carga policial frente à Assembleia da República e que o ministro Couto dos Santos caíu, a revista de imprensa dessa publicação conseguiu só dizer mal dos estudantes universitários e não falava nem da saída do ministro nem da carga sobre os estudantes!
O que referia era uma carta de um leitor de um diário que dizia que achava muito bem que os estudantes universitários fossem postos na rua se não pagassem propinas.
É gozar com as pessoas!
P: Vocês devem estar também a preparar a reunião que vão ter com a ministra Manuela Ferreira Leite.
A Universidade de <LOCAL_GeoNetPT02 f_id="92458" t_id="LOC:ADM">Coimbra</LOCAL_GeoNetPT02> vai levar algumas questões específicas?
Em que termos perspectivam este encontro?
R: Em relação a esta ministra, penso que mudou claramente a forma e a roupagem, mas tenho muitas dúvidas quanto à mudança de conteúdo.
Ela é a responsável por um crescimento zero para o crescimento da Educação no Orçamento de Estado pelo segundo ano consecutivo.
Não é possível conciliar isto com um discurso em que se diz que a prioridade é a Educação.
Quanto a questões específicas da nossa Universidade, queremos falar sobre a reestruturação das habilitações para a docência.
Não podemos aceitar que as habilitações de cursos de Ciências e de Letras sejam inferiores às dadas pelas Escolas Superiores de Educação ou dos cursos superiores de via de ensino que há por esse país fora.
A Universidade de <LOCAL_GeoNetPT02 f_id="92458" t_id="LOC:ADM">Coimbra</LOCAL_GeoNetPT02> vai ter que batalhar nesse ponto.
Vamos falar também dos problemas dos laboratórios e dos assistentes, que nalguns cursos são catastróficas, como em Direito ou Engenharia Electrotécnica, entre outros problemas.
P: Você pertenceu à equipa de Vigário, esteve à frente do pelouro das inter-associações, participou em todas as reuniões durante a guerra das propinas.
Depois, quando se candidatou à presidência da AAC, teve o apoio do seu antecessor e, agora, aponta as mesmas traves-mestras de acção que já ele traçara e defendera.
O seu mandato parece marcado desde já por uma inevitável continuidade, não acha?
R: Eu acho que a continuidade propriamente não existe, porque as pessoas são sempre diferentes.
Claro que existem as mesmas preocupações, em relação à necessidade imperiosa de termos um ensino de qualidade e que seja a partir desta que se desenvolva o país.
Neste aspecto, a continuidade existe, e talvez seja este o aspecto mais importante.
Agora, se vai haver a mesma linha em relação às acções e atitudes, não faço ideia, se calhar vamos ser completamente diferentes ...
</text>
</root>
