<?xml version="1.0" encoding="utf-8"?>
<root>
  <title>PUBLICO-19950103-015</title>
  <text>O desporto, as novas regras e a televisão
Em nome do espectáculo
Em nome dos milhões da televisão, as modalidades desportivas reformam as suas regras e procuram tornar-se mais espectaculares.
Acabar com os tempos mortos, limitar a possibilidade de erro humano e erradicar a violência são hoje objectivos comuns a todos os desportos.
Jorge Santos
Se a televisão passa menos mal sem o desporto, este não se pode dar ao luxo de viver sem a caixa que mudou o mundo.
Sensíveis aos lucros milionários proporcionados pelas transmissões televisivas, as modalidades desportivas procuram, em nome do espectáculo, tornar-se mais atractivas.
Muitas das regras que, ao longo de anos, moldaram os vários desportos acabaram, assim, por ter o caixote do lixo como destino.
As alterações verificadas nas principais modalidades obedecem, basicamente, a três princípios: eliminar os tempos mortos, erradicar a violência e minimizar a possibilidade de erro humano.
Nem mesmo o futebol, consagrado como desporto-rei em três quartos do Mundo, avesso, durante décadas, a qualquer modificação nas suas regras, escapou às novas exigências do audiovisual.
Promover o ataque, defender o jogo positivo, passou também a ser palavra de ordem dos dirigentes da FIFA.
« Pretendemos atingir dois objectivos fundamentais: defender o espírito do jogo, sancionando as faltas que perturbem o seu natural desenvolvimento, e proteger o futebol de ataque », explicou recentemente Pablo Porta, do Comité de Disciplina da FIFA, ao diário espanhol « El Pais ».
Daí as alterações às regras, com destaque para a proibição de o guarda-redes jogar a bola com as mãos a passe de um companheiro, a expulsão para as cargas pelas costas ou a introdução, em alguns países, de três pontos por vitória -- regra que também se aplicará a <LOCAL_GeoNetPT02 f_id="418745" t_id="PAI:ADM">Portugal</LOCAL_GeoNetPT02> já na próxima época.
Disposições que, pela sua timidez, nem todos aplaudem.
Entre estes está Hernâni Gonçalves, membro da equipa técnica do seleccionador nacional, António Oliveira, para quem as novas regras não vieram adiantar grande coisa.
Na opinião deste técnico, as medidas aprovadas pela FIFA permitiram apenas aumentar ligeiramente o tempo útil de jogo.
E era preciso ir mais longe.
« O lançamento de linha lateral com o pé seria uma forma de promover a espectacularidade do jogo e favorecer a dinâmica atacante.
Podia optar-se por fixar um tempo útil de jogo, tal como no basquetebol, talvez 60 minutos, e, finalmente, aumentar a altura das balizas ».
Quanto ao lançamento da linha lateral, o International Board deve pronunciar-se sobre uma proposta nesse sentido já em Março próximo.
O andebol, a segunda modalidade em <LOCAL_GeoNetPT02 f_id="418745" t_id="PAI:ADM">Portugal</LOCAL_GeoNetPT02> quanto ao número de praticantes, vive uma verdadeira revolução.
Nada mais nada menos do que dezasseis propostas de alteração às regras estão em cima da mesa, sendo algumas muito polémicas, como a intenção de fazer valer os golos marcados fora da linha dos nove metros a dobrar.
Algumas dessas propostas, da responsabilidade de uma comissão especial da Federação Internacional de Andebol ( IHF ), estão já a ser experimentadas: os treinadores podem pedir dois tempos de desconto;
o recomeço do jogo após a marcação de um golo faz-se a partir do centro do recinto, sem ser necessário esperar que os jogadores da outra equipa se encontrem todos no seu meio-campo;
os atrasos para além da linha do meio-campo são considerados antijogo.
Um bom negócio
Nos Estados Unidos, onde há muito os vários desportos se adaptaram às necessidades da televisão, o casamento entre as duas partes é perfeito.
O basquetebol é um bom exemplo.
Os jogos da NBA dividem-se em quatro partes, proporcionando três intervalos e muito tempo disponível para a publicidade, além de toda a animação paralela.
A imagem dos grandes jogadores, como Magic Johnson, dos Los Angeles Lakers, ou de Michael Jordan, dos Chicago Bulls, rende, por sua vez, rios de dinheiro.
É o « marketing » em todo o seu esplendor.
A bem do basquetebol, dos seus intépretes, dos anunciantes e dos canais de televisão.
O mesmo acontece com o basebol, o futebol americano e o hóquei sobre o gelo, os desportos colectivos mais populares na pátria do Tio Sam.
« A televisão é fundamental para qualquer desporto, tanto pelo seu peso económico como pela promoção que proporciona », reconhece Pablo Porta.
« Mas nunca permitiríamos a descaracterização do futebol em função dos interesses televisivos.
Se tivéssemos cedido, os jogos do último Mundial teriam sido disputados em quatro partes, em vez de duas ».
 Luís Pinto Enes, da RTP, está, aliás, de acordo com esta perspectiva.
« Não sou apologista da mediatização do futebol ou das outras modalidades ».
Ainda segundo Pinto Enes, o futebol tem sido um bom negócio para a televisão do Estado.
« As transmissões de jogos de futebol ao sábado e domingo desequilibram as audiências a nosso favor.
Têm ainda a vantagem de fidelizar espectadores logo a partir das 18 horas ».
Enfrentando o quase monopólio da RTP, as cadeias privadas de televisão que operam em <LOCAL_GeoNetPT02 f_id="418745" t_id="PAI:ADM">Portugal</LOCAL_GeoNetPT02> procuram ganhar os acontecimentos desportivos que restam.
A TVI negociou a cobertura do Campeonato da Europa de Hóquei em Patins, no <LOCAL_GeoNetPT02 f_id="143510" t_id="LOC:ADM">Funchal</LOCAL_GeoNetPT02>, com a ICM de Lucídio Ribeiro, uma empresa concorrente da Olivedesportos, líder do mercado.
O jogo da final entre <LOCAL_GeoNetPT02 f_id="418745" t_id="PAI:ADM">Portugal</LOCAL_GeoNetPT02> e Espanha garantiu ao canal 4 um « share » de 17,6, três pontos acima da média do último meio ano.
Esta estação está já a cobrir seis jogos do campeonato nacional da I Divisão de hóquei em patins.
Nem a RTP nem a TVI pagam, contudo, um tostão pelas transmissões das modalidades ditas amadoras.
A publicidade estática viabiliza o negócio e contenta todas as partes.
O acordo com o <LOCALIMPLICITO f_id="418745" t_id="PAI:ADM">Portugal</LOCALIMPLICITO> União de Leiria para a transmissão de três jogos do campeonato nacional de futebol está também a ser um bom investimento para a televisão de inspiração cristã.
« A publicidade angariada para os três jogos do <LOCALIMPLICITO f_id="418745" t_id="PAI:ADM">Portugal</LOCALIMPLICITO> União de Leiria pagou o custo das transmissões e ainda sobrou algum dinheiro », refere Almeida Ribeiro, da 4.
Com o basquetebol e o andebol nas mãos da RTP e o hóquei em patins nas da TVI, a SIC vai continuar a fazer do ciclismo a sua principal aposta.
Quanto ao futebol, existe um acordo com o <LOCALIMPLICITO f_id="418745" t_id="PAI:ADM">Portugal</LOCALIMPLICITO> Tirsense para três « directos ».
Isto depois de o terceiro canal ter protagonizado uma autêntica batalha legal com a RTP pelo direito a emitir imagens dos resumos dos jogos do campeonato nacional e de ter desencadeado uma escalada de preços em torno dos « directos » dos grandes desafios de 1992.
No rescaldo deste combate perdido, Jorge Schnitzer, da SIC, chegou mesmo a acusar a 5 de Outubro de « malbaratar os dinheiros dos contribuintes » e de ter uma « concepção mafiosa da informação ».
As transmissões desportivas continuam, de qualquer modo, a interessar a estação de Pinto Balsemão.
Um porta-voz da SIC disse ao PÚBLICO que « o mercado está inflacionado e terá que passar a existir uma relação mais fiel entre o custo da transmissão de um jogo de futebol e a sua audiência.
« A Chuva de Estrelas » consegue superar a audiência da maioria dos jogos de futebol e é um programa muito mais barato ».
Os novos estádios A banalização dos « directos » de futebol tira público dos estádios.
É um dado adquirido, contra o qual os dirigentes desportivos mais lúcidos têm procurado remar.
Bilhetes a preços mais acessíveis, organização das « claques », intervalos preenchidos com bandas, sorteios de automóveis, todas estas iniciativas parecem longe de resolver a fuga dos espectadores.
Impõem-se, naturalmente, medidas de fundo, que obrigam à reconversão dos estádios de futebol.
Mais pequenos, mais funcionais, mais cómodos, assim vão ser estes espaços no futuro.
Hernâni Gonçalves diz que não vai haver lugar para os grandes recintos, sem outra coisa do que bancadas de pedra.
« São elefantes brancos, condenados a desaparecer ».
E Almeida Ribeiro lembra que o próprio espectáculo televisivo se ressente da falta de adeptos nas bancadas.
O  Bessa deverá ser um dos primeiros estádios portugueses a sofrer uma remodelação de alto a baixo e a adequar-se aos tempos modernos.
Será totalmente coberto, com apenas 18.000 lugares, todos sentados e individuais.
« A ideia é conseguir que o futebol do <LOCALIMPLICITO f_id="418745" t_id="PAI:ADM">Portugal</LOCALIMPLICITO> Boavista venha a ser competitivo com a televisão e os outros espectáculos », frisa o dirigente axadrezado Jorge Costa.
Acessos privilegiados e facilidades de estacionamento ( a nova bancada vai ter um parque subterrâneo ) fazem igualmente parte do programa de reconstrução daquele recinto.
Um estádio vazio é um estádio triste -- e tristezas, como diz o ditado, não pagam dívidas.</text>
</root>
