<?xml version="1.0" encoding="utf-8"?>
<root>
  <title>PUBLICO-19950108-052</title>
  <text><LOCAL_GeoNetPT02 f_id="229" t_id="CON:ADM">Pombal</LOCAL_GeoNetPT02> 
Contestação em torno de duplo traço contínuo Um duplo traço contínuo pintado, há cerca de um mês, num troço do IC 2 ( ex-Estrada Nacional 1 ), que é uma recta, no lugar do Tinto, freguesia de <LOCAL_GeoNetPT02 f_id="2537" t_id="FRG:ADM">Pelariga</LOCAL_GeoNetPT02>, <LOCAL_GeoNetPT02 f_id="229" t_id="CON:ADM">Pombal</LOCAL_GeoNetPT02>, tem vindo a provocar alguma contestação, tanto da população como dos empresários instalados no local.
O « tracejado » anteriormente existente permitia o acesso de viaturas a empresas fabris e restaurantes situados no local, mas foi substituído por « contínuo duplo » depois da aplicação de um novo tapete no IC2.
Inviabilizou assim o acesso directo às fábricas e restaurantes e, agora, muitos camiões têm de percorrer mais cerca de dez quilómetros, para vir estacionar nos locais pretendidos.
Houve até agora várias conversas entre os empresários e as entidades competentes, na tentativa de resolver o problema.
Os primeiros referem mesmo prejuízos elevados por causa daquela limitação e já enviaram abaixo-assinados a diferentes instituições, pedindo que seja reposta a situação anterior.
Um dos empresários, contactados pelo PÚBLICO, não deixou de estranhar o facto de serem « abertos traços contínuos em locais impensáveis, como sejam curvas », ao passo que naquele « local, com algumas indústrias e numa recta bastante grande, os traços se mantêm contínuos ».
« Não posso aceitar a justificação dada pelas autoridades, ao afirmarem que eles foram pintados por questões de segurança », conclui.
Empresários e populares têm tentado algumas medidas, chegando mesmo a ter planeado um corte da estrada, no sentido de fazer ouvir os seus protestos, mas a presença do capitão Narciso dos Santos da GNR de Pombal, acompanhado por alguns agentes e elementos da Brigada de Trânsito, dissuadiu os contestatários.
Narciso dos Santos -- « o único que conseguiu dar a cara face aos nossos protestos », elogiou um empresário -- garantiu mesmo aos industriais o seu empenho em os auxiliar a resolver a situação.
Prometeu intervir junto da  Junta Autónoma das Estradas e da Direcção de Estradas do distrito de <LOCAL_GeoNetPT02 f_id="3964" t_id="DST:ADM">Leiria</LOCAL_GeoNetPT02>, para que se faça uma reunião conjunta com a Câmara Municipal de <LOCAL_GeoNetPT02 f_id="229" t_id="CON:ADM">Pombal</LOCAL_GeoNetPT02>, o comandante distrital da Brigada de Trânsito e um representante dos empresários.
Perante esta atitude de disponibilidade do representante da autoridade foram suspensas as contestações « por mais alguns dias, até vermos qual a resolução proposta pelas entidades competentes ».
As medidas poderão passar, segundo apurou o PÚBLICO, pela abertura de novos acessos às empresas instaladas no local.
José Manuel Carraça</text>
</root>
