<?xml version="1.0" encoding="utf-8"?>
<root>
  <title>PUBLICO-19940801-058</title>
  <text>Câmara de <LOCAL_GeoNetPT02 f_id="233" t_id="CON:ADM">Ponte de Lima</LOCAL_GeoNetPT02> em tribunal
As telhas, o muro e o general Francês Catorze telhas quebradas e um muro danificado colocaram a Câmara de <LOCAL_GeoNetPT02 f_id="233" t_id="CON:ADM">Ponte de Lima</LOCAL_GeoNetPT02> em maus lençóis.
Tudo porque uma empreitada entregue pela autarquia à empresa Marfil provocou estragos na residência de férias de Guy Felix Rüols, um general francês de Cavalaria que já foi governador militar de Paris.
Em causa está, por exemplo, o pagamento de 840 escudos que o general desembolsou ao adquirir catorze novas telhas.
Proprietário da « Bouça  do Pinheiro Manso », na freguesia de <LOCAL_GeoNetPT02 f_id="418637" t_id="FRG:ADM">Santa Comba</LOCAL_GeoNetPT02>, concelho de  Ponte de Lima , Guy Rüols edificou um muro de vedação junto ao limite norte do terreno, confrontando com um caminho público.
Em princípios de 1988, após a autarquia limiana ter contratado a Marfil para uma empreitada de obras de beneficiação daquele caminho, os tiros de pedreira, e consequentes estilhaços, necessários para a concretização da obra, danificaram a casa, de dois pisos, do general francês, um visitante do concelho há cerca de 30 anos nos períodos de férias.
O resultado saldou-se pela quebra de 14 telhas e um vidro, factos que só em Outubro do mesmo ano foram constatados por Guy Rüols, à chegada para mais um período de descanso.
A execução de um aterro na parte exterior do muro, para permitir a elevação em mais de 60 centímetros do traçado nivelado e com pavimento betuminoso, causou a sua destruição em alguns troços.
As diligências do general para compor a situação levaram a Marfil a efectuar algumas reparações, toscas, do muro e do telhado, mas com as telhas a serem compradas por aquele militar, que viria a apresentar uma queixa, em Julho de 1992, junto do Tribunal Judicial da Comarca de <LOCAL_GeoNetPT02 f_id="233" t_id="CON:ADM">Ponte de Lima</LOCAL_GeoNetPT02>.
Um relatório técnico, elaborado em 1990 pelo Gabinete Técnico Eng. Domingos Bezerra, que faz parte da acção com processo sumário nº 93/92 da 1ª secção daquele tribunal, confirmava a dimensão dos estragos e fornecia indicações para a correcta edificação do muro danificado.
No entanto, a Câmara de Ponte de Lima, então presidida por Fernando Calheiros de Barros , através do advogado que a representava, considerou o relatório « inexacto, vicioso » e não correspondendo « minimamente à realidade », ao mesmo tempo que afirmava ser « falso » a detonação de tiros de pedreira e a utilização do muro de vedação para suporte dos aterros entre outras contestações.
As especificações que se seguem ao despacho saneador do processo, emanado definitivamente em 30 de Junho último, afirmam, contudo, a utilização do muro para o fim supracitado.
A autarquia não está interessada em que o caso chegue a julgamento.
Em declarações ao PÚBLICO, o vereador substituto da presidência, Abel Baptista, afirmou que, « em princípio, na próxima semana, reuniremos com o senhor general e a questão será resolvida através do diálogo ».
O actual edil de  Ponte de Lima , Daniel Campelo, reassume as suas funções, após um período de férias, na próxima segunda-feira.
Pelos vistos, 840 escudos não deverão significar um lugar sentado no banco dos réus.
António Gonçalves</text>
</root>
