<?xml version="1.0" encoding="utf-8"?>
<root>
  <title>PUBLICO-19950105-103</title>
  <text><LOCAL_GeoNetPT02 f_id="64" t_id="CON:ADM">Braga</LOCAL_GeoNetPT02>  lamenta renúncia
A renúncia de Nogueira de Brito foi classificada como « uma perda para o partido, para <LOCAL_GeoNetPT02 f_id="64" t_id="CON:ADM">Braga</LOCAL_GeoNetPT02> e para o país », por António Pedras, presidente da comissão política da distrital centrista bracarense.
O líder da distrital do CDS, a cujas estruturas o deputado pertence e por cujo círculo foi eleito, considerou, em declaração à Lusa, que « Nogueira de Brito é o melhor parlamentar que o partido alguma vez teve, talvez com a excepção de Adelino Amaro da Costa, que era um fora de série ».
Afirmando desconhecer as razões da ruptura entre Brito e a direcção nacional do partido, António Pedras sustentou, porém, que « as declarações de Manuel Monteiro no final do debate da moção de censura foram infelizes ».
Mas acrescentou:
« Julgo que haverá outras razões para o abandono pois, se fosse apenas por causa daquelas declarações, tudo poderia ser resolvido ».
Sublinhando que a saída de Nogueira de Brito inviabiliza a sua manutenção como número um do CDS em <LOCAL_GeoNetPT02 f_id="64" t_id="CON:ADM">Braga</LOCAL_GeoNetPT02>, António Pedras exigiu à direcção-Monteiro a « indicação de uma figura nacional para liderar a lista candidata às próximas eleições legislativas ».
Até porque, frisou, « <LOCAL_GeoNetPT02 f_id="64" t_id="CON:ADM">Braga</LOCAL_GeoNetPT02> sempre teve cabeças-de-lista de grande valor » e exemplificou:
« Primeiro foi Adelino Amaro da Costa, depois Basílio Horta e, desde há quinze anos, tem sido Nogueira de Brito que até é natural do distrito ».
António Pedras anunciou, por outro lado, ter já contactado o segundo nome da lista do CDS por <LOCAL_GeoNetPT02 f_id="64" t_id="CON:ADM">Braga</LOCAL_GeoNetPT02>, Monteiro de Castro, e espera agora a sua « resposta rápida ».
Gala substitui Conceição Se o autarca de <LOCAL_GeoNetPT02 f_id="205" t_id="CON:ADM">Oliveira do Bairro</LOCAL_GeoNetPT02>, Acílio Gala, utilizar os seus dotes oratórios no parlamento, as suas intervenções não deverão passar despercebidas.
O próximo deputado do    CDS-PP, que substitui Conceição Seixas como deputada pelo círculo de <LOCAL_GeoNetPT02 f_id="45" t_id="CON:ADM">Aveiro</LOCAL_GeoNetPT02>, é um homem de voz forte e gestos largos, a quem Manuel Monteiro está agradecido pelo resultado conseguido nas últimas eleições para a autarquia daquele município da Bairrada.
O regresso de um autarca centrista à Assembleia da República, depois de os presidentes das câmaras de <LOCAL_GeoNetPT02 f_id="45" t_id="CON:ADM">Aveiro</LOCAL_GeoNetPT02> ( Girão Pereira ), <LOCAL_GeoNetPT02 f_id="4" t_id="CON:ADM">Albergaria-a-Velha</LOCAL_GeoNetPT02> ( Rui Marques ) e <LOCAL_GeoNetPT02 f_id="290" t_id="CON:ADM">São João da Madeira</LOCAL_GeoNetPT02> ( Manuel Cambra ) terem, sucessivamente, ocupado lugares de deputados coincide com a aproximação das decisões quanto à instalação do aterro e da incineradora de resíduos industriais.
E, na linha da frente da contestação à eventual escolha de duas área localizadas no distrito de <LOCAL_GeoNetPT02 f_id="3944" t_id="DST:ADM">Aveiro</LOCAL_GeoNetPT02>, têm estado os autarcas do    CDS-PP.
Para Acílio Gala - um ex-magistrado que, em vésperas das autárquicas de 1993 resistiu às tentativas de aliciamento do     PSD para vestir a camisola laranja - transferir para a Assembleia da República a luta contra a eventual localização do aterro de resíduos industriais no vizinho concelho de <LOCAL_GeoNetPT02 f_id="308" t_id="CON:ADM">Vagos</LOCAL_GeoNetPT02>, será uma oportunidade a não perder.
Entretanto, os centristas que tradicionalmente têm conseguido bons resultados no distrito, preparam-se para aceitar uma figura nacional para liderar a lista de candidatos a deputados pelo círculo de <LOCAL_GeoNetPT02 f_id="45" t_id="CON:ADM">Aveiro</LOCAL_GeoNetPT02>, nas próximas eleições legislativas.
No entanto, o dirigente distrital do    CDS-PP, Rui Marques, exige que seja « um nome que traga mais valias para as aspirações dos autarcas centristas e conhecedor da realidade do distrito de <LOCAL_GeoNetPT02 f_id="3944" t_id="DST:ADM">Aveiro</LOCAL_GeoNetPT02> ».
* com Daniel Oliveira e Lusa</text>
</root>
