<?xml version="1.0" encoding="utf-8"?>
<root>
  <title>PUBLICO-19950107-117</title>
  <text>Novos contentores contra o lixo
Os contentores de lixo das 16 mil habitações de <LOCAL_GeoNetPT02 f_id="1727" t_id="FRG:ADM">Santo Condestável</LOCAL_GeoNetPT02> e <LOCAL_GeoNetPT02 f_id="1711" t_id="FRG:ADM">Campolide</LOCAL_GeoNetPT02> começaram esta semana a ser substituídos por outros mais resistentes, equipados com rodas e idênticos aos que já são usados noutras freguesias de <LOCAL_GeoNetPT02 f_id="146" t_id="CON:ADM">Lisboa</LOCAL_GeoNetPT02>.
Em simutâneo entram ao serviço quatro novos carros de recolha de lixo.
Somando os contentores às viaturas, o investimento é de 90 mil contos, 70 mil dos quais gastos na compra dos veículos.
O pelouro da Higiene Urbana anunciou entretanto o prosseguimento das suas « operações especiais ».
As próximas freguesias abrangidas, ao longo do primeiro trimestre do ano, são <LOCAL_GeoNetPT02 f_id="1709" t_id="FRG:ADM">Benfica</LOCAL_GeoNetPT02>, <LOCAL_GeoNetPT02 f_id="1707" t_id="FRG:ADM">Ameixoeira</LOCAL_GeoNetPT02>, <LOCAL_GeoNetPT02 f_id="1740" t_id="FRG:ADM">São Sebastião da Pedreira</LOCAL_GeoNetPT02>, <LOCAL_GeoNetPT02 f_id="1727" t_id="FRG:ADM">Santo Condestável</LOCAL_GeoNetPT02>, <LOCAL_GeoNetPT02 f_id="418452" t_id="FRG:ADM">Carnide</LOCAL_GeoNetPT02>,  <LOCAL_GeoNetPT02 f_id="199676" t_id="LRG:ADM">São Mamede</LOCAL_GeoNetPT02> e <LOCAL_GeoNetPT02 f_id="1724" t_id="FRG:ADM">Santa Isabel</LOCAL_GeoNetPT02>.</text>
</root>
