<?xml version="1.0" encoding="utf-8"?>
<root>
  <title>PUBLICO-19950105-105</title>
  <text>Gomes insiste em eleições antecipadas
O presidente da Câmara do <LOCAL_GeoNetPT02 f_id="238" t_id="CON:ADM">Porto</LOCAL_GeoNetPT02>, Fernando Gomes, está disposto a vir de novo a público reclamar a convocação de eleições antecipadas como forma de saída para a actual crise política, demarcando-se assim da posição oficial do seu partido.
Segundo explicaram fontes próximas do autarca portuense, essa provável tomada de posição, já anunciada em círculos restritos, estará apenas condicionada por aquilo que nos próximos dias possa ser conhecido sobre as reais intenções políticas de Cavaco e do     PSD.
Recorde-se que diversos dirigentes do  PS acusaram Gomes de « estar a pôr-se em bicos de pés » ao propor as eleições antecipadas poucos dias antes de Guterres ser recebido pelo Presidente da República e defender uma alteração à lei eleitoral que, a ser aceite, se traduziria na antecipação das eleições para Junho.
O autarca portuense estranhou essas críticas, tanto mais que poucos dias antes conversara sobre o tema com Guterres, não tendo verificado qualquer falta de sintonia nesta matéria com o secretário-geral do partido.
A insistência de Gomes na reivindicação da antecipação das legislativas, independentemente do consenso interpartidário sugerido por Guterres e à revelia do discurso oficial do  PS, está a ser interpretada nos meios socialistas portuenses como mais um sinal de que o autarca portuense não está de acordo com o tipo de oposição protagonizada por Guterres e pelo secretariado nacional do partido.
A forma alegadamente « pouco agressiva » como a direcção do  PS tem reagido à actuação do Governo perante os mais recentes focos de crise social terá já sido criticada várias vezes, em privado, pelo presidente da    Câmara do <LOCAL_GeoNetPT02 f_id="238" t_id="CON:ADM">Porto</LOCAL_GeoNetPT02>.
Neste quadro de demarcação cautelosa da linha oficial do partido, o autarca portuense terá já confessado a várias individualidades que lhe são próximas que não aceitará integrar um eventual governo socialista que não dê as garantias de « força política » que considera necessárias.
E alguns dos seus fiéis defendem mesmo que Gomes deveria, pura e simplesmente, « descolar » de Guterres.
Outros, no entanto, aconselham-no a gerir cuidadosamente as divergências com a maioria do secretariado nacional, para não limitar as sua ambições políticas futuras.
Sucessores
A questão da sucessão de Gomes à frente da    Câmara do <LOCAL_GeoNetPT02 f_id="238" t_id="CON:ADM">Porto</LOCAL_GeoNetPT02> ( recorde-se que o autarca tem declarado que não pretende candidatar-se a novo mandato ) está já, entretanto, a condicionar as lutas internas no  PS portuense.
Hoje mesmo, o seu vereador Orlando Gaspar irá anunciar a recandidatura à liderança da Comissão Política Concelhia, e Gomes disse já que o apoiava, o que deverá ser suficiente para lhe garantir a reeleição.
Esse apoio explícito terá desagradado ao líder distrital do partido, Narciso Miranda, que pretenderia reeditar nas concelhias um acordo semelhante ao que levou ao consenso entre as facções do PS-Porto na federação distrital.
Sabendo da importância do papel das concelhias na escolha dos candidatos às câmaras, os adversários de Gomes no aparelho partidário distrital têm vindo a sugerir que o apoio a Gaspar teve como único objectivo impedir uma eventual candidatura àquela estrutura de Gomes Fernandes, o número dois no executivo da    Câmara do <LOCAL_GeoNetPT02 f_id="238" t_id="CON:ADM">Porto</LOCAL_GeoNetPT02> e eterno candidato à presidência da autarquia.
Recorde-se que Fernando Gomes e este seu vereador têm andado em rota de colisão, e que o segundo chegou já a ameaçar que pode abandonar o seu actual cargo na autarquia.
Considerado o « sucessor natural » de Gomes por muitos socialista portuenses, Gomes Fernandes dispõe de algum peso na estrutura local do partido, mas é muito criticado nos sectores mais afastados da máquina partidária e mais próximos do actual presidente da    Câmara do <LOCAL_GeoNetPT02 f_id="238" t_id="CON:ADM">Porto</LOCAL_GeoNetPT02>, que gostariam de lhe ver suceder uma personalidade independente, como a ex-vice-presidente da  Associação Industrial Portuense, Elisa Ferreira, ou algum dos vereadores que lhe são mais próximos.
Os nomes dos autarcas socialistas Francisco Assis ( <LOCAL_GeoNetPT02 f_id="32" t_id="CON:ADM">Amarante</LOCAL_GeoNetPT02> ) e Narciso Miranda ( <LOCAL_GeoNetPT02 f_id="162" t_id="CON:ADM">Matosinhos</LOCAL_GeoNetPT02> ) têm igualmente sido apontados como potenciais sucessores de Gomes, mas o actual presidente da    Câmara tem evitado pronunciar-se sobre essa matéria, limitando-se a dizer:
« Não vou deixar sucessor, mas tenho força suficiente para dizer quem não deve ser ».
Raposo Antunes</text>
</root>
