<?xml version="1.0" encoding="utf-8"?>
<root>
  <title>PUBLICO-19940402-045</title>
  <text>
Hoteleiros algarvios discutiram qualidade e competitividade Metade dos hotéis do país sem projecto de segurança Idálio Revez Os operadores turísticos estrangeiros exigem mais segurança nas unidades hoteleiras.
Mas quando se baixa o preço, dizem os hoteleiros, deixam de reclamar.
E se houver um incêndio?
O <LOCAL_GeoNetPT02 f_id="418729" t_id="PRO:ADM">Algarve</LOCAL_GeoNetPT02>, com o Verão à porta, põe as barbas de molho.
O custo da segurança e o avanço da legislação portuguesa face à realidade das empresas hoteleiras foram duas das preocupações manifestadas, em <LOCAL_GeoNetPT02 f_id="128797" t_id="LOC:ADM">Portimão</LOCAL_GeoNetPT02>, pelos empresários algarvios do sector.
Reunidos anteontem no Hotel Alvor, os hoteleiros revelaram-se sensibilizados, mas ainda não convencidos, das vantagens em investir nos modernos sistemas de segurança.
Significativo foi o facto, referido pela directora-geral do Turismo, de cerca de 50 por cento dos empreendimentos não disporem de projecto de segurança contra incêndios.
O sol e a praia, por si só, consideraram os hoteleiros, não são argumentos suficientes para atrair ao <LOCAL_GeoNetPT02 f_id="418729" t_id="PRO:ADM">Algarve</LOCAL_GeoNetPT02> os desejados turistas de qualidade.
A segurança é um dos aspectos a ter em conta para captar visitantes.
No entanto, esse lado da questão está longe de ser favorável ao sector, sobretudo nas unidades hoteleiras mais antigas.
Nesses casos, só com um grande esforço financeiro se conseguem instalar sistemas de prevenção e combate a incêndios adequados à legislação nacional, que segue as recomendações da Comunidade Europeia.
Neste seminário, consagrado ao tema « Segurança -- factor de qualidade e competitividade », o governador civil de <LOCAL_GeoNetPT02 f_id="113" t_id="CON:ADM">Faro</LOCAL_GeoNetPT02>, Cabrita Neto, reafirmou que « o <LOCAL_GeoNetPT02 f_id="418729" t_id="PRO:ADM">Algarve</LOCAL_GeoNetPT02> é uma das regiões mais seguras do mundo ».
Apesar disso sublinhou que os empresários não podem dormir descansados porque « ainda há muito por fazer ».
Nesse sentido, frisou que às unidades hoteleiras classificadas são exigidos todos os requisitos relacionados com a segurança, mas que nas chamadas camas paralelas « não existe qualquer controlo ».
Para além dos riscos que esta situação acarreta, « cria também um factor de concorrência desleal ».
 José Garrancho, em nome da associação dos directores de hotéis, afirmou que os hoteleiros são obrigados, pelas entidades oficiais, a cumprirem tudo o que está na lei, mas, em contrapartida, aos bombeiros não são fornecido os meios de que precisam para acudirem a situações de emergência.
A este propósito citou o exemplo dos bombeiros de <LOCAL_GeoNetPT02 f_id="128797" t_id="LOC:ADM">Portimão</LOCAL_GeoNetPT02> que estiveram três meses com a escada « magirus » avariada.
 João Cascada, inspector regional dos bombeiros do <LOCAL_GeoNetPT02 f_id="418729" t_id="PRO:ADM">Algarve</LOCAL_GeoNetPT02>, respondeu-lhe que a magirus -- um equipamento destinado ao combate a fogos em prédios altos -- « não pode servir de panaceia para resolver todos os problemas ».
Sem desmentir as carências apontadas, Cascada defendeu que as unidades hoteleiras « tem também que ter os seus próprios meios de combate a incêndios ».
Ludwing Reich, consultor de segurança, afirmou, por seu lado, que tinha tido acesso a um relatório de um operador turístico estrangeiro sobre as condições de segurança em cinco hotéis algarvios, onde se concluía que apenas num deles a situação era considerada recomendável.
A revelação levou José Garrancho a murmurar: « mas quando se baixa o preço, já não dizem que há falta de segurança ».
O representante dos directores de hotéis criticou ainda os elevados preços praticados pelas empresas da especialidade, com discrepâncias na ordem dos 300 por cento em projectos e equipamento de prevenção e combate a incêndios.
Magirus penhorada A conferência, da iniciativa da  Câmara de <LOCAL_GeoNetPT02 f_id="237" t_id="CON:ADM">Portimão</LOCAL_GeoNetPT02> e organizada pelo Forum Público, teve por objectivo sensibilizar os hoteleiros para o risco dos incêndios na imagem turística da região.
É que, dizem as estatísticas, depois de um acidente desta natureza, uma elevada percentagem dos hotéis já não reabre.
Quanto aos casos de negligência, foi referido que 22,5 por cento dos incêndios são provocados por fumadores na cama.
Ainda à cerca da legislação sobre segurança, criada de acordo com as recomendações do Conselho da Europa, João Gomes, da Horwath Consulting, interrogou-se sobre se ela não seria excessiva, atendendo à burocracia que acarreta.
 Nuno Duarte, representante da Direcção-Geral de Turismo, precisou que, por vezes, « a interpretação que se faz da lei é que é excessiva ».
Na sessão de encerramento do seminário, a Director-Geral do Turismo, citada pela Lusa, lembrou que até ao fim de Março de 1992 todos os estabelecimentos hoteleiros e turísticos deviam ter apresentado, para aprovação, um projecto de segurança contra incêndios.
Até hoje, garantiu Paulina Martins, cerca de 50 por cento das unidades de todo o país continuam por apresentar esse documento.
No final dos trabalhos, para mostrar que os bombeiros -- ali presentes em número significativo -- estavam operacionais, houve um simulacro de incêndio no Hotel Delfim, também localizado no <LOCAL_GeoNetPT02 f_id="128657" t_id="LOC:ADM">Alvor</LOCAL_GeoNetPT02>.
A escada magirus que foi utilizada no combate ao fogo simulado é que estava penhorada pela Finanças por dívidas não pagas, no valor de 11 mil contos.
Mas, em contrapartida, dizia-se, a segurança social estava em défice, para com os bombeiros de <LOCAL_GeoNetPT02 f_id="128797" t_id="LOC:ADM">Portimão</LOCAL_GeoNetPT02>.
Dívidas com dívidas se pagam, comentavam alguns presentes.
Idálio Revez
</text>
</root>
