<?xml version="1.0" encoding="utf-8"?>
<root>
  <title>PUBLICO-19950107-124</title>
  <text><LOCAL_GeoNetPT02 f_id="302" t_id="CON:ADM">Torres Novas</LOCAL_GeoNetPT02> 
Variante de <LOCAL_GeoNetPT02 f_id="342212" t_id="LOC:ADM">Riachos</LOCAL_GeoNetPT02> com candidatura adiada
Um adiamento por uma semana na aprovação da candidatura ao subprograma B do Plano Operacional da Região de Lisboa e Vale do Tejo  ( PORLVT ) da variante de <LOCAL_GeoNetPT02 f_id="342212" t_id="LOC:ADM">Riachos</LOCAL_GeoNetPT02> esteve na origem de fortes críticas dos três vereadores do     PSD na Câmara Municipal de <LOCAL_GeoNetPT02 f_id="302" t_id="CON:ADM">Torres Novas</LOCAL_GeoNetPT02> aos autarcas do  PS, acusados de « falta de preparação ou de esclarecimento para votar, quando há um ano atrás não tinham dúvidas ».
« Tenho de registar e lamentar, com alguma admiração, que haja hoje dúvidas sobre a prioridade da construção da variante de <LOCAL_GeoNetPT02 f_id="342212" t_id="LOC:ADM">Riachos</LOCAL_GeoNetPT02>, até porque a maioria socialista se recusou e continua a recusar a discutir com a restante    Câmara as prioridades e projectos principais », sintetiza Arnaldo dos Santos -- após sugerir um « contacto com Ministério das Obras Públicas, Transportes e Comunicações para que a passagem superior sobre a linha férrea, integrada na variante, possa avançar ».
Arnaldo dos Santos (     PSD ), que pretendia aprovar imediatamente a candidatura da variante, considera a variante fundamental para o futuro  Parque Intermodal do Vale do Tejo , próximo da estação ferroviária de <LOCAL_GeoNetPT02 f_id="342212" t_id="LOC:ADM">Riachos</LOCAL_GeoNetPT02>.
 Pedro Ferreira, vereador do  PS que dirigia a reunião por ausência do presidente, António Rodrigues, contestou o comentário:
« Não posso deixar passar tal insinuação, pois este executivo, desde o início que tem dado bastas provas de interesse pelo parque Intermodal, como poderá ser comprovado pelos próprios empresários ligados à iniciativa », disse, reiterando o interesse da variante riachense, mas sustentando que a sua candidatura deveria ser aprovada em reunião posterior.
António Carolino, vereador socialista, rebateu, por seu lado, a acusação de Octávio Oliveira (     PSD ) de que os vereadores do  PS não se encontravam preparados para votar a matéria, apesar de já bastantes vezes ter sido alvo de discussão.
E esclareceu que o seu voto pelo adiamento não foi por ter dúvidas sobre o assunto.
« Face à obstrução política patenteada durante estes 11 meses e com ameaças manifestas do agravamento da obstrução, sou obrigado a pôr em dúvida qualquer proposta dos elementos do     PSD », disse António Carolino -- enquanto Carlos Tomé defendeu o principio de que « enquanto houver dúvidas a questão deve ser adiada », como acabaria por acontecer.
M.F.V.</text>
</root>
