<?xml version="1.0" encoding="utf-8"?>
<root>
  <title>PUBLICO-19940401-100</title>
  <text>
Pesetas falsas
A polícia de <LOCAL_GeoNetPT02 f_id="32033" t_id="LOC:ADM">Beja</LOCAL_GeoNetPT02> deteve na terça-feira, num banco da cidade, dois homens que tentavam trocar duas notas de 5000 pesetas falsas Ambos acabaram por ser detidos depois de o gerente bancário ter constado que as notas eram contrafeitas e ter chamado a polícia.
No últimos meses, em diversas localidades do <LOCAL_GeoNetPT02 f_id="418734" t_id="PRO:ADM">Baixo Alentejo</LOCAL_GeoNetPT02>, foram descobertas notas falsas de cinco e dez contos, tendo a Polícia Judiciária, que procede a averiguações, chegado a deter um homem residente na <LOCAL_GeoNetPT02 f_id="40109" t_id="LOC:ADM">Vidigueira</LOCAL_GeoNetPT02>.
</text>
</root>
