<?xml version="1.0" encoding="utf-8"?>
<root>
  <title>PUBLICO-19940402-059</title>
  <text>
Con-sumo sem Ambiente « Con-sumo bem espremido » ( edição Gradiva ) é o último livro, agora lançado, de Luísa Schmidt, socióloga e colaboradora do semanário « Expresso ».
O último ( a ser editado ) que é o primeiro ( nos textos coligidos, quando Luísa Schmidt era ainda uma voz quase isolada a pregar no deserto ).
Por tudo isso, uma mão bem cheia de amigos, admiradores, militantes das causas do ambiente e da defesa do consumidor rumou a semana passada ao   Museu da Água.
Além de jornalistas e colegas do Instituto de Ciências Sociais da  Universidade de <LOCAL_GeoNetPT02 f_id="196518" t_id="LOC:ADM">Lisboa</LOCAL_GeoNetPT02>, onde Luísa Schmidt exerce a sua actividade.
O eurodeputado Carlos Pimenta fez a apresentação acalorada da autora e da obra, mas mais notada foi a ausência de qualquer figura sonante ligada ao Ministério do Ambiente.
Problemas de agenda ou apenas a importância real que a problemática da defesa do consumidor merece em <LOCAL_GeoNetPT02 f_id="418745" t_id="PAI:ADM">Portugal</LOCAL_GeoNetPT02>?
</text>
</root>
