<?xml version="1.0" encoding="utf-8"?>
<root>
  <title>PUBLICO-19950105-073</title>
  <text>Pessoal, loteamentos urbanos, empreitadas e fornecimentos
Inspecção detectou ilegalidades em <LOCAL_GeoNetPT02 f_id="45" t_id="CON:ADM">Aveiro</LOCAL_GeoNetPT02>
As situações de « ilegalidade mais frequentes » no município de <LOCAL_GeoNetPT02 f_id="45" t_id="CON:ADM">Aveiro</LOCAL_GeoNetPT02>, de 1987 a 1991, ocorreram no recrutamento e promoção de pessoal, loteamentos urbanos, empreitadas e fornecimentos, concluiu uma investigação ordinária efectuada pela Inspecção Geral da Administração do Território ( IGAT ), que mereceu um despacho favorável do secretário de Estado da tutela.
O processo sobre a inspecção ordinária, a que a Agência Lusa teve acesso, foi enviado aos órgãos municipais, mas também à Inspecção-Geral de Finanças, ao Tribunal de Contas e ao Ministério Público do Tribunal Administrativo de <LOCAL_GeoNetPT02 f_id="91" t_id="CON:ADM">Coimbra</LOCAL_GeoNetPT02>.
Apesar das ilegalidades referidas, um parecer do subinspector-geral Gomes de Almeida da IGAT conclui pela « inexistência de indícios » de factos sujeitos ao Código Penal.
A inspecção detectou « diversas ilegalidades, irregularidades, anomalias e deficiências existentes na organização e funcionamento dos órgãos e serviços inspeccionados », mas os órgãos municipais comprometeram-se a corrigir estes problemas.
Aludindo a « inúmeras irregularidades » em empreitadas, com origem no funcionamento camarário, o parecer síntese adianta que importa evitar « de futuro a confusão que tem existido entre trabalhos a mais ( ou simples alterações ) e obras novas », bem como proceder « à elaboração dos contratos pela forma determinada na lei ».
No relatório com 150 páginas, os inspectores fazem o levantamento de irregularidades na área das obras públicas e licenças particulares, referindo casos de incumprimento da lei por parte da    Câmara e dos seus serviços.</text>
</root>
