<?xml version="1.0" encoding="utf-8"?>
<root>
  <title>PUBLICO-19940401-103</title>
  <text>
Montijo 
Vereador do PSD renuncia
O vereador do Montijo, Luís dos Santos Graça, eleito pelo PSD nas eleições de Dezembro, decidiu renunciar ao mandato por razões pessoais.
Luís Graça foi o cabeça de lista do PSD para a presidência da câmara municipal, tendo sido o candidato mais votado depois de Jacinta Ricardo, da CDU, que venceu as eleições.
 Luís Graça alega para a renúncia incompatibilidades de tempo, nomeadamente para conciliar a sua actividade como vereador com os seus compromissos profissionais.
Esta renúncia tem efeito a partir de hoje.
Luís Graça, natural de <LOCAL_GeoNetPT02 f_id="340999" t_id="LOC:ADM">Tomar</LOCAL_GeoNetPT02>, exerce a actividade de docente, é membro da Comissão Política Nacional do PSD, foi governador civil do distrito de <LOCAL_GeoNetPT02 f_id="3969" t_id="DST:ADM">Setúbal</LOCAL_GeoNetPT02> de 1990 a 92.
Decorridos três meses sobre as eleições autárquicas, esta é já a segunda renúncia ocorrida na Câmara Municipal do <LOCAL_GeoNetPT02 f_id="182" t_id="CON:ADM">Montijo</LOCAL_GeoNetPT02>.
A primeira foi a de José Bastos, cabeça de lista do PS, o qual renunciou por razões políticas, logo após as eleições.
Os vereadores do PSD na Câmara do <LOCAL_GeoNetPT02 f_id="182" t_id="CON:ADM">Montijo</LOCAL_GeoNetPT02> não aceitaram quaisquer pelouros.
O substituto de Luís Graça será José Joaquim, vereador do PSD no mandato anterior.
F. C.
</text>
</root>
