<?xml version="1.0" encoding="utf-8"?>
<root>
  <title>PUBLICO-19950107-121</title>
  <text>Droga na <LOCAL_GeoNetPT02 f_id="182400" t_id="LOC:ADM">Amadora</LOCAL_GeoNetPT02>
Uma busca domiciliária efectuada na noite de quinta-feira numa residência da <LOCAL_GeoNetPT02 f_id="201322" t_id="RUA:ADM">Azevedo Neves</LOCAL_GeoNetPT02>, na <LOCAL_GeoNetPT02 f_id="182400" t_id="LOC:ADM">Amadora</LOCAL_GeoNetPT02>, permitiu à PSP apreender cerca de 27 gramas de cocaína e heroína, mais de 80 contos em dinheiro, cerca de cem em objectos de ouro e uma balança de precisão.
No decurso da operação foram detidos dois irmãos.
Segundo um responsável policial, apenas o indivíduo mais velho, de 30 anos, viu a prisão confirmada pelo juiz do Tribunal de Instrução Criminal, uma vez que confessou ser ele o proprietário da droga e dos objectos de ouro provenientes da receptação.
O segundo suspeito, de 22 anos, encontra-se em liberdade.
</text>
</root>
