<?xml version="1.0" encoding="utf-8"?>
<root>
  <title>PUBLICO-19940401-051</title>
  <text>
 Primeiro Encontro Nacional para a Divulgação da Astronomia
 Dois dias e uma noite de astrofesta
 Teresa Firmino
 A astronomia estará em festa de Maio a Setembro. Desde a observação de um eclipse solar, palestras nas escolas, minicursos, até a observações dos astros, ao ar livre, com um espírito de piquenique. E com muitos telescópios e máquinas fotográficas. De Maio a Setembro haverá várias iniciativas ligadas à astronomia em <LOCAL_GeoNetPT02 f_id="418745" t_id="PAI:ADM">Portugal</LOCAL_GeoNetPT02>, que tentarão dar-lhe um ar festivo.
Em Maio será organizada a observação de um eclipse parcial do Sol, em Julho far-se-ão minicursos sobre astronomia e em Setembro será a vez de um encontro de astrónomos amadores e aberto a todos os adeptos, em princípio na <LOCAL_GeoNetPT02 f_id="56056" t_id="RGN:PHY">Serra de Ossa</LOCAL_GeoNetPT02>, que terá farnel, tendas e uma noite sem pregar olho.
Esta astrofesta -- o Primeiro Encontro Nacional para a Divulgação da Astronomia -- está a ser organizada pelo Museu de Ciência da Universidade de Lisboa, pela Associação Portuguesa de Astrónomos Amadores, pelos grupos de astronomia das associações académicas da Universidade Nova de Lisboa ( UNL ) e da Universidade de Trás-os-Montes e Alto Douro ( UTMAD ).
No dia 10 de Maio, perto das seis horas da tarde e até ao pôr-do-sol, haverá um eclipse parcial do Sol que será visto em <LOCAL_GeoNetPT02 f_id="418745" t_id="PAI:ADM">Portugal</LOCAL_GeoNetPT02>.
Quem quiser poderá observar o fenómeno no Museu de Ciência, na UNL ( <LOCAL_GeoNetPT02 f_id="349425" t_id="LOC:ADM">Monte da Caparica</LOCAL_GeoNetPT02> ) e na UTMAD, acompanhado de explicações.
Antes, elementos da comissão organizadora deslocar-se-ão a algumas escolas de <LOCAL_GeoNetPT02 f_id="196518" t_id="LOC:ADM">Lisboa</LOCAL_GeoNetPT02>, <LOCAL_GeoNetPT02 f_id="345034" t_id="LOC:ADM">Almada</LOCAL_GeoNetPT02>, <LOCAL_GeoNetPT02 f_id="367093" t_id="LOC:ADM">Seixal</LOCAL_GeoNetPT02> e <LOCAL_GeoNetPT02 f_id="399563" t_id="LOC:ADM">Vila Real</LOCAL_GeoNetPT02> para dar palestras.
 Vão explicar o que são os eclipses solares, a razão de ser do fenómeno e os cuidados a ter na sua observação.
Para já, Máximo Ferreira, da comissão organizadora da iniciativa -- que é também um colaborador do PÚBLICO, responsável por uma crónica dominical de astronomia --, dá uma explicação.
« É um fenómeno que só ocorre em fase de Lua Nova, quando a Lua se coloca entre a <LOCAL_GeoNetPT02 f_id="58850" t_id="PLA:PHY">Terra</LOCAL_GeoNetPT02> e o Sol.
Mas não há eclipses sempre que há Lua Nova, senão eles aconteceriam todos os meses », explica Máximo Ferreira.
Ao longo da sua trajectória, a Lua sofre uma inclinação e uma deslocação no espaço, assim um eclipse solar ocorre quando « a Lua está exactamente entre a <LOCAL_GeoNetPT02 f_id="58850" t_id="PLA:PHY">Terra</LOCAL_GeoNetPT02> e o Sol e isso só volta a repetir-se seis meses depois », diz Máximo, acrescentando que só há dois eclipses solares por ano ( o próximo é dia 3 de Novembro ) e excepcionalmente três.
Para a observação do fenómeno não se deve olhar para o Sol com binóculos ou telescópios, a não ser que estejam equipados com filtros especiais, previne Máximo Ferreira.
E dá duas dicas baratas e simples.
Uma consiste em pegar num rolo fotográfico e tirar lá de dentro a película.
O contacto com a luz torna-la-á preta e depois basta cortá-la em bocados de dez centímetros e espreitar o Sol através dela.
Outra dica é usar os vidros das máscaras dos soldadores.
 Mil respostas « A ideia inicial da iniciativa era só fazer um encontro na primeira quinzena de Setembro, para juntar pessoas que gostam de astronomia, saibam muito ou pouco, possuam ou não telescópios », explica Máximo Ferreira.
Mas a comissão organizadora recebeu imensos pedidos de informação e manifestações de adesão e decidiu-se programar outras acções.
Até agora, « perto de mil pessoas pediram informações à comissão e contamos ter à volta de duas mil », disse Máximo Ferreira.
Uma adesão que se deveu em parte à publicação no PÚBLICO de uma ficha de pedido de informação que também foi enviada pela Direcção-Geral de Ensino Básico e Secundário a professores e alunos do 7º ao 12º ano de todas as escolas do país.
De facto, um quinto do novo programa da disciplina de Física do 8º ano irá ser dedicado à astronomia.
Para a divulgação daquela ciência nada melhor do que fazer dela uma festa -- uma « astrofesta » como lhe chama Máximo Ferreira -- à semelhança do que fazem os astrónomos amadores dos Estados Unidos, para quem este tipo de encontros são uma tradição.
« Os Estados Unidos têm muitas associações de astrónomos amadores e, de tempos a tempos, lembram-se de fazer uma observação colectiva.
Metem o equipamento todo nos carros, levam máquinas fotográficas, telescópios, vídeos e imensas engenhocas.
É uma espécie de feira de ideias.
Experimenta-se maneiras esquisitas de montar os telescópios, de fazer determinadas observações, de ligar as máquinas fotográficas aos telescópios ».
A astrofesta contará ainda com minicursos de introdução à astronomia, com um dia de duração, a realizar no  Museu de Ciência, em <LOCAL_GeoNetPT02 f_id="196518" t_id="LOC:ADM">Lisboa</LOCAL_GeoNetPT02>, todos os sábados de Julho.
Destina-se « aos pequeninos, aos jovens e aos menos jovens.
Dos oito aos 80 anos », diz Máximo Ferreira.
Após a recepção das fichas de informação, cada pessoa receberá um questionário onde dirá se quer participar nos minicursos e a data.
Dirá igualmente os seus conhecimentos, interesses e os temas que gostaria de ver desenvolvidos no encontro de Setembro.
As matérias do minicurso terão a ver, em princípio, com os pontos luminosos vistos no céu ( estrelas, planetas e constelações ), com o movimento da esfera celeste e as causas que o produzem ( para falar do movimento de rotação da <LOCAL_GeoNetPT02 f_id="58850" t_id="PLA:PHY">Terra</LOCAL_GeoNetPT02> ), com as razões da alteração do céu ao longo do ano ( para falar do movimento de translação ), e culminará com a observação do céu.
 Astrónomos amadores, com a ajuda de telescópios montados no terraço do museu, guiarão as observações do céu e uma visita ao planetário do museu.
O Museu de Ciência possui um planetário, ainda por montar, mas se até Julho não estiver pronto haverá o recurso a um planetário insuflável montado numa das suas salas.
O encontro de Setembro, ainda sem local definido, poderá ser na zona da <LOCAL_GeoNetPT02 f_id="56056" t_id="RGN:PHY">Serra de Ossa</LOCAL_GeoNetPT02>, perto de <LOCAL_GeoNetPT02 f_id="109970" t_id="LOC:ADM">Estremoz</LOCAL_GeoNetPT02>, e durará dois dias e uma noite.
« Esse é um dos melhores locais para as observações astronómicas e, no futuro, estamos a pensar arranjar ali uma base para fazer fotografia astronómica », diz Máximo Ferreira.
« Terá de ser um local de fácil acesso a transportes públicos, onde haja restaurantes e pensões por perto, mas os mais resistentes podem levar o carro, a tenda e o farnel e passar a noite acordados de olhos pregados ao céu ».
Gastarão o dia a falar da observação de estrelas, constelações e de fotografia astronómica, até a noite cair e os astros e telescópios reinarem.
</text>
</root>
