<?xml version="1.0" encoding="utf-8"?>
<root>
  <title>PUBLICO-19940403-053</title>
  <text>
Indícios de irregularidades em Paialvo
Dinheiros do cemitério desaparecidos
O presidente da junta de freguesia de <LOCAL_GeoNetPT02 f_id="3201" t_id="FRG:ADM">Paialvo</LOCAL_GeoNetPT02>, no concelho de <LOCAL_GeoNetPT02 f_id="299" t_id="CON:ADM">Tomar</LOCAL_GeoNetPT02>, solicitou à Inspecção Geral da Administração do Território uma auditoria às contas da junta, por alegados desvios do dinheiro das campas do cemitério local, ao tempo do seu antecessor.
Segundo Custódio Ferreira, eleito pela  CDU, faltam no livro de registos pelo menos 30 nomes de pessoas falecidas, além de nas contas terem sido detectados documentos falsos e assinaturas falsificadas.
O montante das verbas não registadas ascende a 450 contos, disse Custódio Ferreira, salientando que as verbas são habitualmente entregues ao secretário da  Junta.
O titular deste cargo no anterior mandato recandidatou-se em Dezembro passado numa lista que foi derrotada e demitiu-se há cerca de um mês da assembleia de freguesia.
Segundo o actual presidente da junta de <LOCAL_GeoNetPT02 f_id="3201" t_id="FRG:ADM">Paialvo</LOCAL_GeoNetPT02>, o seu antecessor não está aparentemente envolvido no desvio das verbas, mas em seu entender « demonstrou alguma negligência » quanto às irregularidades agora detectadas, pois já « havia recebido avisos » de que as receitas do cemitério registavam uma baixa considerável em relação à gestão dos anteriores mandatos.
Por outro lado, Custódio Ferreira afirmou que « o anterior presidente da junta deixou uma dívida de 5.300 contos, três mil dos quais são da responsabilidade da Câmara ».
É que segundo o autarca, o presidente da Câmara, Pedro Marques, comprometeu-se, durante a campanha eleitoral, a apoiar com 4.000 contos o alcatroamento da Rua de Nossa Senhora de Fátima, na aldeia de Vila Nova, em <LOCAL_GeoNetPT02 f_id="3201" t_id="FRG:ADM">Paialvo</LOCAL_GeoNetPT02>, e, desse montante, a  Câmara só enviou à junta mil contos.
Para o actual presidente da junta, tratou-se de « uma cedência política » e agora a dívida compromete a gestão da autarquia de <LOCAL_GeoNetPT02 f_id="3201" t_id="FRG:ADM">Paialvo</LOCAL_GeoNetPT02>, cujo subsídio do FEF é de 2.200 contos anuais.
Outras irregularidades foram ainda apontadas por Custódio Ferreira na actividade da junta, entre elas a falta de recibos comprovativos do pagamento de uma verba de 700 contos e outra de 400 contos.
Além disso, houve acordos estabelecidos pelo anterior presidente da junta com diversos credores, que para o actual titular do cargo não têm qualquer validade, dado terem sido apenas « acordos verbais ».
João Manuel Sampaio
</text>
</root>
