<?xml version="1.0" encoding="utf-8"?>
<root>
  <title>PUBLICO-19950104-053</title>
  <text>Junta de Freguesia  apoia criação de nova associação humanitária
<LOCAL_GeoNetPT02 f_id="247630" t_id="LOC:ADM">Forte da Casa</LOCAL_GeoNetPT02> exige regresso dos bombeiros
A vila do <LOCAL_GeoNetPT02 f_id="247630" t_id="LOC:ADM">Forte da Casa</LOCAL_GeoNetPT02> possuía, há vários anos, um quartel de bombeiros, inicialmente ligado à corporação de <LOCAL_GeoNetPT02 f_id="248827" t_id="LOC:ADM">Vialonga</LOCAL_GeoNetPT02> e posteriormente ao Corpo de Salvação Pública da <LOCAL_GeoNetPT02 f_id="247958" t_id="LOC:ADM">Póvoa de Santa Iria</LOCAL_GeoNetPT02> ( CSPPSI ).
No entanto, em Julho do ano passado, a direcção do Corpo de Salvação encerrou as instalações do <LOCAL_GeoNetPT02 f_id="247630" t_id="LOC:ADM">Forte da Casa</LOCAL_GeoNetPT02>, alegando falta de meios.
A população e os autarcas da freguesia não gostaram da decisão, que já motivou um abaixo-assinado e pode levar à constituição de uma nova associação humanitária.
O denominado « Quartel 2 » do CSPPSI no <LOCAL_GeoNetPT02 f_id="247630" t_id="LOC:ADM">Forte da Casa</LOCAL_GeoNetPT02> albergava equipamento, uma central de comunicações e algum pessoal.
Mas, no Verão passado, os responsáveis dos bombeiros da <LOCAL_GeoNetPT02 f_id="247958" t_id="LOC:ADM">Póvoa de Santa Iria</LOCAL_GeoNetPT02> -- a quem está confiada oficialmente a freguesia vizinha -- concluíram que não havia condições para manter o quartel em funcionamento.
Alegaram, então, falta de pessoal voluntário, argumentando que, com a abertura da nova passagem rodoviária superior ao caminho-de-ferro da <LOCAL_GeoNetPT02 f_id="247958" t_id="LOC:ADM">Póvoa de Santa Iria</LOCAL_GeoNetPT02>, a inaugurar nos finais deste mês, a distância entre o quartel sede e o <LOCAL_GeoNetPT02 f_id="247630" t_id="LOC:ADM">Forte da Casa</LOCAL_GeoNetPT02> se reduzirá para pouco mais de um quilómetro.
Estas justificações não foram, todavia, bem aceites na vila, tanto mais que a decisão do encerramento do quartel terá surgido sem aviso prévio.
Seguiram-se reuniões entre autarcas locais e os responsáveis do CSPPSI, mas estes mantiveram-se irredutíveis.
Em Outubro, 29 bombeiros ligados ao corpo de salvação, residentes na área da freguesia do <LOCAL_GeoNetPT02 f_id="3547" t_id="FRG:ADM">Forte da Casa</LOCAL_GeoNetPT02>, subscreveram um abaixo-assinado contestando o encerramento do Quartel 2 e reclamando a sua reabertura.
No mês passado, os mesmos bombeiros reuniram-se com mais 15 voluntários e com diversos autarcas, decidindo colocar o problema ao inspector regional de Bombeiros, com quem deverão reunir-se este mês.
A Assembleia de Freguesia do <LOCAL_GeoNetPT02 f_id="3547" t_id="FRG:ADM">Forte da Casa</LOCAL_GeoNetPT02> aprovou, entretanto, uma moção em que reclama « a reabertura imediata do quartel existente na vila ».
O documento apela à população da freguesia, cerca de 12.600 habitantes, para que se una em protesto contra o encerramento do Quartel 2 e em defesa da sua reabertura.
O presidente da junta de freguesia, António José Inácio (  PS ), recordou que o aluguer das instalações é pago pelas autarquias e que o orçamento da junta contempla subsídios anuais ao CSPPSI.
« Penso que isto passará, com certeza, por um conhecimento profundo do problema por parte do inspector [ regional de Bombeiros ], que deve, eu não diria obrigar, mas aconselhar o Corpo de Salvação Pública da <LOCAL_GeoNetPT02 f_id="247958" t_id="LOC:ADM">Póvoa de Santa Iria</LOCAL_GeoNetPT02> a manter o Quartel 2 no <LOCAL_GeoNetPT02 f_id="247630" t_id="LOC:ADM">Forte da Casa</LOCAL_GeoNetPT02> », afirmou o autarca, acrescentando:
« Se o inspector, por qualquer motivo, não vier a dar esse passo, estamos disponíveis para criar uma associação humanitária no <LOCAL_GeoNetPT02 f_id="247630" t_id="LOC:ADM">Forte da Casa</LOCAL_GeoNetPT02>, que poderia trabalhar essencialmente na área da saúde, no transporte de doentes e acidentados.
Uma coisa posso dizer: o <LOCAL_GeoNetPT02 f_id="247630" t_id="LOC:ADM">Forte da Casa</LOCAL_GeoNetPT02> não ficará sem bombeiros .»
Para  António Inácio há « má vontade da parte dos responsáveis do corpo de salvação », mas ainda espera que « haja bom senso e que possam vir a reflectir » sobre a reabertura do quartel do <LOCAL_GeoNetPT02 f_id="247630" t_id="LOC:ADM">Forte da Casa</LOCAL_GeoNetPT02>.</text>
</root>
