<?xml version="1.0" encoding="utf-8"?>
<root>
  <title>PUBLICO-19940401-094</title>
  <text>
Cavaco nas festas da Sª da Boa Viagem
A benção dos barcos e viaturas e as cerimónias religiosas de louvor a Nossa Senhora da Boa Viagem são os pontos relevantes das festas de <LOCAL_GeoNetPT02 f_id="328782" t_id="LOC:ADM">Constância</LOCAL_GeoNetPT02> que se vão realizar de 2 a 4 de Abril na zona ribeirinha da « vila-poema » e que contam com a presença do primeiro-ministro Cavaco Silva.
Segundo António Matias, historiador local, « devoção à Senhora da Boa Viagem dura há mais de 200 anos e tem por origem a longa tradição marítima e de barqueiros vila ».
Cerca de 50 embarcações, provenientes de concelhos com afinidades com o <LOCAL_GeoNetPT02 f_id="254168" t_id="RIO:PHY">Tejo</LOCAL_GeoNetPT02>, desde <LOCAL_GeoNetPT02 f_id="1" t_id="CON:ADM">Abrantes</LOCAL_GeoNetPT02> ao <LOCAL_GeoNetPT02 f_id="274" t_id="CON:ADM">Seixal</LOCAL_GeoNetPT02>, com cores festivas e de gala, enfeitam o rio dando-lhe uma animação original e emprestando-lhe por um dia a vida e a agitação de outras épocas.
A inauguração da biblioteca municipal, uma mostra de artesanato e a homenagem a professores primários aposentados do concelho são outros aspectos das festas -- que decorrerão numa vila cujas ruas estarão totalmente revestidas flores.
M.F.V.
</text>
</root>
