<?xml version="1.0" encoding="utf-8"?>
<root>
  <title>PUBLICO-19940402-005</title>
  <text>
Luís Miguel Queirós Manuela Bacelar e Matilde Rosa Araújo candidatas ao prémio Andersen O dia dos pequenos leitores Comemora-se hoje o Dia Mundial do Livro Infantil.
A iniciativa é do IBBY, o mais importante organismo internacional no sector da literatura infanto-juvenil, a cujos prémios Andersen se candidatam este ano duas portuguesas: a escritora Matilde Rosa Araújo e a ilustradora Manuela Bacelar.
Entre nós, tornou-se já um lugar comum dizer que as crianças e os jovens lêem cada vez menos.
Mas como explicar, então, o sucesso dos livros infantis num país onde a generalidade das editoras atravessa uma fase crítica e as livrarias só a custo sobrevivem?
A escritora Matilde Rosa Araújo e a ilustradora Manuela Bacelar são os nomes que <LOCAL_GeoNetPT02 f_id="418745" t_id="PAI:ADM">Portugal</LOCAL_GeoNetPT02> candidatou aos prémios Hans Christian Andersen / 1994, espécie de Nobel da literatura infantil, atribuído bienalmente pelo IBBY ( International Board on Books for Young People ) a dois autores que, pelo conjunto da obra, se tenham destacado, respectivamente, no domínio da literatura para crianças e no da ilustração.
 Responsável pela declaração do Dia Mundial do Livro Infantil, o IBBY foi criado em 1953 por iniciativa da judia alemã Jella Lepman e conta hoje com delegações em dezenas de países.
Na década de 60, a escritora Lília Fonseca fundou a secção portuguesa, que dinamizaria até meados dos anos 80.
Suspensa desde então, só recentemente foi reactivada formalmente readmitida no IBBY internacional.
Presidida por José António Gomes -- crítico de literatura infanto-juvenil e professor da Escola Superior de Educação do <LOCAL_GeoNetPT02 f_id="290154" t_id="LOC:ADM">Porto</LOCAL_GeoNetPT02> --, a secção portuguesa do IBBY centrou os seus primeiros esforços na organização das candidaturas nacionais aos prémios Hans Christian Andersen e à « IBBY Honour List », uma lista de obras recomendada pela organização com base nas propostas enviadas pelos vários países membros.
Cada secção nacional indica três livros, escolhidos, respectivamente, em função do texto, das ilustrações e da tradução.
Na Lista de   Honra de 1994, que será divulgada a partir do próximo dia 7 de Abril na Feira do Livro Infantil de Bolonha -- o mais importante certame do género --, irão figurar, em representação de <LOCAL_GeoNetPT02 f_id="418745" t_id="PAI:ADM">Portugal</LOCAL_GeoNetPT02>, a escritora Alice Vieira, com « Os Olhos de Ana Marta », o pintor Júlio Resende, pelas ilustrações que realizou para a antologia « Primeiro Livro de Poesia », e José Colaço Barreiros, pela tradução de « Zé Jasmim na Terra dos Aldrabões », do italiano Gianni Rodari, editada, tal como as duas obras anteriores, pela Caminho.
No seu curto tempo de actividade, o novo IBBY português conseguiu já angariar cerca de uma centena de associados, que incluem não apenas sócios a título individual, mas também as principais editoras nacionais no sector do livro para crianças e jovens, designadamente a Caminho, a Verbo e as editoras portuenses Afrontamento, Civilização, Desabrochar, Edinter e Porto Editora.
Embora satisfeito com a resposta que têm recebido as actividades da associação, José António Gomes sublinha que a produção e divulgação da literatura infanto-juvenil está ainda longe de atingir, em <LOCAL_GeoNetPT02 f_id="418745" t_id="PAI:ADM">Portugal</LOCAL_GeoNetPT02>, os níveis observáveis noutros países europeus.
De facto, pais e professores queixam-se de que as crianças não lêem, assacando responsabilidades à hegemonia da televisão e a outras perversas solicitações do mundo moderno.
Mas será mesmo verdade que a nova geração é menos dada à leitura do que a dos seus progenitores?
« Best-seller » do livro juvenil Os números relativos à edição do livro infanto-juvenil em <LOCAL_GeoNetPT02 f_id="418745" t_id="PAI:ADM">Portugal</LOCAL_GeoNetPT02> parecem desmentir as perspectivas mais pessimistas.
 José Oliveira, da Caminho, informa que a editora vendeu já mais de dois milhões de exemplares da colecção « Uma Aventura », co-assinada por Ana Maria Magalhães e Isabel Alçada.
E adianta que as primeiras edições de cada novo romance desta dupla de professoras-escritoras atingem tiragens na ordem dos 70 ou 75 mil exemplares.
Os menos familiarizados com as realidades do meio editorial português apreenderão facilmente o significado destes números se souberem que na reputada colecção de poesia da Caminho as tiragens praticadas rondam os mil exemplares.
« E se um livro de poesia vende mais de quinhentos -- admite José Oliveira -- é já um êxito estrondoso ».
É certo que a colecção « Uma Aventura » constitui um caso execepcional.
Explorando eficazmente o filão do romance dito de indagação, numa receita algo próxima da ensaiada pela celebérrima Enid Blyton, as duas autoras privilegiam as frases curtas e os diálogos em detrimento das descrições alongadas.
E situam no país actual o cenário das suas histórias, que vão polvilhando com alguns apartes de intenção pedagógica.
O resultado é que as crianças lêem os livros de uma ponta à outra e, segundo José de Oliveira, fazem chegar à Caminho milhares de cartas por ano.
Mas há quem pense que esta forma de conquistar os mais novos para a leitura pode revelar-se falaciosa.
A escritora Alice Vieira faz questão de não citar nomes, mas admite que algum tipo de literatura infanto-juvenil, mesmo tendo sucesso, corre o risco de não estimular as crianças a diversificar o seu leque de leituras.
E acredita no princípio de que um bom livro infantil deve poder ser lido com prazer por um adulto.
A autora de « Os Olhos de Ana Marta » lamenta ainda que, em <LOCAL_GeoNetPT02 f_id="418745" t_id="PAI:ADM">Portugal</LOCAL_GeoNetPT02>, não se faça « uma distinção clara entre o livro infantil e aquilo a que os ingleses e americanos chamam « young adult literature ».
O perigo desta confusão, explica, « é o de se estar a dar a uma criança uma obra que ela ainda não tem capacidade para ler e que, por isso, pode matar-lhe gosto pela leitura ».
Publicados na Caminho, os títulos de Alice Vieira atingem, em média, tiragens de vinte mil exemplares, o que no cenário português já corresponde a um pequeno « best-seller ».
E a escritora concorda que o sector da literatura infanto-juvenil atravessa, no nosso país, um momento razoavelmente positivo.
« Há meia dúzia de anos, contavam-se pelos dedos de uma mão as editoras que tinham linhas específicas de literatura infantil;
 hoje, quase todas as têm ».
Existem mesmo editoras exclusivamente vocacionadas para a edição de livros para os mais novos, como a Desabrochar e a Edinter, duas editoras do <LOCAL_GeoNetPT02 f_id="290154" t_id="LOC:ADM">Porto</LOCAL_GeoNetPT02> associadas da empresa Âmbar.
Embora lamente a ausência de auxílios estatais, Isabel Barbosa, da Desabrochar, admite que os negócios não correm mal.
A sua editora lança 80 novos títulos por ano, com uma tiragem média entre os três e os cinco mil exemplares.
E a situação na Edinter, que em Dezembro passado organizou em Serralves um « Encontro sobre a Adolescência », é sensivelmente a mesma.
Falta crítica e divulgação No entanto, são paradoxalmente escassos os novos autores a surgir no panorama da literatura infanto-juvenil.
« Tenho impressão de que é um filão, mas só para alguns escritores mais conhecidos », sugere Alice Vieira.
E o círculo de privilegiados estreita-se ainda mais no sector da ilustração.
« Nos países nórdicos -- faz notar o presidente do IBBY português --, um ilustrador pode passar um ano a trabalhar num só livro e viver dos seus rendimentos, ao passo que em <LOCAL_GeoNetPT02 f_id="418745" t_id="PAI:ADM">Portugal</LOCAL_GeoNetPT02> quase não há ilustradores que não desempenhem outras actividades profissionais ».
Uma das raras excepções é justamente a candidata portuguesa ao prémio Andersen, Manuela Bacelar, que ilustrou já cerca de meia centena de livros e publicou ainda 11 álbuns -- na colecção « Tobias », da Porto Editora e na « Triciclo Voador », da Afrontamento -- cujos textos e desenhos são ambos da sua autoria.
Para José Oliveira, o mais difícil é conseguir que os milhares de pequenos leitores que devoram a colecção « Uma Aventura » « dêem o salto para outras coisas ».
E responsabiliza a falta de promoção e divulgação do livro infantil pelo facto de não existir ainda, em <LOCAL_GeoNetPT02 f_id="418745" t_id="PAI:ADM">Portugal</LOCAL_GeoNetPT02>, « uma oferta suficientemente vasta » neste sector.
Lamenta o desaparecimento das bibliotecas itinerantes da Gulbenkian e, embora considere louvável o projecto da Rede Nacional de Leitura Pública, faz notar que ela « não chega ainda a muitos sítios ».
A própria Caminho tem procurado promover o livro infantil em zonas do país mais afastadas dos grandes centros, colaborando com escolas na realização de pequenas feiras do livro.
E os resultados são, no mínimo, surpreendentes.
« Numa escola primária de <LOCAL_GeoNetPT02 f_id="133898" t_id="LOC:ADM">Celorico da Beira</LOCAL_GeoNetPT02> vendemos 150 contos ».
Entre as várias acções de iniciativa privada para a divulgação da literatura infanto-juvenil, destaca-se o colóquio anual que àquele tema dedica a editora portuense Civilização.
A terceira e última edição, realizada nos passados dias 8 e 9 de Março no Fórum da <LOCAL_GeoNetPT02 f_id="270150" t_id="LOC:ADM">Maia</LOCAL_GeoNetPT02> -- a que assistiram mais de 700 professores -- homenageou Matilde Rosa Araújo e celebrou os 25 anos de vida literária do escritor António Torrado.
Segundo Alice Vieira, um dos esforços prioritários deverá ser o de suprir a falta de crítica de livros infantis nos jornais e revistas portuguesas.
« O meu último livro traduzido para alemão teve um monte de críticas na imprensa de lá;
aqui tinha tido uma ou duas ».
E José Oliveira não esquece a discussão em torno do preço fixo do livro, ainda que não seja provavelmente a literatura infantil a mais afectada pelo aparecimento dos hipermercados.
« Sei que é um bocado falar contra nós » -- afirma o responsável da Caminho --, « porque vendemos muitos livros infantis para os supermercados;
mas depois há esse efeito perverso que é o de as outras coisas não se conseguirem vender ».
E dá como exemplo uma recém-editada versão das aventuras de Pinóquio, ilustradas a tinta da china por Manuel Bacelar.
« É um livro belíssimo, mas o  Jumbo ou o  Continente não aceitam coisas destas;
e onde é que as vamos meter se as livrarias não aguentam a concorrência e começam a fechar ?»
</text>
</root>
