<?xml version="1.0" encoding="utf-8"?>
<root>
  <title>PUBLICO-19950104-057</title>
  <text>Quatro novas pousadas até 1998 e circuitos arqueológicos
<LOCAL_GeoNetPT02 f_id="12" t_id="NT2:ADM">Alentejo</LOCAL_GeoNetPT02> reforça oferta turística
O <LOCAL_GeoNetPT02 f_id="12" t_id="NT2:ADM">Alentejo</LOCAL_GeoNetPT02> terá quatro novas pousadas a funcionar até ao final de 1998, atingindo o número de 417 quartos, o que significa um aumento substancial de alojamento neste tipo de estabelecimentos hoteleiros, que, no final de 1994, só contava com uma oferta de 245 quartos.
A construção destes novos empreendimentos está integrada num programa de desenvolvimento turístico que visa o reforço da oferta de alojamento de qualidade em pousadas e nas chamadas « quintas do <LOCAL_GeoNetPT02 f_id="12" t_id="NT2:ADM">Alentejo</LOCAL_GeoNetPT02> », paralelamente à dinamização de circuitos turísticos de núcleos arqueológicos e das Rotas dos Vinhos.
Nos últimos anos já entraram em funcionamento três novas pousadas: a de S. Miguel, em <LOCAL_GeoNetPT02 f_id="256005" t_id="LOC:ADM">Sousel</LOCAL_GeoNetPT02>, a do Castelo do Alvito, em <LOCAL_GeoNetPT02 f_id="31542" t_id="LOC:ADM">Alvito</LOCAL_GeoNetPT02>, e a de S. Francisco, em <LOCAL_GeoNetPT02 f_id="32033" t_id="LOC:ADM">Beja</LOCAL_GeoNetPT02>.
As quatro a inaugurar até 1998, e que envolvem um investimento de quatro milhões e 650 mil contos, serão as da <LOCAL_GeoNetPT02 f_id="251168" t_id="LOC:ADM">Flor da Rosa</LOCAL_GeoNetPT02>, no <LOCAL_GeoNetPT02 f_id="251035" t_id="LOC:ADM">Crato</LOCAL_GeoNetPT02>,  Convento de Lóios, em <LOCAL_GeoNetPT02 f_id="108795" t_id="LOC:ADM">Arraiolos</LOCAL_GeoNetPT02>,  Convento das Chagas, em <LOCAL_GeoNetPT02 f_id="118841" t_id="LOC:ADM">Vila Viçosa</LOCAL_GeoNetPT02>, e uma quarta no   Castelo de <LOCAL_GeoNetPT02 f_id="343568" t_id="LOC:ADM">Alcácer do Sal</LOCAL_GeoNetPT02>.
Este programa de acções envolve órgãos da administração central, regional e local, como o Fundo de Turismo e a Enatur, bem como empresários e trabalhadores ligados ao sector turístico.
O número de postos de trabalho criados nos próximos quatro anos com a entrada em funcionamento destas pousadas será de 489.
Em 1994 as existentes garantiam 295 postos de trabalho.
Paralelamente, nos últimos dois anos, 32 projectos de iniciativa privada desenvolvidos no <LOCAL_GeoNetPT02 f_id="12" t_id="NT2:ADM">Alentejo</LOCAL_GeoNetPT02>, envolvendo um investimento de 6,6 milhões de contos, beneficiaram de um apoio do Fundo de Turismo, no valor global de 2,6 milhões de contos, dos quais 1,4 através de subsídios a fundo perdido e 1,2 através da concessão de financiamentos directos.
Em relação ao projecto « Quintas do Alentejo », estruturas de pequena e média dimensão, com localizações privilegiadas, alojamentos de elevada qualidade e oferta de uma ampla estrutura de animação, como piscina, ténis e cavalos, nele participam já quatro unidades -- o Hotel Rural Horta Moura, em <LOCAL_GeoNetPT02 f_id="116861" t_id="LOC:ADM">Monsaraz</LOCAL_GeoNetPT02>, o Hotel Convento de S. Paulo, no <LOCAL_GeoNetPT02 f_id="116447" t_id="LOC:ADM">Redondo</LOCAL_GeoNetPT02>, a Estalagem Quinta de Santo António, em <LOCAL_GeoNetPT02 f_id="251394" t_id="LOC:ADM">Elvas</LOCAL_GeoNetPT02>, e a Quinta da <LOCAL_GeoNetPT02 f_id="360863" t_id="LOC:ADM">Ortiga</LOCAL_GeoNetPT02>, em <LOCAL_GeoNetPT02 f_id="361236" t_id="LOC:ADM">Santiago do Cacém</LOCAL_GeoNetPT02>.
A adaptação destas quatro quintas representou um investimento próximo de um milhão e meio de contos, 216 mil dos quais concedidos através de uma sociedade de capital de risco participada pelo Fundo de Turismo, prevendo-se que este ano seja feito idêntico esforço financeiro em mais duas ou três « quintas do Alentejo », por forma a elevar a oferta existente para 500 camas de qualidade.
Foram também criados circuitos turísticos de núcelos arqueológicos, através de um programa de iniciativa conjunta da secretaria de Estado da Cultura e do ministério do Comércio e Turismo, envolvendo um investimento de 400 mil contos.
Estão ainda programadas acções de salvaguarda e valorização em núcleos da era romana, do megalítico e do período islâmico.
Entre os primeiros inclui-se Micróbia, em Santiago do cacém, S. Cucufate, na <LOCAL_GeoNetPT02 f_id="40109" t_id="LOC:ADM">Vidigueira</LOCAL_GeoNetPT02>, <LOCAL_GeoNetPT02 f_id="33489" t_id="LOC:ADM">Pisões</LOCAL_GeoNetPT02>, em <LOCAL_GeoNetPT02 f_id="32033" t_id="LOC:ADM">Beja</LOCAL_GeoNetPT02>,  Torre de Palma, em <LOCAL_GeoNetPT02 f_id="252963" t_id="LOC:ADM">Monforte</LOCAL_GeoNetPT02>, e <LOCAL_GeoNetPT02 f_id="110856" t_id="LOC:ADM">Santa Vitória do Ameixial</LOCAL_GeoNetPT02>, em <LOCAL_GeoNetPT02 f_id="109970" t_id="LOC:ADM">Estremoz</LOCAL_GeoNetPT02>.
Entre os núcleos do megalítico estão previstas intervenções no Castro da Cola, em <LOCAL_GeoNetPT02 f_id="38804" t_id="LOC:ADM">Ourique</LOCAL_GeoNetPT02>, no <LOCAL_GeoNetPT02 f_id="103189" t_id="LOC:ADM">Escoural</LOCAL_GeoNetPT02>, em <LOCAL_GeoNetPT02 f_id="114552" t_id="LOC:ADM">Montemor-o-Novo</LOCAL_GeoNetPT02> e no núcelo de <LOCAL_GeoNetPT02 f_id="33596" t_id="LOC:ADM">Santa Vitória</LOCAL_GeoNetPT02>, em Campo Maior.
Já do período islâmico só um núcleo será intervencionado, o de <LOCAL_GeoNetPT02 f_id="35654" t_id="LOC:ADM">Mértola</LOCAL_GeoNetPT02>.</text>
</root>
