<?xml version="1.0" encoding="utf-8"?>
<root>
  <title>PUBLICO-19950108-055</title>
  <text><LOCAL_GeoNetPT02 f_id="325" t_id="CON:ADM">Vila Franca de Xira</LOCAL_GeoNetPT02> 
Câmara não impede construção na <LOCAL_GeoNetPT02 f_id="248819" t_id="LOC:ADM">Verdelha de Baixo</LOCAL_GeoNetPT02>
A Câmara de <LOCAL_GeoNetPT02 f_id="325" t_id="CON:ADM">Vila Franca de Xira</LOCAL_GeoNetPT02> decidiu voltar a estudar as possibilidades legais de impedir a construção de um edifício na <LOCAL_GeoNetPT02 f_id="248819" t_id="LOC:ADM">Verdelha de Baixo</LOCAL_GeoNetPT02>, freguesia do <LOCAL_GeoNetPT02 f_id="3547" t_id="FRG:ADM">Forte da Casa</LOCAL_GeoNetPT02>, que tem vindo a ser muito contestada pelos moradores vizinhos.
A proposta partiu do vereador socialista Carlos Silva, que disse ter ficado « profundamente chocado e incomodado » quando, no início da semana, observou, no local, a forma como o novo edifício vem afectar as construções já existentes.
Podia ser efectuado um estudo para ver quais seriam as consequências para a    Câmara de uma rectificação das suas decisões anteriores ( aprovação de estudo de viabilidade de construção de ocupação, do projecto e respectivo licenciamento ), defendeu.
« Penso que poderíamos levar até às últimas consequências a possibilidade de não convivermos o resto da vida com aquilo que está ali a ser feito », prosseguiu.
 Rui Brioso, vereador da  CDU, por seu lado, observou que as alterações conseguidas ao projecto inicial, após negociações entre a    Câmara e o promotor do edifício contestado, resultaram numa solução que lhe parece « perfeitamente satisfatória e que cumpre integralmente o regulamento de edificações urbanas ».
Daniel Branco (  CDU ), presidente da edilidade vila-franquense, sustentou que a margem de actuação da    Câmara neste caso e nesta altura « é extremamente limitada, para não dizer nula ».
« As questões que havia de não cumprimento do regulamento estão corrigidas.
Os prazos para uma eventual rectificação das decisões da    Câmara estão ultrapassados », sublinhou.
O edil defendeu a rápida elaboração de um « boneco » que esclareça devidamente os moradores acerca do que vai ser construído.
« Se eles [ promotores da nova construção ] respeitarem os direitos de todos os outros interessados na zona não poderemos intervir », acrescentou.
 Carlos Silva auscultou ainda a possibilidade de a    Câmara admitir que errou neste processo e de voltar atrás.
Mas Daniel Branco explicou que desde que estejam concedidos direitos a terceiros e transcorridos determinados prazos não é possível voltar atrás, a não ser que se invoque que estão a ser cometidas ilegalidades.
Jorge Talixa</text>
</root>
