<?xml version="1.0" encoding="utf-8"?>
<root>
  <title>PUBLICO-19950102-050</title>
  <text>Apesar de ser Inverno falta água no concelho de <LOCAL_GeoNetPT02 f_id="276" t_id="CON:ADM">Serpa</LOCAL_GeoNetPT02>
As freguesias de <LOCAL_GeoNetPT02 f_id="3010" t_id="FRG:ADM">Pias</LOCAL_GeoNetPT02>, <LOCAL_GeoNetPT02 f_id="39680" t_id="LOC:ADM">Vila Nova de São Bento</LOCAL_GeoNetPT02> e <LOCAL_GeoNetPT02 f_id="3013" t_id="FRG:ADM">Vale de Vargo</LOCAL_GeoNetPT02>, no concelho de <LOCAL_GeoNetPT02 f_id="276" t_id="CON:ADM">Serpa</LOCAL_GeoNetPT02>, apenas dispõem de oito horas diárias de abastecimento de água.
A Câmara Municipal justifica os cortes de água devido aos baixos níveis de pluviosidade registados nesta altura do ano.
Segundo o vereador João Oliveira, a situação no concelho é de extrema gravidade, tanto mais que se regista no Inverno.
Esta semana haverá uma reunião da vereação para debater o problema, que se prevê possa vir a agudizar-se, se se confirmarem as previsões de um Verão rigoroso.
As soluções a curto prazo são as que a Direcção-Regional dos Recursos Hídricos tem posto em causa, e que consistem na abertura de novos furos.
No entanto, devido à extrema pobreza das reservas aquíferas do concelho, esses furos secam em poucos dias.
O vereador João Oliveira diz ainda que se trata de uma medida financeiramente incomportável para a Câmara que, desde 1993, já gastou mais de 70 mil contos em trabalhos do género.
A falta de água no concelho, de acordo com os autarcas, só será definitivamente debelada quando se construir uma barragem na Ribeira do Enxoé.
O projecto para a obra já foi apresentado em Bruxelas, para eventual financiamento comunitário, mas acabou por ser recusado, uma vez que tinha associado uma área de regadio de mil hectares.
Teresa Gouveia, ministra do Ambiente e dos Recursos Naturais, quando se deslocou pela última vez ao concelho de <LOCAL_GeoNetPT02 f_id="276" t_id="CON:ADM">Serpa</LOCAL_GeoNetPT02>, em Outubro, terá garantido que o projecto já foi revisto e que terá todas as possibilidades de, finalmente, vir a ser aprovado.
Quem não acredita nas promessas dos governantes são os autarcas alentejanos, que continuam à espera, desde 1958, que os diversos ministérios intervenientes na futura obra consigam desbloquear a situação.
Carlos Dias</text>
</root>
