<?xml version="1.0" encoding="utf-8"?>
<root>
  <title>PUBLICO-19940801-059</title>
  <text>Trânsito ainda intenso
O trânsito esteve ontem intenso por todo o país, tanto no sentido Sul-Norte como no sentido  Norte-Sul, informou a brigada de Trânsito da  GNR.
O dia de ontem -- que apanhou o regresso de quem fez férias em Julho e a ida dos que as têm em Agosto -- não registou, no entanto, grandes filas de automóveis, excepção feita a pequenas complicações pontuais.
Como as que aconteceram no IP1, na zona de Vale de Guizo, onde duas vias passam a uma só, provocando a certa altura uma fila de cinco quilómetros, e na estrada Nacional 125, sentido <LOCAL_GeoNetPT02 f_id="132979" t_id="LOC:ADM">Vila Real de Santo António</LOCAL_GeoNetPT02>-<LOCAL_GeoNetPT02 f_id="128797" t_id="LOC:ADM">Portimão</LOCAL_GeoNetPT02> .
Também o IP 5 registou tráfego intenso, junto a <LOCAL_GeoNetPT02 f_id="414911" t_id="LOC:ADM">Viseu</LOCAL_GeoNetPT02>.
Na zona de <LOCAL_GeoNetPT02 f_id="196518" t_id="LOC:ADM">Lisboa</LOCAL_GeoNetPT02>, ao fim da tarde, constituiu-se uma fila de automóveis junto ao <LOCAL_GeoNetPT02 f_id="364073" t_id="LOC:ADM">Fogueteiro</LOCAL_GeoNetPT02>,.
Durante o dia de sábado, brigadas de trânsito registaram ainda 220 acidentes de que resultaram oito mortos e 23 feridos graves.</text>
</root>
