<?xml version="1.0" encoding="utf-8"?>
<root>
  <title>PUBLICO-19950103-152</title>
  <text>Infectados nos hospitais
Alexandra Campos
Os casos começam agora a ser divulgados em maior número por todo o país, mas ninguém sabe ao certo quantos doentes não hemofílicos terão contraído o vírus da sida nos hospitais portugueses.
Provavelmente, muitos dos que já morreram não chegaram sequer a saber que foram vítimas do HIV.
A verdade é que ainda hoje uma transfusão de sangue não é cem por cento segura.
Há doentes que estão a organizar-se para tentar receber indemnizações, à semelhança do que foi decretado para os hemofílicos infectados com o plasma contaminado.
O provedor de Justiça e o bastonário da Ordem  dos Médicos apoiam-nos, mas o Governo não concorda: diz que está a cumprir com as normas de segurança possíveis e não quer ouvir falar em indemnizações.
1995 vai ser um ano decisivo para os infectados com o vírus da sida através de transfusões efectuadas nos hospitais portugueses.
Depois de conhecida a acusação no caso dos hemofílicos, alguns dos que permaneceram anos a fio no silêncio, por ignorância ou medo da discriminação, estão agora a organizar-se com o objectivo de obter compensações semelhantes às que foram decretadas para os hemofílicos infectados com plasma contaminado.
A dirigir este movimento está a Associação de Defesa dos Utentes de Sangue ( ADUS ), entidade que tem vindo a aglutinar processos de doentes que acreditam ter contraído o vírus através de transfusões em diversos hospitais de norte a sul do país, antes e depois de ser obrigatória a despistagem do vírus da sida.
Nos últimos dias, as manifestações a favor dos transfusionados infectados têm-se multiplicado.
Para além do provedor de Justiça -- que já no ano passado recomendara ao Estado a assunção das suas responsabilidades para com todos os infectados em unidades de saúde e agora voltou à carga --, também o bastonário da Ordem  dos Médicos classifica o facto de as indemnizações serem legalmente restringidas aos hemofílicos infectados com plasma importado como « uma discriminação que não se entende ».
E Benvindo Justiça, o director do serviço de sangue do <LOCALIMPLICITO f_id="290154" t_id="LOC:ADM">Porto</LOCALIMPLICITO>  Hospital de Santo António , no <LOCAL_GeoNetPT02 f_id="290154" t_id="LOC:ADM">Porto</LOCAL_GeoNetPT02>, que em 1988 foi demitido por Leonor Beleza da presidência do então Instituto Nacional do Sangue, após ter denunciado publicamente a insegurança das transfusões de sangue nos hospitais, responsabiliza a maioria parlamentar do     PSD pelas consequências da sua recusa em aceitar a revisão da legislação actual, proposta pela oposição de esquerda.
Dos 2173 casos de sida notificados em Novembro último, apenas 74 eram de transfusionados, segundo dados da Comissão Nacional de Luta Contra a Sida ( CNLCS ).
Mas no Instituto Português de Sangue ( IPS ) havia, em Julho deste ano, 115 casos registados, e as próprias autoridades estimam que o número seja substancialmente superior.
« Bastavam seis quilómetros de auto-estrada ( o custo de cada quilómetro está estimado em cerca de um milhões de contos ) para que o Estado desse um resto de vida decente a estas pessoas », considera Luís Peixoto, deputado comunista na Comissão Parlamentar de Saúde, segundo o qual o  PCP vai propor que o projecto-lei apresentado pelo seu partido em Julho -- garantindo o ressarcimento de todos os infectados -- seja agendado ainda este mês.
Tudo indica, porém, que os primeiros casos conhecidos enveredem por um percurso sinuoso, idêntico ao seguido pelos hemofílicos, cujos pedidos de indemnização foram no início remetidos para os tribunais comuns, cabendo às vítimas o ónus da prova de que haviam sido infectadas por produtos fornecidos pelo Estado.
Mas a Associação de Defesa dos Utentes de Sangue está determinada a levar o problema até às mais altas instâncias, não se importando « de perder batalhas para ganhar guerras », como afirmou ao PÚBLICO a respectiva presidente, Aurora Correia.
A ADUS tem sido contactada por pessoas de vários pontos do país que só recentemente descobriram ser seropositivas.
« São 25 casos e, destes, pensamos que entre 15 a 20 terão condições para subir à barra dos tribunais ».
A maior parte destes doentes foi infectada ainda antes de ser obrigatória, por lei, a despistagem do vírus da sida -- a partir de Agosto de 1986 para o HIV 1, e a partir de 1989 para o HIV 2.
Mas também há casos posteriores, o que, segundo Aurora Correia, prova que ainda não é seguro fazer transfusões em <LOCAL_GeoNetPT02 f_id="418745" t_id="PAI:ADM">Portugal</LOCAL_GeoNetPT02>.
Aos que afirmavam « não ser conhecido nenhum caso de infecção após a instituição das medidas de controlo de sangue » ( Comissão Nacional de Luta Contra a Sida, Julho de 1993 ), a ADUS responde com dois processos recentes -- o de uma senhora de 73 anos infectada com sangue proveniente do Hospital de <LOCAL_GeoNetPT02 f_id="190749" t_id="LOC:ADM">Cascais</LOCAL_GeoNetPT02>, em Fevereiro deste ano, e o de uma criança infectada com o HIV1 após duas transfusões realizadas nos hospitais de São Francisco Xavier  e de                        Santa Cruz ( <LOCAL_GeoNetPT02 f_id="196518" t_id="LOC:ADM">Lisboa</LOCAL_GeoNetPT02> ), em 1988.
E acrescenta:
« Deve haver muitos mais. A doença demora por vezes mais de dez anos a declarar-se ».
Entre os casos comunicados à ADUS há várias contaminações que remontam a 1985, nomeadamente o de uma senhora tratada na <LOCALIMPLICITO f_id="196518" t_id="LOC:ADM">Lisboa</LOCALIMPLICITO> Maternidade Alfredo da Costa  e já falecida e o de um homem transfusionado em <LOCAL_GeoNetPT02 f_id="371672" t_id="LOC:ADM">Setúbal</LOCAL_GeoNetPT02> com sangue proveniente dos Hospitais Civis de <LOCAL_GeoNetPT02 f_id="196518" t_id="LOC:ADM">Lisboa</LOCAL_GeoNetPT02>.
Além dos processos que deram entrada na ADUS, o PÚBLICO tem conhecimento de pelo menos mais três casos localizados na zona Norte : o de duas crianças infectadas no Hospital Maria Pia ( <LOCAL_GeoNetPT02 f_id="290154" t_id="LOC:ADM">Porto</LOCAL_GeoNetPT02> ) em consequência de transfusões com o sangue de um dador contaminado -- Maria do Carmo, uma jovem de <LOCAL_GeoNetPT02 f_id="78423" t_id="LOC:ADM">Vimioso</LOCAL_GeoNetPT02> que faleceu no final de Setembro, com 17 anos, e Carla Adriana, também com 17 anos, de <LOCAL_GeoNetPT02 f_id="760" t_id="FRG:ADM">Manhente</LOCAL_GeoNetPT02> ( <LOCAL_GeoNetPT02 f_id="52" t_id="CON:ADM">Barcelos</LOCAL_GeoNetPT02> ) - e ainda o caso de um homem de 51 anos, J.C., de <LOCAL_GeoNetPT02 f_id="1922" t_id="FRG:ADM">Leça da Palmeira</LOCAL_GeoNetPT02> ( ver texto ao lado ), infectado no <LOCALIMPLICITO f_id="290154" t_id="LOC:ADM">Porto</LOCALIMPLICITO>  Hospital de Santo António .
« Pouca sorte »
Uma dificuldade adicional para o avanço dos processos de cidadãos contaminados em hospitais públicos resulta do facto de as posições dos advogados que se disponibilizaram para prestar assistência jurídica nestes casos -- a ADUS tem já em carteira dez nomes, entre os quais Garcia Pereira e Ana Aldeia -- divergirem em vários pontos.
Garcia Pereira, por exemplo, tenciona avançar com acções de homicídio com dolo contra o Estado e pedidos de indemnização da ordem dos 50 mil contos, enquanto o advogado de Maria do Carmo, o portuense Jorge Passos, pretende pedir 20 mil contos de indemnização para a família da jovem e os advogados de Carla e J.C., Carlos Braga e Lázaro Ferreira, respectivamente, preferem esgotar primeiro as instâncias políticas -- vão escrever ao Presidente da República e ao primeiro-ministro -- antes de passarem à acusação judicial.
Além disso, uns tencionam recorrer ao Tribunal Administrativo, enquanto outros preferem os tribunais comuns.
Ao lado de todos estes doentes que começam agora a tornar públicos os seus casos está o provedor de Justiça, Menéres Pimentel.
« Tem-se afunilado a questão aos hemofílicos, mas o problema é geral », disse ao PÚBLICO o provedor, que enviou já duas recomendações ( sem resposta até à data ) ao ministro da Saúde, Paulo Mendo, aconselhando-o a alargar o tribunal arbitral ( constituído para atribuir aos indemnizações aos hemofílicos ) a todos os infectados em unidades de saúde e propondo a inversão do ónus da prova -- deve ser o Estado a provar que o doente não foi infectado nos seus serviços e não o contrário, até porque subsistem muitas dificuldades no acesso aos registos hospitalares, que em alguns casos até já foram destruídos.
Também o bastonário da Ordem  dos Médicos, Santana Maia, defende que o Estado deve assumir as responsabilidades para com todos os infectados e as suas famílias, sem destrinças, com base na chamada « responsabilidade sem culpa ».
« O Estado », sublinha, « deve ser uma pessoa de bem, e esta discriminação não se entende ».
O ministro da Saúde tem-se manifestado frontalmente contra estas posições.
Para Paulo Mendo, o Estado não é responsável, porque terá cumprido todas as normas de controlo da qualidade do sangue.
Odete Ferreira, presidente da CNLCS, limita-se a dizer que « a   Comissão não pode ter opinião nesta matéria ».
No seu entender, as pessoas que se infectaram antes da existência de testes « tiveram pouca sorte » e aqueles que foram infectados recentemente também, porque o chamado « período janela » ( período de cerca de três meses que medeia entre a contracção da doença e a sua detecção ) « é um azar ».
E aos azarados, Odete recomenda:
« Levem uma vida o menos promíscua possível e tenham esperança que surja uma cura ».
Em França , é tudo diferente.
Já houve decisões judiciais favoráveis a infectados por transfusão ainda antes da existência dos testes -- em Junho de 1991, o Tribunal Admnistrativo de Marselha admitiu a responsabilidade de dois hospitais na « transmissão acidental », em Outubro e Dezembro de 1984, do vírus da sida por transfusão sanguínea, apesar de não haver « culpa » e o doente recebeu uma indemnização de cerca de 600 mil francos ( perto de 18 mil contos, ao câmbio actual ).</text>
</root>
