<?xml version="1.0" encoding="utf-8"?>
<root>
  <title>PUBLICO-19940404-052</title>
  <text><LOCAL_GeoNetPT02 f_id="80886" t_id="LOC:ADM">Covilhã</LOCAL_GeoNetPT02>
Agente da PJ morto a tiro António Morais, de 31 anos de idade, agente da Polícia Judiciária colocado há um ano na Inspecção da <LOCAL_GeoNetPT02 f_id="135271" t_id="LOC:ADM">Guarda</LOCAL_GeoNetPT02>, foi, pelas 23h50 de anteontem, atingido mortalmente por três balas disparadas por uma arma de calibre 6,35 mm, na Praça do Município daquela cidade.
Ontem, o graduado de serviço na esquadra da PSP que tomou conta da ocorrência recusou-se a fornecer ao PÚBLICO a identidade do alegado autor do homicídio, que foi detido após o crime e será hoje apresentado no Tribunal Judicial da <LOCAL_GeoNetPT02 f_id="98" t_id="CON:ADM">Covilhã</LOCAL_GeoNetPT02>.
O agente falecido -- que deixa um órfão de quatro anos -- era funcionário de investigação criminal há três anos e integrava a brigada de investigação do tráfico de estupefacientes.
Pouco antes de ser assassinado, foi visto a exibir o seu « crachat » para tentar acalmar uma discussão em que intervinha o alegado homicida, à entrada de um « pub ».
Este indivíduo, descrito como sendo de etnia cigana, parece ter seguido António Morais, e quando este se preparava para pôr o seu automóvel em movimento, acercou-se dele e disparou três tiros através dos vidros da porta do condutor.
Seguidamente, um transeunte deteve o alegado autor do crime e entregou-o à PSP, cuja esquadra está situada nas imediações.
O funeral está marcado para hoje, às 15h30, com saída da Igreja de Santa Maria.
</text>
</root>
