<?xml version="1.0" encoding="utf-8"?>
<root>
  <title>PUBLICO-19940404-051</title>
  <text>Páscoa mais mortífera e com regresso difícil
O trânsito na Auto-Estrada do <LOCAL_GeoNetPT02 f_id="196" t_id="NT2:ADM">Norte</LOCAL_GeoNetPT02> atingiu ontem 10 quilómetros de fila, no <LOCAL_GeoNetPT02 f_id="427" t_id="FRG:ADM">Carregado</LOCAL_GeoNetPT02>, e cinco quilómetros entre a recta do Infantado e o <LOCAL_GeoNetPT02 f_id="326527" t_id="LOC:ADM">Porto Alto</LOCAL_GeoNetPT02>, cerca das 18h30, segundo informou a Brigada de Trânsito da GNR.
O regresso a <LOCAL_GeoNetPT02 f_id="196518" t_id="LOC:ADM">Lisboa</LOCAL_GeoNetPT02> foi difícil sobretudo para os automóveis oriundos da Auto-Estrada do <LOCAL_GeoNetPT02 f_id="196" t_id="NT2:ADM">Norte</LOCAL_GeoNetPT02>, onde se notaram os maiores engarrafamentos.
Em <LOCAL_GeoNetPT02 f_id="213290" t_id="LOC:ADM">Sacavém</LOCAL_GeoNetPT02>, havia 1500 carros de fila ao fim da tarde e entre <LOCAL_GeoNetPT02 f_id="249101" t_id="LOC:ADM">Vila Franca de Xira</LOCAL_GeoNetPT02> e o <LOCAL_GeoNetPT02 f_id="326527" t_id="LOC:ADM">Porto Alto</LOCAL_GeoNetPT02> verificava-se alguma fluidez no trânsito, com os carros a circular em velocidade moderada, segundo a BT da  GNR.
A situação começou a complicar-se a partir das 15h00 de ontem, e a Sul também se notaram engarrafamentos, em particular na portagem da auto-estrada em <LOCAL_GeoNetPT02 f_id="351699" t_id="LOC:ADM">Coina</LOCAL_GeoNetPT02>, onde às 18h30 havia uma fila de um quilómetro.
Já entre <LOCAL_GeoNetPT02 f_id="343568" t_id="LOC:ADM">Alcácer do Sal</LOCAL_GeoNetPT02> e a <LOCAL_GeoNetPT02 f_id="2355" t_id="FRG:ADM">Marateca</LOCAL_GeoNetPT02> o tráfego era intenso, mas sem bloqueios, à mesma hora.
Este ano, a Páscoa foi mais mortífera na estrada, tendo-se registado 17 mortes entre as 0h00de quinta-feira passada e as 0h00 de ontem, enquanto no mesmo período de 1993, o número de mortes foi de 13.
Registaram-se ainda 664 acidentes, com 57 feridos graves e 298 feridos ligeiros, enquanto em 93 em idêntico período houve 613 acidentes, com 71 feridos graves e 353 feridos ligeiros.
</text>
</root>
