<?xml version="1.0" encoding="utf-8"?>
<root>
  <title>PUBLICO-19940418-051</title>
  <text><LOCAL_GeoNetPT02 f_id="371672" t_id="LOC:ADM">Setúbal</LOCAL_GeoNetPT02> , <LOCAL_GeoNetPT02 f_id="347488" t_id="LOC:ADM">Caparica</LOCAL_GeoNetPT02> e <LOCAL_GeoNetPT02 f_id="370027" t_id="LOC:ADM">Sesimbra</LOCAL_GeoNetPT02> com mais oferta
Torralta faz cair turismo na Costa Azul
A Região de Turismo de <LOCAL_GeoNetPT02 f_id="3969" t_id="DST:ADM">Setúbal</LOCAL_GeoNetPT02> -- Costa Azul registou nos últimos dois anos um insucesso dos grandes, após quatro anos de crescimento, com muitos turistas e aumento de camas.
É o peso da Torralta a ditar a derrocada.
O aumento de 40 mil dormidas registadas em 1992 na cidade de <LOCAL_GeoNetPT02 f_id="371672" t_id="LOC:ADM">Setúbal</LOCAL_GeoNetPT02> não foi suficiente para colmatar as menos 70 mil dormidas que o complexo turístico da Torralta, em <LOCAL_GeoNetPT02 f_id="353607" t_id="LOC:ADM">Tróia</LOCAL_GeoNetPT02>, não conseguiu segurar, mercê da difícil situação por que está a passar.
Estes números fazem parte do relatório previsional da Região de Turismo de <LOCAL_GeoNetPT02 f_id="3969" t_id="DST:ADM">Setúbal</LOCAL_GeoNetPT02> -- Costa Azul ( RTS-CA ) a que o PÚBLICO teve acesso, segundo o qual os dois últimos anos foram os piores desde 1988, com uma quebra de turistas da ordem dos 7 por cento.
Apesar de não haver ainda dados finais sobre o turismo na região no ano passado, os especialistas da RTS-CA apontam números idênticos a 1992, responsabilizando a desagregação do turismo na península de <LOCAL_GeoNetPT02 f_id="353607" t_id="LOC:ADM">Tróia</LOCAL_GeoNetPT02> pela diminuição de turistas que escolhem a Costa Azul para veraneio.
De acordo com o relatório, <LOCAL_GeoNetPT02 f_id="353607" t_id="LOC:ADM">Tróia</LOCAL_GeoNetPT02> continua a « marcar os resultados totais na região », embora continue a perder o seu peso esmagador nas dormidas da Costa Azul.
Nos últimos dez anos passou de 74 por cento37 por cento.
O empreendimento de <LOCAL_GeoNetPT02 f_id="353607" t_id="LOC:ADM">Tróia</LOCAL_GeoNetPT02> não está pois a acompanhar o crescimento verificado em outras zonas da região, casos de <LOCAL_GeoNetPT02 f_id="370027" t_id="LOC:ADM">Sesimbra</LOCAL_GeoNetPT02> e <LOCAL_GeoNetPT02 f_id="476" t_id="FRG:ADM">Costa da Caparica</LOCAL_GeoNetPT02>, que duplicaram a sua capacidade de oferta, e de <LOCAL_GeoNetPT02 f_id="371672" t_id="LOC:ADM">Setúbal</LOCAL_GeoNetPT02> que triplicou.
Para o presidente da RTS-CA, Edgar Costa, o problema da Torralta está a num impasse e continua a « agudizar-se ».
Edgar Costa refere que, para além de não se ter ainda conseguido resolver a questão do passivo da empresa, o empreendimento tem vindo a perder « credibilidade » e as cotas mínimas de rentabilidade.
« Há o problema dos salários em atraso.
Desde que foi nomeado o administrador judicial nem sequer a verba mínima de 300 mil contos foi injectada.
É um impasse que está a bloquear as saídas possíveis para o turismo de <LOCAL_GeoNetPT02 f_id="353607" t_id="LOC:ADM">Tróia</LOCAL_GeoNetPT02> », afirmou ao PÚBLICO.
E acrescentou que, perante a situação da Torralta, os números alcançados nos dois últimos anos « é um mínimo muito bom para sustentar uma situação insustentável ».
Em relação ao Litoral Alentejano, o presidente da RTS-CA sublinha que é preciso enquadrar os vários instrumentos de gestão, aludindo às divergências suscitadas entre o Protali - Plano Regional de Ordenamento do Território do Litoral Alentejano e os diversos planos directores municipais dos municípios da região sul do distrito de <LOCAL_GeoNetPT02 f_id="3969" t_id="DST:ADM">Setúbal</LOCAL_GeoNetPT02>.
Segundo Edgar Costa, não estão em causa as potencialidades da zona, mas sim a « forte pressão imobiliária » subjacente às intenções dos vários investidores, cujos projectos apontam para verbas milionárias e muito betão.
 lembra o exemplo do <LOCAL_GeoNetPT02 f_id="418729" t_id="PRO:ADM">Algarve</LOCAL_GeoNetPT02> e explica que não têm sido os hotéis a pôr em causa o turismo algarvio, mas sim a « contínua e desregrada » ocupação imobiliária.
Para o presidente da RTS-CA, o presenta ano pode ser « o princípio do futuro », já que poderá esclarecer o valor acrescentado das mais-valias turísticas operadas na região nos últimos anos.
O projecto do Casino Hotel de <LOCAL_GeoNetPT02 f_id="353607" t_id="LOC:ADM">Tróia</LOCAL_GeoNetPT02> ( CHT ) é que parece « eternamente adiado », uma vez que se trata de um empreendimento da ordem dos cinco milhões de contos, cujo fracasso se deve à situação de desagregação da Torralta.
Raul Tavares</text>
</root>
