<?xml version="1.0" encoding="utf-8"?>
<root>
  <title>PUBLICO-19950105-090</title>
  <text><LOCAL_GeoNetPT02 f_id="412790" t_id="LOC:ADM">Tondela</LOCAL_GeoNetPT02> 
Despiste de carro roubado provoca acidente mortal O despiste de uma viatura ligeira ocorrido às dez horas da manhã de ontem no IP3, junto à localidade de <LOCAL_GeoNetPT02 f_id="413026" t_id="LOC:ADM">Valverde</LOCAL_GeoNetPT02>, em <LOCAL_GeoNetPT02 f_id="3210" t_id="FRG:ADM">Canas de Santa Maria</LOCAL_GeoNetPT02> ( <LOCAL_GeoNetPT02 f_id="300" t_id="CON:ADM">Tondela</LOCAL_GeoNetPT02> ), provocou dois mortos e um ferido grave.
Segundo a  GNR de <LOCAL_GeoNetPT02 f_id="412790" t_id="LOC:ADM">Tondela</LOCAL_GeoNetPT02>, o acidente foi provocado pelo despiste de uma viatura ligeira que seguia no sentido <LOCAL_GeoNetPT02 f_id="414911" t_id="LOC:ADM">Viseu</LOCAL_GeoNetPT02> / <LOCAL_GeoNetPT02 f_id="412790" t_id="LOC:ADM">Tondela</LOCAL_GeoNetPT02>, de marca « BMW », que embateu fortemente contra um veículo pesado que seguia em sentido contrário.
Depois do choque, o veículo ligeiro incendiou-se e provocou igualmente o incêndio do pesado de mercadorias, pertencente a uma empresa de produtos congelados, com sede nas <LOCAL_GeoNetPT02 f_id="164993" t_id="LOC:ADM">Caldas da Rainha</LOCAL_GeoNetPT02>.
Nem com a intervenção dos bombeiros de <LOCAL_GeoNetPT02 f_id="412790" t_id="LOC:ADM">Tondela</LOCAL_GeoNetPT02> foi possível evitar a morte dos condutores das duas viaturas, que foram encontrados carbonizados.
A identificação do condutor do veículo ligeiro não foi fornecida pelas autoridades por não ter sido encontrada nem na viatura nem nos restos mortais.
O motorista do veículo pesado, a segunda vítima mortal, era José do Rosário Santos, de 47 anos.
O seu acompanhante, Henrique Filipe dos Santos, de 49 anos, foi ainda encontrado com vida pelos bombeiros, que o conduziram para o hospital de <LOCAL_GeoNetPT02 f_id="412790" t_id="LOC:ADM">Tondela</LOCAL_GeoNetPT02> e posteriormente para os  Hospitais da  Universidade de Coimbra pela gravidade do seu estado, provocada pelo forte choque e pelas queimaduras sofridas.
Os dois ocupantes do pesado eram naturais e residentes em Guaeiras , freguesia de <LOCAL_GeoNetPT02 f_id="3942" t_id="FRG:ADM">Santa Maria</LOCAL_GeoNetPT02> ( <LOCAL_GeoNetPT02 f_id="348" t_id="CON:ADM">Óbidos</LOCAL_GeoNetPT02> ).
Segundo informaram horas depois as autoridades que se ocuparam deste caso, o veículo ligeiro tinha sido furtado na véspera em <LOCAL_GeoNetPT02 f_id="417997" t_id="LOC:ADM">Vouzela</LOCAL_GeoNetPT02> a um médico local, Arsénio Saraiva Martins.
O troço do IP3 em que se registou o acidente ( recentemente inaugurado, entre <LOCAL_GeoNetPT02 f_id="414911" t_id="LOC:ADM">Viseu</LOCAL_GeoNetPT02> e <LOCAL_GeoNetPT02 f_id="412790" t_id="LOC:ADM">Tondela</LOCAL_GeoNetPT02> ,) foi cortado durante duas horas, tendo o trânsito sido conduzido para a velha EN2.
J.G.L.</text>
</root>
