<?xml version="1.0" encoding="utf-8"?>
<root>
  <title>PUBLICO-19950105-108</title>
  <text>PS-Braga quer Vitorino nas legislativas
O secretariado da Federação de <LOCAL_GeoNetPT02 f_id="64" t_id="CON:ADM">Braga</LOCAL_GeoNetPT02> do PS pretende António Vitorino como cabeça-de-lista do partido pelo círculo eleitoral do distrito nas próximas legislativas.
O eurodeputado, que encabeçou a candidatura vitoriosa do  PS ao   Parlamento Europeu, já foi o « número dois » da lista do PS-Braga em 1985, a seguir a Raúl Rego, quando Almeida Santos foi o candidato do  PS a primeiro-ministro.
O seu nome é proposto por um órgão dirigido por Fernando Moniz, também ele eurodeputado, que se mantém em funções face ao conturbado processo eleitoral na Federação de <LOCAL_GeoNetPT02 f_id="64" t_id="CON:ADM">Braga</LOCAL_GeoNetPT02>, cujo desfecho passa pela decisão do Tribunal Cível de <LOCAL_GeoNetPT02 f_id="146" t_id="CON:ADM">Lisboa</LOCAL_GeoNetPT02>.
A escolha de Vitorino, que carece de ratificação da comissão política distrital e da direcção nacional, deverá ser pacífica ao nível dos socialistas bracarenses, dado o seu distanciamento em relação a « guterristas » e « sampaístas » que se defrontam em <LOCAL_GeoNetPT02 f_id="64" t_id="CON:ADM">Braga</LOCAL_GeoNetPT02>.
Depois da entrega, no Tribunal Cível de <LOCAL_GeoNetPT02 f_id="146" t_id="CON:ADM">Lisboa</LOCAL_GeoNetPT02>, de uma acção cautelar e urgente que inviabilizou a tomada de posse de Laurentino Dias à frente da Federação - após a direcção nacional ter caucionado a sua vitória no acto eleitoral de 30 de Setembro - o candidato vencido, Joaquim Barreto, apresentou ontem, no mesmo tribunal, um processo para anulação daquele sufrágio, por alegada fraude na secção de <LOCAL_GeoNetPT02 f_id="64" t_id="CON:ADM">Braga</LOCAL_GeoNetPT02>.
O objectivo de Joaquim Barreto é a repetição das eleições onde a sua lista, afecta à anterior direcção, considerada um reduto « sampaísta », saiu derrotada por escassa margem, devido à votação maciça em Laurentino, apoiado por Mesquita Machado, na secção de <LOCAL_GeoNetPT02 f_id="64" t_id="CON:ADM">Braga</LOCAL_GeoNetPT02>.
Sob a acusação de que « houve mais votos do que votantes » e « falsificação de assinaturas » nos cadernos eleitorais daquela secção, Barreto  avançou para os tribunais comuns, depois da Comissão Nacional de Jurisdição do PS ter considerado legal o processo e numa altura em que ainda decorre um inquérito ao nível do órgão distrital equivalente.
Hoje, decorre na 3ª Secção do 13º Juízo do Tribunal Cível de Lisboa a inquirição das testemunhas, sendo a decisão do juiz susceptível de recurso para o  Tribunal da   Relação , o que, a acontecer, tem efeitos suspensivos.
O previsível arrastamento da decisão final levou a direcção distrital de Moniz a retomar funções.
O secretariado da Federação voltou a reunir, anteontem, em <LOCAL_GeoNetPT02 f_id="55568" t_id="LOC:ADM">Guimarães</LOCAL_GeoNetPT02>, tendo proposto à comissão política a realização de uma Convenção Distrital, no âmbito da preparação das eleições legislativas deste ano.
José Palmeira</text>
</root>
