<?xml version="1.0" encoding="utf-8"?>
<root>
  <title>PUBLICO-19950106-079</title>
  <text><LOCAL_GeoNetPT02 f_id="330893" t_id="LOC:ADM">Ferreira do Zêzere</LOCAL_GeoNetPT02> 
Posto dos CTT assaltado em <LOCAL_GeoNetPT02 f_id="330687" t_id="LOC:ADM">Areias</LOCAL_GeoNetPT02>
O posto dos  Correios a funcionar nas instalações da Junta de Freguesia de <LOCAL_GeoNetPT02 f_id="330687" t_id="LOC:ADM">Areias</LOCAL_GeoNetPT02>, <LOCAL_GeoNetPT02 f_id="330893" t_id="LOC:ADM">Ferreira do Zêzere</LOCAL_GeoNetPT02>, foi assaltada na noite de quarta-feira, tendo sido furtado material eléctrico, cinco pastas com documentação vária e a quantia de cem mil escudos.
A  GNR e a   Polícia Judiciária tomaram conta da ocorrência, estando a proceder a investigações.
Entretanto, o presidente da Junta de Freguesia  declarou que vai solicitar a intervenção do tribunal para « uma fiscalização rigorosa sobre o assalto ocorrido em 1993 e o actual ».
« Se for preciso, até nomeio pessoas que poderão ser os responsáveis pelos actos de vandalismo », ameaçou.
« Desde 1980 que presido à  Junta e tenho feito benfeitorias na terra, mas há pessoas que certamente não gostam disso.
Estes actos são contra mim », afirma o autarca.
Os assaltantes que perpretaram o roubo no posto dos correios entraram pela porta que dá acesso à sala de reuniões da junta, destruindo em seguida, com a ajuda de alavancas, uma porta de ferro instalada já na sequência do assalto sofrido em 1993.
J.M.S.</text>
</root>
