<?xml version="1.0" encoding="utf-8"?>
<root>
  <title>PUBLICO-19940404-095</title>
  <text>Soares « todo-o-terreno "
É uma autêntica maratona.
Durante 18 dias, Soares e a comitiva vão percorrer mais de oito mil quilómetros ao longo do país, incluindo uma deslocação a três ilhas dos <LOCAL_GeoNetPT02 f_id="252" t_id="NT3:ADM">Açores</LOCAL_GeoNetPT02>, e a diversidade de meios de transporte bate recordes.
O Presidente vai andar de carro, de barco, de avião, de viaturas « todo-o-terreno » e de bicicleta.
Uma prova de fôlego para Soares e para os acompanhantes.
O « todo-o-terreno » é estreado já hoje, durante o percurso da costa alentejana, entre <LOCAL_GeoNetPT02 f_id="374969" t_id="LOC:ADM">Porto Côvo</LOCAL_GeoNetPT02> e <LOCAL_GeoNetPT02 f_id="38352" t_id="LOC:ADM">Vila Nova de Milfontes</LOCAL_GeoNetPT02>.
A Presidência Aberta arranca na margem sul, em <LOCAL_GeoNetPT02 f_id="371672" t_id="LOC:ADM">Setúbal</LOCAL_GeoNetPT02>, de onde se parte para  <LOCAL_GeoNetPT02 f_id="353607" t_id="LOC:ADM">Tróia</LOCAL_GeoNetPT02>, de cacilheiro.
E até ao <LOCAL_GeoNetPT02 f_id="418729" t_id="PRO:ADM">Algarve</LOCAL_GeoNetPT02> lá se vai tomando o pulso a uma das mais privilegiadas zonas do litoral português.
Que futuro para as Áreas Protegidas?
, quais as implicações da construção de estradas asfaltadas sobre as arribas?
, que meios estão à mão para combater as marés negras?
, que turismo e com que infra-estruturas ?.
Chegada a comitiva ao <LOCAL_GeoNetPT02 f_id="418729" t_id="PRO:ADM">Algarve</LOCAL_GeoNetPT02>, é um mundo de desastres por confirmar no que toca às torres de betão junto ao litoral.
Para além das incursões pontuais aqui e ali, Soares vai percorrer de avião - um Aviocar da Força Aérea -, em voo rasante, toda a costa algarvia, de <LOCAL_GeoNetPT02 f_id="132480" t_id="LOC:ADM">Sagres</LOCAL_GeoNetPT02> a <LOCAL_GeoNetPT02 f_id="399563" t_id="LOC:ADM">Vila Real</LOCAL_GeoNetPT02>.
Uma dor de cabeça para quem nos últimos anos mandou a sul, com destaque para os autarcas do  PS.
Em <LOCAL_GeoNetPT02 f_id="127853" t_id="LOC:ADM">Olhão</LOCAL_GeoNetPT02>, será a vez de Soares embarcar para uma viagem de navegação pela Ria Formosa.
E logo a seguir um heli da Força Aérea leva o Presidente até <LOCAL_GeoNetPT02 f_id="35654" t_id="LOC:ADM">Mértola</LOCAL_GeoNetPT02>.
Os lugares são poucos e muitos vão lá ter de carro.
Um esticão adicional.
Do interior do <LOCAL_GeoNetPT02 f_id="12" t_id="NT2:ADM">Alentejo</LOCAL_GeoNetPT02> ruma-se ao centro do país, com mais tiradas de avião, « todo-o-terreno », barco e autocarro, nas curvas da Serra .
E sobe-se até Trás-os-Montes e Gerês, depois o <LOCAL_GeoNetPT02 f_id="103" t_id="NT3:ADM">Douro</LOCAL_GeoNetPT02> e o <LOCAL_GeoNetPT02 f_id="130" t_id="NT3:ADM">Grande Porto</LOCAL_GeoNetPT02>, onde a comitiva começa de novo a descer no mapa, rumo a <LOCAL_GeoNetPT02 f_id="6934" t_id="LOC:ADM">Aveiro</LOCAL_GeoNetPT02>, <LOCAL_GeoNetPT02 f_id="92458" t_id="LOC:ADM">Coimbra</LOCAL_GeoNetPT02>, Figueira, até <LOCAL_GeoNetPT02 f_id="196518" t_id="LOC:ADM">Lisboa</LOCAL_GeoNetPT02>.
<LOCAL_GeoNetPT02 f_id="240249" t_id="LOC:ADM">Sintra</LOCAL_GeoNetPT02> é uma vila privilegiada.
Na Presidência Aberta em <LOCAL_GeoNetPT02 f_id="196518" t_id="LOC:ADM">Lisboa</LOCAL_GeoNetPT02>, Soares foi lá.
No 10 de Junho, idem.
E agora o Presidente volta a incluir no itinerário a autarquia conquistada pela socialista Edite Estrela.
« Percurso de bicicleta até ao <LOCAL_GeoNetPT02 f_id="410259" t_id="LRG:ADM">Largo da Câmara Municipal</LOCAL_GeoNetPT02> », promete o programa, e consta que Edite se afincou em lições para treinar o pedal.
A <LOCAL_GeoNetPT02 f_id="240249" t_id="LOC:ADM">Sintra</LOCAL_GeoNetPT02> segue-se a <LOCAL_GeoNetPT02 f_id="196518" t_id="LOC:ADM">Lisboa</LOCAL_GeoNetPT02> de Sampaio , depois vêm os <LOCAL_GeoNetPT02 f_id="252" t_id="NT3:ADM">Açores</LOCAL_GeoNetPT02> e mais um rodopio de viagens aéreas.
Regressado das ilhas no dia 20 à noite, o Presidente não pára.
Segue para o Norte do país, onde encerrará em <LOCAL_GeoNetPT02 f_id="44738" t_id="LOC:ADM">Braga</LOCAL_GeoNetPT02>, no dia 21, esta estonteante volta a <LOCAL_GeoNetPT02 f_id="418745" t_id="PAI:ADM">Portugal</LOCAL_GeoNetPT02>.
Só falta a Madeira, onde Soares não vai, porque Mota Amaral convidou-o e  Jardim não.
De <LOCAL_GeoNetPT02 f_id="44738" t_id="LOC:ADM">Braga</LOCAL_GeoNetPT02>, é só deslizar de carro até <LOCAL_GeoNetPT02 f_id="196518" t_id="LOC:ADM">Lisboa</LOCAL_GeoNetPT02>.
E saborear o balanço.
A.S.</text>
</root>
