<?xml version="1.0" encoding="utf-8"?>
<root>
  <title>PUBLICO-19940401-028</title>
  <text>
« Europeu » de ginástica rítmica
 Selecção prepara-se
 A selecção portuguesa de ginástica rítmica desportiva que irá estar presente no Torneio Internacional de <LOCAL_GeoNetPT02 f_id="128797" t_id="LOC:ADM">Portimão</LOCAL_GeoNetPT02>.
A prova algarvia servirá de preparação para o Campeonato da Europa de seniores e juniores, a realizar em Salónica ( Grécia ) de 26 a 29 de Maio próximo.
Ao participar no torneio de <LOCAL_GeoNetPT02 f_id="128797" t_id="LOC:ADM">Portimão</LOCAL_GeoNetPT02>, que se vai realizar pela oitava vez consecutiva, com a presença recorde de 19 delegações estrangeiras, reunindo alguns dos melhores ginastas mundiais e alguns dos melhores conjuntos juniores da Europa, a equipa portuguesa visa preparar do melhor modo a sua participação no « Europeu » da modalidade e aferir a prestação técnica dos seus atletas relativamente a potências europeias como a Bulgária, Rússia e Espanha.
 Paulo Serranito, presidente da Federação Portuguesa de Ginástica ( FPG ), realçou este aspecto, acentuando a importância deste evento, pois « permite um convívio profícuo entre os treinadores portugueses e os técnicos internacionais, que tem dado bons resultados, como o demonstra o primeiro lugar de Clara Piçarra no ano passado ».
Este torneio vai ainda permitir fazer uma selecção final para o Campeonato da Europa, o que, no dizer do presidente de FPG, é muito importante « na preparação dos atletas para Atlanta, em 1996 ».
De realçar que só em 1984 o Comité Olímpico Internacional ( COI ) permitiu a entrada da ginástica rítmica individual para o conjunto das modalidades olímpicas.
 Doze anos depois, em Atlanta, a ginástica rítmica de conjunto irá também estar presente nos Jogos Olímpicos.
 Patrícia Jorge, antiga atleta e actual treinadora da selecção júnior de conjunto, fez questão de salientar a grande harmonização que tem existido com as escolas, o que tem permitido a realização de treinos bi-diários.
Criaram-se, assim, condições para a prática da modalidade em regime de alta competição, factor fundamental para a evolução das ginastas.
No entanto, nem tudo corre sobre rodas na ginástica rítmica em <LOCAL_GeoNetPT02 f_id="418745" t_id="PAI:ADM">Portugal</LOCAL_GeoNetPT02>.
Para além da falta de instalações, existe ainda o problema dos elevados encargos financeiros que a federação tem de suportar.
Problemas que a FPG espera atenuar com a disponibilização das verbas prometidas pelo Governo ( cerca de 130 mil contos, 50 mil dos quais destinados à alta competição ).
</text>
</root>
