<?xml version="1.0" encoding="utf-8"?>
<root>
  <title>PUBLICO-19950107-177</title>
  <text>ACIDENTE FATAL EM <LOCAL_GeoNetPT02 f_id="2864" t_id="FRG:ADM">Canedo</LOCAL_GeoNetPT02> -- Um morto e quatro feridos é o balanço de uma colisão entre uma carrinha e um autocarro, por volta das 19h30 de ontem, no lugar de Framil, freguesia de <LOCAL_GeoNetPT02 f_id="2864" t_id="FRG:ADM">Canedo</LOCAL_GeoNetPT02>, concelho de <LOCAL_GeoNetPT02 f_id="266" t_id="CON:ADM">Santa Maria da Feira</LOCAL_GeoNetPT02>.
Segundo dados fornecidos pelos bombeiros de Lourosa, a única vítima mortal deste acidente é Diamantino Alves de Sousa, residente em <LOCAL_GeoNetPT02 f_id="10414" t_id="LOC:ADM">Castelo de Paiva</LOCAL_GeoNetPT02> .
Dos quatro feridos, cujas identidades não foi possível apurar, apenas dois inspiravam alguns cuidados.
Entretanto, o IC 24, nos concelhos de <LOCAL_GeoNetPT02 f_id="162" t_id="CON:ADM">Matosinhos</LOCAL_GeoNetPT02> e da <LOCAL_GeoNetPT02 f_id="156" t_id="CON:ADM">Maia</LOCAL_GeoNetPT02>, continua a ser palco de graves acidentes.
Ontem, por volta das 19h30, à saída do IC 24, em Nogueira, um acidente que envolveu dois veículos ligeiros provocou cinco feridos, um dos quais em estado grave.</text>
</root>
