<?xml version="1.0" encoding="utf-8"?>
<root>
  <title>PUBLICO-19950102-045</title>
  <text>Foi construído nos anos 20 deste século na Polónia.
Transportou mercadorias e mais tarde, após ter sido apreendido em <LOCAL_GeoNetPT02 f_id="196518" t_id="LOC:ADM">Lisboa</LOCAL_GeoNetPT02> e depois de passar por várias mãos, acabou integrado na frota da Transtejo.
Carregou com os milhares de passageiros que atravessam o rio entre a Praça do Comércio e <LOCAL_GeoNetPT02 f_id="473" t_id="FRG:ADM">Cacilhas</LOCAL_GeoNetPT02> até a resistência o ter permitido.
Trata-se de uma antiga embarcação adquirida à Transtejo, em 1990, pela empresa de Manuel Abreu e que hoje alberga um bar e um restaurante.
Após dois anos e meio de trabalhos de adaptação às novas funções, o « Cacilheiro », como agora se chama, atracou na doca de <LOCAL_GeoNetPT02 f_id="1705" t_id="FRG:ADM">Alcântara</LOCAL_GeoNetPT02>, à <LOCAL_GeoNetPT02 f_id="198507" t_id="CAI:ADM">Rocha Conde de Óbidos</LOCAL_GeoNetPT02>, onde vai repousar das intensas viagens entre as duas margens do Tejo.
Ali, o velho barco -- cujo exterior, de 33 metros de comprimento, lembra as antigas embarcações do rio Mississipi, nos Estados Unidos -- recorda o mar através da decoração, das caldeiradas, dos peixes e mariscos que, para já, são as apostas gastronómicas da casa.
No intervalo entre as refeições, e depois destas, o « Cacilheiro » mantém-se aberto para servir uns copos no bar, no meio dos muitos navios que atracam na <LOCAL_GeoNetPT02 f_id="198507" t_id="CAI:ADM">Rocha Conde de Óbidos</LOCAL_GeoNetPT02>.
Para já, o « Cacilheiro » vai continuar atracado e os motores permanecem selados.
É que para voltar a navegar a lei exige uma tripulação de sete pessoas.
O que implica uma despesa de momento incomportável, após os custos do restauro.
G. P.</text>
</root>
