<?xml version="1.0" encoding="utf-8"?>
<root>
  <title>PUBLICO-19950102-054</title>
  <text>Antevisões
O projecto global
Se a polícia de choque não voltar a carregar na <LOCAL_GeoNetPT02 f_id="173679" t_id="LOC:ADM">Marinha Grande</LOCAL_GeoNetPT02> ou em <LOCAL_GeoNetPT02 f_id="196518" t_id="LOC:ADM">Lisboa</LOCAL_GeoNetPT02>, esta será uma semana televisiva um tanto debilitada em termos de emoções -- a SIC não transmite o Ponto de Encontro de Henrique Mendes com o povo.
Ficamos assim privados de assistir, na quinta-feira, ao reencontro da mãe com o filho perdido há oito anos no supermercado e às suas primeiras e comovidas palavras:
« Estás um homenzinho, Tonito !»
Na noite de quinta-feira, apenas poderemos emocionar-nos com as Coisas da Vida de Luís Pires, no Canal 1.
Mas não é a mesma coisa.
Nunca sabemos ao certo se Pires existe mesmo e, no caso de existir, se está a falar a sério.
Ora, um « reality show » vive da suposta autenticidade das situações e da sintonia do apresentador com os sentimentos do teleconsumidor.
É por isso que Cristina Caras Lindas colocará amanhã, na TVI, a máscara de freira com preocupações sociais, empenhada em fazer de todos nós Amigos Para Sempre.
O programa da TVI tem uma característica que o distingue dos congéneres: combina um certo espírito neo-realista com a caridade cristã.
A sorridente Cristina dá novo fôlego à esmola electrónica, ensaiada há pouco mais de um ano por Joaquim Letria no Canal 1.
Se Letria era um santo, Cristina está prestes a atingir a condição de mártir.
Quem também muito sofre, à quarta-feira, na SIC, é Fátima Lopes, a nova apresentadora de Perdoa-me ( Alexandra, volta, estás perdoada ).
Esta semana,    Fátima conseguirá reconciliar mais seis ou oito portugueses desavindos, o que permite alimentar a esperança na pacificação geral do país, quem sabe se ainda antes de ano 3012.
Agora, que All You Need Is Love morreu de inanição financeira, Perdoa-me é o mais popular dos populares « reality shows » da nossa TV. Tudo pode acontecer, neste programa surreal.
A operária que pede perdão à ex-patroa que lhe despediu a irmã, a jovem mãe que pede perdão à ama da filha por não lhe ter pago a tempo a mensalidade, a irmã que pede perdão ao irmão por não ter falado à cunhada, o jovem que pede perdão ao amigo por lhe ter roubado a namorada, afinal uma desgraçada que não merece nenhum dos dois.
São estes programas que nos ajudam a compreender melhor o <LOCAL_GeoNetPT02 f_id="418745" t_id="PAI:ADM">Portugal</LOCAL_GeoNetPT02> profundo.
A abertura da TV à iniciativa privada veio mostrar que o povo andava reprimido -- não tanto social ou politicamente, mas emocionalmente reprimido -- e necessitado de o anunciar ao mundo.
Que representam os salários em atraso, à vista das emoções em atraso?
Felizmente, a SIC, o Canal 1 e a TVI têm um projecto global para resolver o problema.
Carente de amor, próteses e compreensão, os portugueses encontram nos directores de programas dos três canais lúcidos intérpretes dos seus desejos.
A vitória é difícil, mas é deles.
Resta assinalar a falta de uma componente decisiva no projecto global, as  Cenas de Um Casamento.
Mas será por pouco tempo -- Guilherme Leite já ameaçou voltar.
 Júlio Pinto</text>
</root>
