<?xml version="1.0" encoding="utf-8"?>
<root>
  <title>PUBLICO-19950103-058</title>
  <text>Hiper em <LOCAL_GeoNetPT02 f_id="159443" t_id="LOC:ADM">Alcobaça</LOCAL_GeoNetPT02> provoca inquérito
O secretário de Estado da Administração Local e Ordenamento do Território, João Pereira Reis, ordenou um inquérito à Câmara Municipal de <LOCAL_GeoNetPT02 f_id="159443" t_id="LOC:ADM">Alcobaça</LOCAL_GeoNetPT02>, de maioria socialista, como lhe foi solicitado pela Inspecção-Geral da Administração do Território ( IGAT ), que considerou « urgente » uma averiguação à forma como decorreu o negócio que conduziu à venda da terrenos para a instalação um hipermercado no concelho.
Segundo o inspector-geral da IGAT, a averiguação abrangerá « todo o processamento administrativo, com vista ao apuramento da legalidade de que se rodeou o negócio jurídico », relacionado com a alienação dos terrenos, que eram propriedade da MercoAlcobaça, uma « régie » cooperativa de que a câmara é a principal accionista.
Os terrenos foram vendidos pela MercoAlcobaça, no início de Julho, por 100 mil contos.
 Duas semanas depois, foram revendidos por 180 mil contos.
Na base do inquérito agora determinado está o processo já accionado no Tribunal Judicial de <LOCAL_GeoNetPT02 f_id="159443" t_id="LOC:ADM">Alcobaça</LOCAL_GeoNetPT02> pela ACSIA ( Associação Comercial de Serviços e Industrial de <LOCAL_GeoNetPT02 f_id="159443" t_id="LOC:ADM">Alcobaça</LOCAL_GeoNetPT02> ), que considerou ter havido « irregularidades várias ao nível da autorizações e licenciamentos, em todo aquele polémico processo », factos que foram participados às autoridades judiciais.
A ACSIA afirma, em carta enviada ao IGAT, que « no passado dia 5 de Dezembro de 1994 a Câmara Municipal de <LOCAL_GeoNetPT02 f_id="159443" t_id="LOC:ADM">Alcobaça</LOCAL_GeoNetPT02> aprovou o licenciamento para a construção de um hipermercado, ocupando não os 2950 metros quadrados antes referidos mas aproximadamente 6400 metros quadrados ».
Tudo, diz a ACSIA, « em claro desrespeito pelos pareceres e ditames legais de que aliás é expressão a inexistência de actas camarárias a este respeito, que se encontram com um atraso superior a três meses ».
Droga vendida em notas de dois contos
A PSP de <LOCAL_GeoNetPT02 f_id="196518" t_id="LOC:ADM">Lisboa</LOCAL_GeoNetPT02> deteve ontem, num restaurante do <LOCAL_GeoNetPT02 f_id="1715" t_id="FRG:ADM">Lumiar</LOCAL_GeoNetPT02>, um indivíduo de 36 anos que vendia heroína e cocaína no Bairro da Musgueira.
O detido, sem profissão, tinha a particularidade de embrulhar e comercializar a droga em notas de dois contos.
No momento da detenção, os agentes da PSP encontraram ainda na posse do suspeito cerca de 900 contos em objectos de ouro, 111 contos em dinheiro português, 5000 pesetas, uma pequena quantia em dólares e pequenas doses de heroína e cocaína.
A carrinha Renault 4 em que viajava também foi apreendida.
O detido, de quem se desconhecem antecedentes policiais, será hoje presente ao juiz do Tribunal de Instrução Criminal de Lisboa.
Colisão fatal no Carregado
Um morto e um ferido grave foi o resultado de uma colisão registada cerca das 15h00 de ontem entre um veículo ligeiro de passageiros e um pesado de mercadorias, ao quilómetro 57 da Estrada Nacional 1 , na zona do <LOCAL_GeoNetPT02 f_id="181626" t_id="LOC:ADM">Carregado</LOCAL_GeoNetPT02>.
A vítima mortal, José Barreiros da Silva, 65 anos, conduzia o ligeiro e o ferido grave seguia no lugar ao seu lado.
O desastre ocorreu num entroncamento sinalizado com um sinal de « stop » nas imediações do restaurante « Pôr do Sol  ».
Pelas 16h20, um outro outro acidente provocou dois feridos graves na auto-estrada de <LOCAL_GeoNetPT02 f_id="211735" t_id="LOC:ADM">Loures</LOCAL_GeoNetPT02>.
As vítimas circulavam numa mota que se despistou ao quilómetro 11 daquela via e foram transportadas ao <LOCALIMPLICITO f_id="196518" t_id="LOC:ADM">Lisboa</LOCALIMPLICITO> Hospital de Santa Maria .
Taxista morto a tiro em Setúbal
Um taxista da praça de <LOCAL_GeoNetPT02 f_id="371672" t_id="LOC:ADM">Setúbal</LOCAL_GeoNetPT02> foi ontem encontrado morto, vitimado por um tiro, junto ao cemitério novo da cidade sadina.
A vítima, António Rodrigues, 62 anos, trabalhava há cerca de um ano como taxista e fora antes motorista nas empresas de transporte de passageiros « Transpinho » e « João Cândido Belo », segundo a agência Lusa, citando fonte da central de táxis de <LOCAL_GeoNetPT02 f_id="371672" t_id="LOC:ADM">Setúbal</LOCAL_GeoNetPT02>.
O táxi foi encontrado posteriormente à detecção do corpo, na Rua de Goa, no bairro do Liceu , em <LOCAL_GeoNetPT02 f_id="371672" t_id="LOC:ADM">Setúbal</LOCAL_GeoNetPT02>.</text>
</root>
