<?xml version="1.0" encoding="utf-8"?>
<root>
  <title>PUBLICO-19940401-041</title>
  <text>
Férias da Páscoa 
Cesaltina Pinto
Foi uma sessão rápida, a que ontem se viveu nas bolsas de valores portuguesas, própria de quem está já a pensar nas mini-férias que o período de Páscoa vai proporcionar.
Muito mais quando as bolsas permanecerão encerradas durante a próxima segunda-feira.
Os tempos não são, assim, propícios a grandes entusiasmos, até porque continua a indefenição sobre o mercado e o temor da subida das taxas de juro.
Estas podem vir a inverter a tendência positiva que tem caracterizado a negociação nos mercados secundários, prevendo-se um esmorecimento futuro das transacções e da valorização das cotações.
Com este clima de esfriamento dos entusiasmos e de deserção dos investidores para fora das cidades, os lotes transaccionados não foram muito expressivos e as cotações não sofreram grandes alterações.
O contínuo nacional registou apenas 855 negócios, com um milhão e 200 mil títulos a mudarem de mãos, perfazendo um total de 7,3 milhões de contos.
Ainda neste sistema de negociação, apenas os bancos foram capazes de transferir lotes acima das cem mil acções.
Com grande destaque, mais uma vez, para as acções do Banco Português de Investimento, que continua a despertar o interesse dos investidores estrangeiros.
Desta vez, foram 158 800 acções a fixar cotação nos 3 805 escudos, sintomaticamente a seguir a tendência de descida, uma vez que abriu nos 3900 escudos.
BPA e Crédito Predial Português seguiram-lhe as pisadas, embora a instituição dominada pelo Totta -- que continua suspenso da cotação -- tenha subido cerca dos 50 escudos, fechando cotação nos 1685 escudos.
A Sonae Investimentos em dia de assembleia geral não conseguiu movimentar mais de 47 mil acções, tendo descido igualmente a cotação para os 3 393 escudos.
Analisando por mercados de <LOCAL_GeoNetPT02 f_id="196518" t_id="LOC:ADM">Lisboa</LOCAL_GeoNetPT02> e <LOCAL_GeoNetPT02 f_id="290154" t_id="LOC:ADM">Porto</LOCAL_GeoNetPT02> é forçoso dizer-se que o primeiro esteve mais activo do que o segundo, o que não é de estranhar atendendo à dimensão.
Se o índice BVL subiu 0,1 por cento, ficando nos 987,92 pontos, o índice BPA Porto desceu 0,09 por cento, caindo para os 156,73 pontos.
O total negociado na praça da capital foi de 5,83 milhões de contos, sendo 2,3 milhões provenientes do segmento accionista.
Bastante mais que os parcos 943 mil contos negociados em acções na bolsa do <LOCAL_GeoNetPT02 f_id="290154" t_id="LOC:ADM">Porto</LOCAL_GeoNetPT02>, que esteve sobretudo activo no vector obrigacionista, onde realizou quase um milhão e meio de contos.
No « floor » do <LOCAL_GeoNetPT02 f_id="290154" t_id="LOC:ADM">Porto</LOCAL_GeoNetPT02>, a maior transacção pertenceu à seguradora Bonança, com 133 346 papéis a mudarem de mãos e a registar uma subida de 13 por cento, parando a cotação nos 4520 escudos.
</text>
</root>
