<?xml version="1.0" encoding="utf-8"?>
<root>
  <title>PUBLICO-19940401-114</title>
  <text>
O inquérito a Malveiro
A Assembleia Distrital de <LOCAL_GeoNetPT02 f_id="3945" t_id="DST:ADM">Beja</LOCAL_GeoNetPT02> aprovou ontem uma proposta no sentido de toda a actividade pública do deputado Branco Malveira ( PSD ) ser averiguada no âmbito da comissão parlamentar de inquérito cuja constituição o próprio sugeriu.
A proposta, apresentada por Lopes Guerreiro, presidente da Câmara do <LOCAL_GeoNetPT02 f_id="30" t_id="CON:ADM">Alvito</LOCAL_GeoNetPT02>, sugere que a mesa da Assembleia Distrital contacte a comissão de inquérito para que esta se debruce sobre toda a actividade pública de Branco Malveiro.
Votou contra o município de <LOCAL_GeoNetPT02 f_id="186" t_id="CON:ADM">Moura</LOCAL_GeoNetPT02> e absteve-se o de <LOCAL_GeoNetPT02 f_id="207" t_id="CON:ADM">Ourique</LOCAL_GeoNetPT02>.
</text>
</root>
