<?xml version="1.0" encoding="utf-8"?>
<root>
  <title>PUBLICO-19950104-052</title>
  <text>Edite quer hospital em <LOCAL_GeoNetPT02 f_id="284" t_id="CON:ADM">Sintra</LOCAL_GeoNetPT02>
A construção de um novo hospital no concelho de <LOCAL_GeoNetPT02 f_id="284" t_id="CON:ADM">Sintra</LOCAL_GeoNetPT02> foi ontem reclamada pela presidente da    Câmara, Edite Estrela.
No entender da autarca, a entrada em funcionamento do Hospital <LOCAL_GeoNetPT02 f_id="182400" t_id="LOC:ADM">Amadora</LOCAL_GeoNetPT02>-<LOCAL_GeoNetPT02 f_id="240249" t_id="LOC:ADM">Sintra</LOCAL_GeoNetPT02> , anunciada para o próximo mês de Abril, não irá resolver os problemas sentidos pela população.
« O crescimento concelho de <LOCAL_GeoNetPT02 f_id="284" t_id="CON:ADM">Sintra</LOCAL_GeoNetPT02> justifica a construção de um novo hospital », refere uma nota ontem divulgada pelo município, onde se dá conta do desafio lançado pela presidente da    Câmara.
Além de considerar insuficiente o hospital prestes a abrir, a autarca diz que « a população da região Oeste  do concelho de <LOCAL_GeoNetPT02 f_id="284" t_id="CON:ADM">Sintra</LOCAL_GeoNetPT02> e do próprio concelho de <LOCAL_GeoNetPT02 f_id="155" t_id="CON:ADM">Mafra</LOCAL_GeoNetPT02> não tem à sua disposição uma unidade hospitalar adequada, quer em número de camas, quer em valências, que permita, sem necessidade de recurso a um hospital central, a resolução de situações de urgência e a prestação de consultas .»
« A esta situação acresce o facto de, sendo já hoje considerável o número de habitantes daquelas regiões, se constatar, sobretudo durante o período estival, um aumento significativo de população, nomeadamente nas zonas litorais dos concelhos », diz a mesma nota.
Estas são as principais razões invocadas por Edite Estrela para lançar « um repto ao poder central » para que « equacione a reorganização da rede hospitalar da Área Metropolitana de <LOCAL_GeoNetPT02 f_id="196518" t_id="LOC:ADM">Lisboa</LOCAL_GeoNetPT02> e avance com um projecto para a construção de um novo hospital em <LOCAL_GeoNetPT02 f_id="284" t_id="CON:ADM">Sintra</LOCAL_GeoNetPT02> ».
A unidade hospitalar poderia, nos termos de uma proposta do município, « permitir, simultaneamente, a instalação de um pólo de ensino superior nas áreas da medicina e da enfermagem, e a criação de centros de formação profissional e de investigação científica e tecnológica, na área da saúde, suprindo assim graves carências verificadas no sector .»
Para arrepiar caminho e manifestar o seu empenhamento no processo, a    Câmara propõe a imediata « criação de um grupo de trabalho envolvendo responsáveis municipais, representantes da Administração Central -- nomeadamente nas áreas da saúde, educação e formação profissional --, escolas superiores e instituições científicas ».</text>
</root>
