<?xml version="1.0" encoding="utf-8"?>
<root>
  <title>PUBLICO-19940404-040</title>
  <text>Novos artesãos acrecentam « design » e técnica à tradição
Artesanato português já não é só o galo de Barcelos
Anabela Mendes
Longe do galo de <LOCAL_GeoNetPT02 f_id="41477" t_id="LOC:ADM">Barcelos</LOCAL_GeoNetPT02> e dos potes de barro tradicionais, dos lenços de namorados ou dos tapetes de <LOCAL_GeoNetPT02 f_id="108795" t_id="LOC:ADM">Arraiolos</LOCAL_GeoNetPT02>, surgiram os novos artesãos.
Ainda que utilizem as mesmas matérias-primas, como o barro, os tecidos e os metais, fazem um trabalho muito diferente.
Põem nele o « design » e técnicas adquiridas em escolas de arte.
São os novos artesãos.
Pedro Lunta e Isabel Azeredo trabalham em cerâmica.
        Pedro faz os desenhos e trata da parte comercial, frequentou arquitectura de interiores no Instituto de Arte e Decoração ( IADE ) e desenho gráfico no Arco.
Isabel é aluna de escultura na <LOCALIMPLICITO f_id="196518" t_id="LOC:ADM">Lisboa</LOCALIMPLICITO> Faculdade de Belas-Artes da <LOCALIMPLICITO f_id="196518" t_id="LOC:ADM">Lisboa</LOCALIMPLICITO> Universidade de Lisboa e dá corpo e alma às peças de cerâmica.
Das suas mãos saem os objectos desenhadas por si e pelo        Pedro.
Têm um « atelier » no <LOCALIMPLICITO f_id="196518" t_id="LOC:ADM">Lisboa</LOCALIMPLICITO>  Bairro Alto, mas não vendem directamente ao público.
Distribuem as suas peças por várias lojas de <LOCAL_GeoNetPT02 f_id="196518" t_id="LOC:ADM">Lisboa</LOCAL_GeoNetPT02>, <LOCAL_GeoNetPT02 f_id="290154" t_id="LOC:ADM">Porto</LOCAL_GeoNetPT02> e Suíça e dizem com orgulho que têm bastante procura.
As pessoas gostam das peças, únicas, vêem nelas arte, arrojo e inovação e as lojas apostam nos seus trabalhos.
 Isabel gosta do que faz e não pensa deixar a sua produção, mas sonha trabalhar directamente com fábricas.
« Criar desenhos novos ou trabalhar simplesmente nos acabamentos, na decoração.
Transformar uma peça banal em algo de diferente.
Acrescentando um simples pormenor, pode-se operar uma grande transformação e enriquecer qualquer objecto.
As fábricas ainda não apostam muito nesse campo e seria aí que eu gostaria de intervir .»
Enquanto esse sonho não se realiza, cria com sucesso, juntamente com Pedro Lunta, os seus trabalhos, que podem levar de 12 a 20 horas a executar.
Prepara a pasta, misturando o barro com vários elementos, como óxidos ou chamote, dependendo da textura final pretendida, depois amassa-a, molda ou modela a peça, construindo-a pouco a pouco, fazendo cortes, e, por fim, põe-lhe o selo pessoal.
Deixa o objecto secar até ao ponto exacto, para evitar fissuras e empenamentos e surge então a primeira cozedura, a que se segue um arrefecimento lento, nunca inferior a 24 horas.
Limpa as peças de todas as impurezas, aplica-lhes pigmentos coloridos, vidro ou óxidos e, no final, a segunda cozedura e o compasso de arrefecimento de mais 24 horas.
A peça está pronta.
Separar-se dela é sempre um sofrimento, que está a aprender a controlar.
« Aprendi a separar-me das peças que crio, mas ao princípio era muito doloroso .»
        Pedro e Isabel registam as peças que criam na  Sociedade Portuguesa de Autores, já tiveram alguns desgostos com criações anteriores e não arriscam novos dissabores.
Quanto à parte comercial, dizem que a actividade ainda não é satisfatoriamente rentável, mas vêem indícios de que comece a sê-lo em breve.
Apesar de criarem peças novas, para gostos mais elitistas e cuidados, não menosprezam os artesãos tradicionais:
« Só compreendendo a raiz da nossa cultura popular podemos partir para as nossas próprias formas .»
Da seda à obra de arte Manuel Abreu trabalha em batique, uma técnica de pintura em tecido de origem egípcia, segundo se pensa, e muito divulgada no continente africano.
Aprendeu a técnica na Bélgica, depois de ter estudado arquitectura e feito tecelagem em França, e desde há 20 anos que a pratica em Portugal, com tanto sucesso que o seu nome já é um ponto de referência.
Lenços grandes de senhora e gravatas, ambos em seda, são o seu campo de trabalho mais habitual.
Prefere a seda chinesa, lisa ou lavrada, importada de França, juntamente com as tintas, uma opção mais rentável, que lhe permite trabalhar a preços mais acessíveis.
Também não vende as suas peças directamente ao público, distribui-as por várias lojas que as comercializam, mas gostaria de ter um « show-room », o que neste momento é impensável devido ao espaço reduzido que ocupa, provisoriamente, no « atelier » de uma pintora amiga, no Mercado de Chão de Loureiro.
E é nesse espaço que desenrola as peças de seda, lhes dá um banho de tinta e traça o tecido com pinceladas de parafina, onde cria reservas de cor, para as novas tintas que irá aplicar.
Em geral, três a quatro, no máximo cinco, sempre com novas camadas de parafina e novas reservas de cor, que criam os seus desenhos e dão origem a trabalhos vibrantes e únicos.
Nunca é possível criar uma peça igual a outra.
O tecido, que as camadas de parafina tornam espesso, é depois esfregado até se retirar o máximo possível dessa matéria, seguindo para a estufa, onde permanece três horas, para fixar a cor.
Termina com a limpeza a seco e no final a confecção, que dá forma às gravatas e aos lenços, comercializados em <LOCAL_GeoNetPT02 f_id="196518" t_id="LOC:ADM">Lisboa</LOCAL_GeoNetPT02> e no <LOCAL_GeoNetPT02 f_id="290154" t_id="LOC:ADM">Porto</LOCAL_GeoNetPT02>.
 Manuel Abreu vive da sua arte, mas confessa que, no momento, a crise se faz sentir e os incentivos são poucos.
« A Câmara deveria apostar mais no artesanato, incentivar o aparecimento de novos trabalhos como o que faço, que está entre o artesanato e o « design ».
Em nome individual, então, os apoios são quase impossíveis, pelo que as pessoas se juntam em grupos como aquele a que pertenço, os Nómadas .»
Grupo que se prepara para fazer uma exposição, no mês de Julho, no <LOCALIMPLICITO f_id="340999" t_id="LOC:ADM">Tomar</LOCALIMPLICITO> Convento de Tomar, para onde Manuel Abreu prepara longas metragens de tecido, a lembrar cruzadas e batalhas antigas.
Dos metais às jóias Thomas Müller é alemão, fala perfeitamente o português e vive há 11 anos no nosso país.
Estudou História da Arte e chegou à joalharia por acaso.
Já trabalhou com a sua mulher, mas de momento trabalha sozinho, num « atelier » que divide com um sócio.
Consegue viver do seu trabalho, porque a mulher contribui com o seu ordenado para as despesas domésticas, pois, de outro modo, diz, seria difícil.
No entanto, afirma que a produção de momento é suficiente.
À semelhança de Pedro Lunta, Isabel Azeredo e Manuel Abreu, Müller não comercializa directamente os seus produtos.
Canaliza-os para lojas de <LOCAL_GeoNetPT02 f_id="196518" t_id="LOC:ADM">Lisboa</LOCAL_GeoNetPT02> e do <LOCAL_GeoNetPT02 f_id="290154" t_id="LOC:ADM">Porto</LOCAL_GeoNetPT02>, seus clientes assíduos, e afirma que ter um « show-room » só seria viável se dividisse o espaço com alguém que tratasse do atendimento ao público.
« É uma actividade um pouco suja, os óxidos, o maçarico, levam a que quando aparece um cliente no « atelier » tenha de parar de trabalhar, lavar as mãos atender as pessoas, que por vezes acabam por não comprar nenhuma peça.
Isto quebra o ritmo de trabalho e não se mostra muito rentável .»
Gosta de joalharia, que não pensa abandonar, mas estes seis anos de actividade não têm dado grande rendimento, o que o leva a querer procurar uma nova forma de chegar ao público.
Tem como meta o aumento do seu lucro actual, de modo a poder contar com a ajuda de um técnico de vendas para escoar os seus produtos.
Dos alfinetes, anéis e colares, de prata, cobre, latão, ferro, aço, madeira e osso, com certas misturas de ácidos, passou para a produção de objectos utilitários, uma experiência nova, que já dura há um ano e que pretende reforçar.
São candeeiros, candelabros, cinzeiros, peças únicas, como as jóias, e que têm grande procura nas lojas para onde envia a sua produção.
O trabalho de criação é lento.
É preciso fazer o desenho, trabalhar o metal, pôr a peça pronta, utilizar o maçarico.
Uma peça chega a levar dois dias, mas sente que as pessoas gostam das suas peças, de usar algo original e diferente, usufruir de uma jóia única, colocar em casa um objecto especial.
Cerâmica, têxteis, joalharia, trabalhos diferentes, que têm em comum a criação e o trabalho manual, dando uma nova dimensão ao artesanato, promovendo-o a peça de arte, apreciada e disputada pelos consumidores, tanto nacionais como estrangeiros, pois estes já começam a levar na bagagem muito mais do que o galo de <LOCAL_GeoNetPT02 f_id="41477" t_id="LOC:ADM">Barcelos</LOCAL_GeoNetPT02>.</text>
</root>
