<?xml version="1.0" encoding="utf-8"?>
<root>
  <title>PUBLICO-19940402-097</title>
  <text>
Noites de <LOCAL_GeoNetPT02 f_id="404887" t_id="LOC:ADM">Mangualde</LOCAL_GeoNetPT02> « Sabem o que é que <LOCAL_GeoNetPT02 f_id="404887" t_id="LOC:ADM">Mangualde</LOCAL_GeoNetPT02> tem de melhor?
A estrada para Espanha .»
São 21h no Café Moderno, e Bruno Pereira, 18 anos, junta-se aos amigos, antes de rumar à Rádio Voz de <LOCAL_GeoNetPT02 f_id="404887" t_id="LOC:ADM">Mangualde</LOCAL_GeoNetPT02> para apresentar o programa « Comboio dos Duros » das 22h à meia-noite.
 Bruno, que trabalha na câmara durante o dia, vive em grande parte para a música.
Lê o « Blitz » e os suplementos de rock dos jornais diários e passa o tempo livre a ver a MTV no bar da terra, o Barómetro.
O Café Moderno serve de quartel-general para a maioria dos jovens da cidade, que aí se encontram antes de rumarem para outros poisos nocturnos.
Entre eles, há os aficionados das noites espanholas.
 Ciudad Rodrigo fica a uma hora de caminho, Salamanca a duas.
« Às vezes, quando há nota, estamos todos no café e decidimos ir a Espanha.
Chegou a uma altura que íamos todos os fins-de-semana », conta Gil, 24 anos, que trabalha na empresa de electrodomésticos do pai.
« Gasta-se lá menos dinheiro do que aqui.
Em <LOCAL_GeoNetPT02 f_id="414911" t_id="LOC:ADM">Viseu</LOCAL_GeoNetPT02>, na discoteca Day After, gasto no mínimo três a quatro contos.
Em Salamanca, é entrada livre, não há porteiros, não há mínimos de consumo ...»
À mesa do Café Moderno, entre uma ou duas imperiais, recordam-se as últimas incursões.
« Na segunda à noite », conta outro, « fomos a Ciudad Rodrigo, eram duas da manhã, era gente ali pelas muralhas ...
é bares aos pontapés.
A cerveja lá custa 125 pesetas, é sempre a aviar, e lá as miúdas não são como as portuguesas, dão uma tanga ...»
 Bruno e os amigos já têm ido a <LOCAL_GeoNetPT02 f_id="196518" t_id="LOC:ADM">Lisboa</LOCAL_GeoNetPT02> ver concertos.
« Fomos ver os U2 e o « Portugal ao vivo ».
Se eu vivesse em <LOCAL_GeoNetPT02 f_id="196518" t_id="LOC:ADM">Lisboa</LOCAL_GeoNetPT02>, ia a todos os concertos.
Temos de pagar o bilhete do concerto, mais a viagem, mais o alojamento.
Vamos daqui direitos a <LOCAL_GeoNetPT02 f_id="406598" t_id="LOC:ADM">Nelas</LOCAL_GeoNetPT02>, depois <LOCAL_GeoNetPT02 f_id="408846" t_id="LOC:ADM">Santa Comba Dão</LOCAL_GeoNetPT02>, tomamos a IP3 até <LOCAL_GeoNetPT02 f_id="92458" t_id="LOC:ADM">Coimbra</LOCAL_GeoNetPT02>, em <LOCAL_GeoNetPT02 f_id="92458" t_id="LOC:ADM">Coimbra</LOCAL_GeoNetPT02> apanhamos a auto-estrada para <LOCAL_GeoNetPT02 f_id="196518" t_id="LOC:ADM">Lisboa</LOCAL_GeoNetPT02> .»
Depois do programa na rádio, Bruno Pereira vai até ao Barómetro.
« Isto é a minha segunda casa.
Passo mais tempo aqui do que em minha casa », explica ele.
Desce-se umas escadas de mármore.
Há pequenos holofotes vertendo pequenos tubos de luz em direcção ao mármore escuro.
As cadeiras de metal, pretas e brancas, imitam o « design » italiano.
Logo à entrada, duas jovens jogam dardos sob o som dos U2 enquanto outros se entretêm com o bilhar de « snooker » ao fundo.
«  Zoo Europa ...»
Os jovens vestem como os seus congéneres de <LOCAL_GeoNetPT02 f_id="196518" t_id="LOC:ADM">Lisboa</LOCAL_GeoNetPT02>, « jeans », camisas aos quadrados por fora das calças.
Os que não vão a Espanha, como Bruno, rumam a <LOCAL_GeoNetPT02 f_id="406598" t_id="LOC:ADM">Nelas</LOCAL_GeoNetPT02>, ao Pablo ou ao Escritório, ou enfiam-se no Day After, em <LOCAL_GeoNetPT02 f_id="414911" t_id="LOC:ADM">Viseu</LOCAL_GeoNetPT02>, uma das maiores discotecas do país.
 Bruno confessa-se um « habitué » das noites académicas, às quintas-feiras, quando só se paga 300 escudos para entrar.
« Nós, de <LOCAL_GeoNetPT02 f_id="404887" t_id="LOC:ADM">Mangualde</LOCAL_GeoNetPT02>, quando vamos ao Day After já vamos daqui com os copos.
E isto não é puxar a brasa à nossa sardinha, mas a gente é que anima aquilo .»
O Day After não é muito difícil de encontrar, depois de uns 15 quilómetros de IP5.
Por fora, parece um hipermercado, com a diferença de o estacionamento ser muito mais caótico.
À medida que nos aproximamos, há viaturas estacionadas um pouco por todo o lado.
Não faltam arrumadores, chamando-nos para um terreno baldio ao lado da discoteca.
Lá dentro, a primeira pista assemelha-se a um hangar de aviões, com a diferença de ter um bar do lado direito e de jovens se sentarem um pouco por todo o lado, na conversa.
Uma porta ao fundo dá acesso à pista de « karting ».
É uma pista interior rodeada de pneus para atenuar os choques.
Volta-se para dentro e entra-se no bar americano.
É aí que a grande maioria dos jovens se concentra pulando sob a batida repetitiva do « techno ».
Sobe-se umas escadas em ferro que levam a um varandim de onde se avista toda aquela gente aos pulos.
Há rapazes e raparigas de copo na mão, mais rapazes que raparigas, perscrutando a populaça lá em baixo.
A noite termina à entrada de <LOCAL_GeoNetPT02 f_id="404887" t_id="LOC:ADM">Mangualde</LOCAL_GeoNetPT02>, com a Brigada de Trânsito a mandar parar a viatura e a fazer o já tradicional teste do balão.
Era o item que faltava para que a rota das noites beirãs pudesse terminar em beleza.
« Mas oh seu guarda, eu só bebi um poucochinho ...»
</text>
</root>
