<?xml version="1.0" encoding="utf-8"?>
<root>
  <title>PUBLICO-19940404-079</title>
  <text>O funeral de Agostinho da Silva 
O funeral do professor Agostinho da Silva , ontem falecido no hospital de <LOCAL_GeoNetPT02 f_id="1732" t_id="FRG:ADM">São Francisco Xavier</LOCAL_GeoNetPT02>, de <LOCAL_GeoNetPT02 f_id="146" t_id="CON:ADM">Lisboa</LOCAL_GeoNetPT02> -- ver destaque nas páginas 9, 10 e 11 --, realiza-se esta tarde do <LOCALIMPLICITO f_id="196518" t_id="LOC:ADM">Lisboa</LOCALIMPLICITO> Mosteiro dos Jerónimos para o cemitério do Alto de São João.
O corpo chegou à igreja às 10h00, onde tem estado em câmara ardente e onde é rezada missa às 15h00.
A seguir, seguirá para o cemitério, para uma sepultura junto às de outros familiares, como a primeira mulher.
A decisão pertenceu aos filhos que quiseram a máxima simplicidade para as exéquias.
A escolha dos <LOCALIMPLICITO f_id="196518" t_id="LOC:ADM">Lisboa</LOCALIMPLICITO> Jerónimos e da campa rasa pretendem ser, assim, simbólicos do espírito do pai.
Religioso e católico à sua maneira, Agostinho da Silva, em estado de coma há várias semanas, recebeu pouco antes de expirar a absolvição, ministrada pelo bispo de <LOCAL_GeoNetPT02 f_id="371672" t_id="LOC:ADM">Setúbal</LOCAL_GeoNetPT02>.
Este deslocou-se pessoalmente ao hospital ao saber que o enfermo expressara desejo de o conhecer.
A amigos íntimos o professor manifestara, com efeito, e por várias vezes, curiosidade pela acção de D. Manuel Martins.
 Mário Soares deverá interromper a Presidência Aberta que iniciou hoje no Sul para se incorporar no funeral.</text>
</root>
