<?xml version="1.0" encoding="utf-8"?>
<root>
  <title>PUBLICO-19950104-046</title>
  <text><LOCAL_GeoNetPT02 f_id="196572" t_id="ZON:ADM">Parque das Nações</LOCAL_GeoNetPT02>  selecciona viveiristas
Dezanove empresas, entre elas viveiristas estrangeiros, candidataram-se a fazer crescer árvores para a Expo 98, a partir deste ano, data prevista para o início do fornecimento das 15 mil árvores constantes neste primeiro contrato a estabelecer pela <LOCAL_GeoNetPT02 f_id="196572" t_id="ZON:ADM">Parque das Nações</LOCAL_GeoNetPT02>, que engloba, para já, 62 espécies.
As propostas apresentadas pelos viveiristas começaram ontem a ser abertas pela <LOCAL_GeoNetPT02 f_id="196572" t_id="ZON:ADM">Parque das Nações</LOCAL_GeoNetPT02>, que vai seleccionar um máximo de oito empresas e um mínimo de cinco, entre os viveiristas concorrentes.
As árvores a fornecer, que deverão ter já um porte razoável -- entre dois e seis metros de altura --, constavam de uma extensa lista, incluindo 35 espécies da flora tradicional portuguesa e outras 27 variedades exóticas.
Castanheiros da Índia, gravíleas, plátanos, faias pretas, cerejeiras, tílias e palmeiras são algumas das muitas espécies escolhidas para já.
Outros concursos deverão ser lançados pela <LOCAL_GeoNetPT02 f_id="196572" t_id="ZON:ADM">Parque das Nações</LOCAL_GeoNetPT02>, que estimou inicialmente em 60 mil árvores o total necessário para a arborização da zona de intervenção da Expo 98.
Em meados deste mês de Janeiro deverão começar em força as plantações experimentais, alvo de um outro contrato, estabelecido com a Portucel e a Riegosur, que vão testar a resistência de cerca de 200 espécies diferentes nos solos da zona ribeirinha oriental de <LOCAL_GeoNetPT02 f_id="196518" t_id="LOC:ADM">Lisboa</LOCAL_GeoNetPT02>, poluídos ao longo de várias décadas pelas petrolíferas e pela ocupação industrial ali registada.</text>
</root>
