<?xml version="1.0" encoding="utf-8"?>
<root>
  <title>PUBLICO-19950103-075</title>
  <text>Presidência Aberta foi o melhor
A presidência aberta sobre o Ambiente foi, na opinião do GEOTA ( Grupo de Estudos de Ordenamento do Território e Ambiente ), o « acontecimento mais notório de 1994 ».
Em contrapartida, a associação ambientalista não poupa críticas à conservação da natureza, à gestão da água e à nova ponte sobre o Tejo.
Entre os sete aspectos focados, contam-se ainda os resíduos, o património cultural e Plano Nacional de Política do Ambiente ( PNPA ).
Segundo o GEOTA, « o mote da conservação em 1994 parece ter sido « aguentar apesar da ( ausência de ) política governamental '».
Isto porque, apesar dos esforços para melhorar as condições de gestão de algumas áreas e para reformular ou criar novas zonas, « cresceram as pressões para a instalação de empreendimentos com impactes gravosos ».
E, apesar de muitos não terem sido aprovados, « o saldo é negativo porque a destruição é irreversível ».
O problema é que os « biótopos Corine e as Zonas de Protecção Especial continuam por regulamentar, com excepção para o Estuário do Tejo  », dizem, acrescentando que, no caso do Tejo , excluiu-se uma faixa importante e a gestão é extremamente permissiva porque permite a construção da ponte  <LOCAL_GeoNetPT02 f_id="213290" t_id="LOC:ADM">Sacavém</LOCAL_GeoNetPT02>-<LOCAL_GeoNetPT02 f_id="356404" t_id="LOC:ADM">Montijo</LOCAL_GeoNetPT02>  e uma estrada marginal entre     Alverca  e <LOCAL_GeoNetPT02 f_id="213290" t_id="LOC:ADM">Sacavém</LOCAL_GeoNetPT02>.
« Se não fosse trágico, seria cómico », comenta a associação.
Quanto à caça, o GEOTA contesta a sua gestão feita « à revelia dos donos da terra e dos princípios da estratégia de conservação graças à incapacidade dos ministérios do Ambiente e da Agricultura para se entenderem entre si, com os proprietários, com os caçadores e com os não caçadores ».
Por outro lado, o património cultural « continua a ser o parente pobre sob tutela da Secretaria de Estado da Cultura » sem que seja entendido « em <LOCAL_GeoNetPT02 f_id="418745" t_id="PAI:ADM">Portugal</LOCAL_GeoNetPT02> no âmbito de uma estratégia nacional de conservação ».
Como exemplos, os ambientalistas citam a  Fortaleza de <LOCAL_GeoNetPT02 f_id="132480" t_id="LOC:ADM">Sagres</LOCAL_GeoNetPT02> e o conjunto arqueológico de Foz Côa .
 Apresentado já quase no final do ano e actualmente em fase de consulta pública, o PNPA é acusado de ser apenas uma « colecção de intenções dos diferentes ministérios na matéria sem que haja praticamente nenhum esforço de integração dos princípios do desenvolvimento sustentável nas políticas sectoriais ».
A.F.</text>
</root>
