<?xml version="1.0" encoding="utf-8"?>
<root>
  <title>PUBLICO-19950107-147</title>
  <text>As promessas de Valentim
Já lá vai mais de um ano, Valentim Loureiro ia ao encontro das criancinhas de <LOCAL_GeoNetPT02 f_id="264275" t_id="LOC:ADM">Gondomar</LOCAL_GeoNetPT02> e palmilhava, de lés-a-lés, as escolas do concelho, multiplicando ofertas de televisores e videogravadores.
Estava-se em vésperas de autárquicas, corria o mês de Dezembro, e comentava-se que um estranho Pai Natal chegara precocemente a <LOCAL_GeoNetPT02 f_id="264275" t_id="LOC:ADM">Gondomar</LOCAL_GeoNetPT02>.
Uma aparição tão efémera quanto o tempo que durou a campanha eleitoral.
Mas, a pretexto do Dia de Reis, crianças de uma escola primária de <LOCAL_GeoNetPT02 f_id="267320" t_id="LOC:ADM">São Pedro da Cova</LOCAL_GeoNetPT02> decidiram cantar as Janeiras a Valentim.
« A caminhada foi longa / mas não nos sentimos mal / porque o nosso presidente / vai ser nosso Pai Natal .»
Uma nota de imprensa divulgada pela    Câmara, assinada pelo vereador da Cultura, relata detalhadamente a visita.
Diz que o gesto colheu de surpresa o major.
Mas « mais surpreso ficou quando viu chegar a sua Exma esposa com lembranças e com lanche para todos ».
Entre transcrições das quadras e o enunciado da obra feita no ensino básico por Valentim, o vereador dá ainda conta da promessa de uma resposta favorável ao pedido das crianças que « querem ir à capital mostrar a força do Norte ».
O major garantiu « que vai diligenciar junto da TAP uma redução de preços para possibilitar uma viagem de avião a <LOCAL_GeoNetPT02 f_id="196518" t_id="LOC:ADM">Lisboa</LOCAL_GeoNetPT02> de todos estes alunos ».
E depois de uma promessa destas, « com um sorriso nos lábios, lá partiram os alunos a cantar: « Já são horas de partir / regressar ao Carvalhal / cantinho de <LOCAL_GeoNetPT02 f_id="264275" t_id="LOC:ADM">Gondomar</LOCAL_GeoNetPT02> / naquinho de <LOCAL_GeoNetPT02 f_id="418745" t_id="PAI:ADM">Portugal</LOCAL_GeoNetPT02> » .»</text>
</root>
