<?xml version="1.0" encoding="utf-8"?>
<root>
  <title>PUBLICO-19950108-064</title>
  <text>O Que Foi 1 a 7 Janeiro
Domingo, 1
· Frederick West, de 52 anos, acusado de ter assassinado 12 mulheres -- incluindo a sua primeira mulher e duas das suas filhas -- na região de Gloucester, é encontrado morto numa cela da prisão de Birmingham, na Grã-Bretanha.
West ter-se-á enforcado.
· Fernando Henrique Cardoso, 63 anos, sociólogo, professor, ex-senador e ex-ministro, toma posse como Presidente do Brasil. O Presidente português, Mário Soares, assiste à cerimónia.
· Na Tchetchénia, as tropas russas procuram tomar o palácio presidencial, enquanto ocorrem por toda a cidade de Grozni combates generalizados.
· O Exército Zapatista de Libertação Nacional, um ano depois do levantamento de Chiapas, no Sul do México, pede a formação de um « movimento de libertação nacional » encarregado de lutar por um governo de transição.
· Quatro anos após o desmoronar do seu regime, o antigo presidente da Somália, Mohamed Siad Barre, morre no exílio, em Lagos, na Nigéria.
Segunda, 2
· <LOCAL_GeoNetPT02 f_id="418745" t_id="PAI:ADM">Portugal</LOCAL_GeoNetPT02> exerce, a partir de hoje, a presidência da União Europeia Ocidental. O embaixador José Cutileiro assume o lugar de secretário-geral, por um mandato de três anos.
· Os mineiros da exploração carbonífera do Pejão bloqueiam o acesso à mina, como forma de protesto contra o encerramento das minas, impedindo que mais de uma centena de trabalhadores iniciam as obras de desmantelamento.
· A CGTP defende a necessidade de « pôr termo ao manobrismo político a que se assiste », protagonizado pelo primeiro-ministro e pelo Governo.
· Os advogados de Taslima Nasrin entregam no Tribunal de Daca, Bangladesh, um pedido de anulação da acusação de « blasfémia contra o Corão » que recai sobre a escritora.
· Morre, em <LOCAL_GeoNetPT02 f_id="121279" t_id="LOC:ADM">Faro</LOCAL_GeoNetPT02>, aos 86 anos, o estudioso e investigador histórico algarvio, Pinheiro Rosa, após doença prolongada ...
· ... numa clínica de Madrid, morre o pintor espanhol Manuel Rivera, 67 anos, fundador do grupo vanguardista « El Paso ».
 Terça, 3
· Jaime Gama anuncia que o  PS vai pedir um debate de urgência na Assembleia da República sobre o futuro de Cavaco Silva ...
· ... Manuel Monteiro volta a defender a antecipação das eleições legislativas, ao reagir à mensagem de Ano Novo de Mário Soares, a quem apela para que « esteja consciente das suas responsabilidades ».
· Os ministros dos Negócios Estrangeiros e da Defesa Nacional apresentam as prioridades da presidência portuguesa da União Europeia Ocidental: desenvolvimento das capacidades operacionais e militares da organização.
· Reúne-se a Comissão de Fiscalização da vidreira Manuel Pereira Roldão, mas não é avançada qualquer proposta concreta para viabilização da empresa.
· Um estudo divulgado pelo Instituto Francês de Estatística e de Estudos Económicos revela que <LOCAL_GeoNetPT02 f_id="418745" t_id="PAI:ADM">Portugal</LOCAL_GeoNetPT02> é o país da Europa Ocidental onde a esperança de vida dos homens é a mais reduzida ( 70,7 anos ).
· Morre, em Paris, a bailarina russa e professora de dança Nina Tikanova.
Quarta, 4 · Nogueira de Brito renuncia ao seu lugar no Parlamento e deixa um « recado » a Manuel Monteiro: « O CDS não desapareceu e não desaparecerá .»
· O Bispo de Díli, D. Ximenes Belo, descreve como « muito grave, pior que em Díli », o ambiente que se vive na cidade de Baucau, onde, desde domingo, se têm verificado confrontos entre a população timorense e forças indonésias.
· Chega a <LOCAL_GeoNetPT02 f_id="418745" t_id="PAI:ADM">Portugal</LOCAL_GeoNetPT02> Alioune Blondim Beye, diplomata maliano ao serviço da ONU a quem cabe a mediação do conflito angolano.
· O Governo russo anuncia que a situação na Tchetchénia, até agora desastrosa para as tropas russas, está « a mudar radicalmente » porque os independentistas estão a « abandonar » Grozni.
· Dois navios, com pavilhões de Malta e Hong Kong, naufragam ao largo do porto romeno de Constança, provocando o desaparecimento de pelo menos 50 pessoas.
· O toureiro Pedrito de Portugal é designado o vencedor do « Senhor dos Cristais », o troféu oficial da Feira de Cali, na Colômbia.
Quinta, 5
· O primeiro-ministro, em carta enviada a Barbosa de Melo, pede aos líderes dos grupos parlamentares « uma reflexão por parte dos representantes do povo sobre a dimensão e amplitude da esfera de privacidade dos familiares ». Tudo por causa de uma investigação do « Expresso » sobre as obras na residência particular de Cavaco Silva.
· Pacheco Pereira inaugura os seus discursos como líder parlamentar do PSD minimizando as questões « internas » do partido e endurecendo os ataques ao Presidente da República.
· Os trabalhadores da vidreira Manuel Pereira Roldão marcham da <LOCAL_GeoNetPT02 f_id="173679" t_id="LOC:ADM">Marinha Grande</LOCAL_GeoNetPT02> até <LOCAL_GeoNetPT02 f_id="196518" t_id="LOC:ADM">Lisboa</LOCAL_GeoNetPT02>, onde se manifestam junto da residência oficial do primeiro-ministro.
· Tem início, em Roma, a 34ª Congregação Geral dos Jesuítas, para definir as novas orientações da Companhia.
· O coronel indonésio Laedan Simbolon, porta-voz militar para Timor-Leste, confirma a detenção de 20 timorenses, na sequência dos recentes distúrbios em Bacau.
Sexta, 6
· Morre, na África do Sul, aos 68 anos, o presidente do       Partido Comunista e dirigente do ANC, Joe Slovo.
· Angel Mou Pui Peng, cidadã portuguesa de etnia chinesa, 25 anos, é executada em Singapura, por tráfico de droga.
· Os trabalhadores da Manuel Pereira Roldão reúnem-se em plenário e aceitam a última proposta apresentada pela administração: reinício da laboração com todos os trabalhadores e pagamento dos salários em atraso.
· O PÚBLICO revela a acusação do  Ministério Público contra os 11 arguidos do processo relativo à contaminação de hemofílicos com o vírus da sida: estavam todos « absolutamente conscientes » do risco que iam fazer correr, previram a propagação da doença e « conformaram-se com tudo isso » ...
· ... Leonor Beleza, ex-ministra da Saúde, em entrevista ao Jornal da Noite da SIC, reage à acusações que lhe são feitas afirmando que « não há nenhuma prova de que o Factor VIII do lote nº 810536 estava infectado » com o vírus da sida.
 Sábado,7
· Costa Lima, presidente da Comissão de Mercado de Valores Mobiliários, afirma, em declarações ao jornal « Expresso », que « não se encontram reunidos os pressupostos que habilitem a  CMVM a conceder uma dispensa de oferta pública de aquisição » na compra de 50 por cento do Banco Totta &amp; Açores por António Champalimaud.
· É feita a escritura pública da Rede Portuguesa de Educação Ambiental, estrutura que comporta as principais associações ambientalistas portuguesas, com a presença do secretário de Estado do Ambiente, Poças Martins.
· O PÚBLICO revela que a EDP está a estudar cenários alternativos para a localização da  Barragem de Foz Côa, de modo a preservar o santuário rupestre descoberto na área onde estava prevista a implantação da obra.
· Reunião, na <LOCAL_GeoNetPT02 f_id="162989" t_id="LOC:ADM">Batalha</LOCAL_GeoNetPT02> e em <LOCAL_GeoNetPT02 f_id="27936" t_id="LOC:ADM">São João da Madeira</LOCAL_GeoNetPT02>, das Convenções Distritais de Leiria e Aveiro do CDS-PP.
· A Juventude Comunista Portuguesa reúne-se em <LOCAL_GeoNetPT02 f_id="196518" t_id="LOC:ADM">Lisboa</LOCAL_GeoNetPT02>, para analisar a situação política actual.</text>
</root>
