<?xml version="1.0" encoding="utf-8"?>
<root>
  <title>PUBLICO-19950106-094</title>
  <text>Em carta à AR insurgindo-se contra investigações às obras da sua residência particular Cavaco exige direito à privacidade
Áurea Sampaio
O primeiro-ministro acha que « alguns » jornalistas estão a ultrapassar os limites da fiscalização devida aos agentes políticos visto que a sua curiosidade já chega « à esfera de privacidade » dos próprios familiares.
Por isso escreveu a Barbosa de Melo pedindo-lhe para suscitar uma « reflexão » na Assembleia.
Tudo partiu de uma investigação do « Expresso » sobre as obras na residência particular de Cavaco.
Cavaco Silva aproveitou uma investigação do « Expresso » sobre as obras que estão a decorrer na sua residência particular, situada na <LOCAL_GeoNetPT02 f_id="203184" t_id="RUA:ADM">Rua do Possolo</LOCAL_GeoNetPT02>, em <LOCAL_GeoNetPT02 f_id="196518" t_id="LOC:ADM">Lisboa</LOCAL_GeoNetPT02>, para pedir aos líderes dos grupos parlamentares « uma reflexão por parte dos representantes do povo sobre a dimensão e amplitude da esfera de privacidade dos familiares dos agentes políticos ».
Fê-lo através de uma carta enviada ao presidente da Assembleia da República que fez acompanhar de um conjunto de cinco documentos que mais não são do que abundante troca de correspondência entre S. Bento e o semanário dirigido pelo arquitecto José António Saraiva.
O primeiro-ministro contesta « situações intoleráveis » criadas à sua mulher e às pessoas que acederam a prestar-lhe serviços e a fornecer bens, as quais, considera, « constituem em si mesmo violações de direitos fundamentais ».
Partindo de factos relacionados com a sua vida pessoal - o que é inédito -, o chefe do Governo reivindica o « direito à reserva de um espaço de existência próprio » por parte dos familiares dos políticos, contrariando uma « nova cultura de actuação de alguns elementos da comunicação social » que se abstém de qualificar, mas cuja ideia perpassa em toda a carta.
Cavaco entende que há uma perseguição deliberada à sua pessoa, a qual ultrapassa os limites da fiscalização a que está exposto um titular de um cargo público com a sua notoriedade.
A origem deste caso conta-se em poucas palavras.
Desde 1993 que o casal Cavaco Silva decidiu fazer obras na residência de três quartos e sala que desde há 27 anos ocupa na zona lisboeta de <LOCAL_GeoNetPT02 f_id="200125" t_id="ZON:ADM">Campo de Ourique</LOCAL_GeoNetPT02>.
Como a sala é exígua e a cozinha também, encontraram forma de aumentar essas dependências aproveitando o quarto da filha Patrícia, que entretanto casou, e fazendo uma ligação a um espaço contíguo à cozinha.
A remodelação incluiria ainda as casas de banho e o fecho de uma varanda.
Feito o projecto por parte de um arquitecto da família e entregue o licenciamento da obra à câmara, o cidadão Cavaco Silva esperou quatro meses até obter a aprovação da obra.
Um « comportamento exemplar » quando comparado com o de outros membros do Governo que não resistem ao telefonemazinho, segundo uma fonte da câmara disse ao « Independente », que há dois anos fez um trabalho sobre o assunto.
Quase dois anos depois, quando tudo parece concluído, ao « Expresso » chega uma denúncia que « suscita dúvidas sobre o pagamento das obras », segundo disse ao PÚBLICO o jornalista Joaquim Vieira, coordenador da investigação entretanto iniciada.
« Como nada se apurou, nada foi publicado », acrescenta o jornalista.
Foi também este o aspecto mais empolado pelo director do semanário, vincando assim « o comportamento responsável » do seu jornal ao longo do processo e mostrando alguma perplexidade ante a iniciativa do primeiro-ministro tornar público o assunto.
Ao ser por nós confrontado com a carta que Cavaco Silva enviou a Barbosa de Melo, José António Saraiva considerou que a questão estava a ser « colocada ao contrário ».
« O grave disto tudo não é a investigação, mas a publicação de notícias que não foram cabalmente investigadas ».
Foi justamente ao director do « Expresso » a quem o chefe do Governo inicialmente se dirigiu ao tomar conhecimento de « alguns factos insólitos » suscitados pelo decorrer da pesquisa.
De entre eles destaque-se o que dá um jornalista do semanário a fazer-se passar por agente da Judiciária para obter dados junto de um pedreiro da obra.
Saraiva não respondeu a Cavaco.
Por entender e missiva « mais como um apelo entre duas pessoas que se respeitam mutuamente do que como correspondência entre o primeiro-ministro e o director de um jornal ».
Procurou antes apurar os factos citados na carta, sobretudo o que se refere ao jornalista transformado em agente da       PJ.
« O que é falso », segundo concluiu.
Quem respondeu a Cavaco foi Joaquim Vieira, uma curta folha de dez linhas a pedir informação sobre « o valor global pago » pelas obras.
Seguiu-se uma mais curta carta de Fernando Lima ( assessor de imprensa ) em nome da mulher do primeiro-ministro e mais outra ( longa ) de Vieira ao chefe do Governo e uma última de Lima  em nome de Maria.
Um crescendo de azedume.
O que se seguirá?</text>
</root>
