<?xml version="1.0" encoding="utf-8"?>
<root>
  <title>PUBLICO-19940402-048</title>
  <text>
Inundações voltam à Costa Nova O mar voltou, nos dois últimos dias, a rondar as habitações da Costa Nova, no concelho de <LOCAL_GeoNetPT02 f_id="347" t_id="CON:ADM">Ílhavo</LOCAL_GeoNetPT02> ( <LOCAL_GeoNetPT02 f_id="3944" t_id="DST:ADM">Aveiro</LOCAL_GeoNetPT02> ) provocando estragos avultados nos terrenos de cultivo situados numa estreita faixa de terra a sul desta povoação.
As marés vivas do último fim-de-semana do passado mês de Fevereiro tinham já ameaçado os moradores, que se mostram cada vez mais receosos por verem o mar ultrapassar facilmente as barreiras artificiais colocadas na praia.
Entre as 18h00de quinta-feira e o início da tarde de ontem, os bombeiros de <LOCAL_GeoNetPT02 f_id="347" t_id="CON:ADM">Ílhavo</LOCAL_GeoNetPT02> mantiveram-se de prevenção, temendo a entrada de água nas casas no <LOCAL_GeoNetPT02 f_id="14934" t_id="BAI:ADM">Bairro dos Pescadores</LOCAL_GeoNetPT02>, a sul da povoação.
A autarquia fez deslocar três máquinas para o local, por meio das quais se procedeu à reposição do cordão dunar anteriormente arrastado pelas marés, junto à estrada intermunicipal entre a Costa Nova e a Vagueira.
Apesar das obras efectuadas no final de Fevereiro, que permitiram desviar a água do mar para a ria através de condutas subterrâneas, permanecem os riscos de inundação.
Na madrugada de ontem, nem os esporões instalados ao longo da praia foram suficientes para impedir a entrada do mar em cerca de 900 metros de terra firme.
</text>
</root>
