<?xml version="1.0" encoding="utf-8"?>
<root>
  <title>PUBLICO-19940418-043</title>
  <text>Fotonovela hiper-realista da mais curta via eleitoral
A autoestrada que não o é
Texto: Ana Sousa Dias 
Fotos: Luísa Ferreira 
Estava-se em 1991, à beira de eleições legislativas, quando a Autoestrada da <LOCAL_GeoNetPT02 f_id="220256" t_id="LOC:ADM">Malveira</LOCAL_GeoNetPT02> foi inaugurada.
Com um percurso recheado de curvas, a nova via vem evitar a sinuosíssima e enjoativa estrada velha.
Dias depois, pedras desobedientes rolaram e invadiram as faixas.
Vieram chuvas e a lama provocou derrapagens e piões.
À saída para a <LOCAL_GeoNetPT02 f_id="220256" t_id="LOC:ADM">Malveira</LOCAL_GeoNetPT02>, uma ponte teimosa foi aluindo repetidamente, e ainda hoje ostenta um alcatrão bem mais negro e fresco do que o resto da obra.
Em Fevereiro passado, tudo se complicou.
Os automobilistas começaram a ver reduzidas as faixas de rodagem em dois pontos da « Autoestrada », principalmente sobre um viaduto -- uma « obra de arte », como lhe chamam os engenheiros -- que perigosa e progressivamente ia descambando.
São apenas 10 quilómetros, mas à saída como à chegada lá está, incontornável, a portagem, onde um ligeiro paga 110 e uma carrinha paga 190.
Para camiões, o preço varia entre os 240 e os 270, conforme a dimensão.
O pagamento não foi interrompido apesar de as obras tornarem este troço uma caricatura de autoestrada.
Inquirido o Gabinete de Imprensa da Brisa, que explora a « autoestrada » e cobra as portagens, fica-se a saber que de duas obras distintas se trata, a da ligação à CREL ( a terminar dentro de seis meses ) e a de « beneficiação da via » ( a terminar em Maio ).
Mas para pormenores técnicos, é preciso falar com a  Junta Autónoma de Estradas, que construiu a obra e se ocupa dos « benefícios ».
Os porta-vozes da JAE, porém, foram ao norte, inaugurar uma ponte.
O PÚBLICO proporciona hoje aos leitores uma simples fotonovela realizada no passado dia 13, com um percurso de ida e volta sobre esta fantástica via eleitoral.
Legendas: 1 ) Paga a portagem, o automobilista depara com os sinais de limites de velocidade: não ultrapassar os 60 quilómetros / hora!
2 ) Metros à frente, deixemo-se de luxos e passemos para uma faixa ...
Aproxima-se a obra do nó da CREL.
3 ) Passada a obra da CREL, há uns quilómetros em que a autoestrada parece que existe mesmo mas, atenção, já chegámos à obra seguinte.
Desde a portagem, andámos sete quilómetros.
4 ) Cuidado, que estamos mesmo na fase pior, onde o viaduto ia caindo para o vale.
O trânsito só ocupa uma faixa, onde se circula nos dois sentidos.
5 ) Já estamos de regresso, depois de uma volta até à saída para <LOCAL_GeoNetPT02 f_id="221366" t_id="LOC:ADM">Venda do Pinheiro</LOCAL_GeoNetPT02> e <LOCAL_GeoNetPT02 f_id="220987" t_id="LOC:ADM">Roussada</LOCAL_GeoNetPT02>, fora da « autoestrada ».
Lá vamos nós de novo para a zona onde só há uma faixa para os dois sentidos.
 6 ) Fim dos trabalhos.
Obrigado,      Boa Viagem e desculpe qualquer coisinha.
Não tem nada que agradecer, o prazer foi todo nosso.
Atenção: preparar os trocos para a merecida portagem.</text>
</root>
