<?xml version="1.0" encoding="utf-8"?>
<root>
  <title>PUBLICO-19940401-096</title>
  <text>
Em causa programa de realojamento e verbas comunitárias
Junta Metropolitana descontente com Governo
Os autarcas da Área Metropolitana de <LOCAL_GeoNetPT02 f_id="145" t_id="NT2:ADM">Lisboa</LOCAL_GeoNetPT02> estão descontentes com os ministros do Planeamento, Valente de Oliveira, e das Obras Públicas, Ferreira do Amaral.
Apesar da moderação nas críticas, a Junta Metropolitana decidiu solicitar audiências aos dois ministros, por causa dos « trocos » do Quadro Comunitário de Apoio ( QCA ) e do « presente envenenado » em que os autarcas não querem que se transforme o programa de erradicação de barracas.
A Junta Metropolitana de <LOCAL_GeoNetPT02 f_id="145" t_id="NT2:ADM">Lisboa</LOCAL_GeoNetPT02> reuniu ontem em <LOCAL_GeoNetPT02 f_id="227771" t_id="LOC:ADM">Oeiras</LOCAL_GeoNetPT02>.
Um dos assuntos em cima da mesa foi a análise do novo QCA, que, nas palavras do vice-presidente José Luís Pereira, apresenta « situações um pouco nebulosas ».
Principalmente porque as verbas disponíveis para as autarquias, na opinião do autarca da <LOCAL_GeoNetPT02 f_id="175" t_id="CON:ADM">Moita</LOCAL_GeoNetPT02>, « são trocos ».
Daí que a junta vá pedir uma reunião a Valente de Oliveira para « quantificar os diversos fundos », ver « como se podem encaixar as propostas das autarquias » e a possibilidade de estas poderem concorrer a « outros fundos ».
No campo do Programa Especial de Realojamento ( PER ), Luís Pereira sublinhou que, apesar de se tratar de uma responsabilidade do Governo, as autarquias estão dispostas a colaborar.
Mas « as verbas são insuficientes », disse.
Isaltino de Morais, também vice-presidente da junta, especificou que irão « levar ao ministro das Obras Públicas uma proposta para que os acordos de adesão [ ao programa de erradicação de barracas ] façam cessar os acordos de colaboração » na construção de habitação social firmados pelos municípios, porque, apesar das críticas, « as condições de financiamento do PER são mais favoráveis ».
E o autarca avançou números: as taxas de juro nos acordos de colaboração são da ordem dos dez por cento, e no PER atingem quatro por cento.
Mas as críticas não se ficaram por aqui.
Isaltino de Morais está em sintonia com os seus pares na junta ao considerar que o custo máximo dos fogos fixado por portaria governamental « está muito distanciado do valor real desses fogos no mercado », e defendeu « uma maior distribuição dos custos pelo Governo e pelos municípios ».
Com o aumento dos valores fixados, os municípios veriam subir a comparticipação estatal, uma vez que o programa apenas financia a fundo perdido metade de 80 por cento do custo dos fogos.
Que, se continuar a ser calculado por baixo, deixará para as autarquias a maior parte da factura.
« Nem sequer nos passa pela cabeça que isto seja um presente envenenado, porque se não haverá consenso em denunciar isso », alertou José Luís Pereira, sobre os resultados que a junta espera obter do « diálogo » a promover com Ferreira do Amaral para evitar que o PER possa ficar comprometido.
 Luís Filipe Sebastião
</text>
</root>
