<?xml version="1.0" encoding="utf-8"?>
<root>
  <title>PUBLICO-19940402-085</title>
  <text>
Equipa da Bandeira Azul apresenta relatório sobre o estado do litoral O mar, o céu azul e o esgoto Ana Fernandes Durante o Verão, a população dos concelhos portugueses com praias explode e atinge quase os três milhões.
Um estudo a que o PÚBLICO teve acesso revela que apenas um quarto destas pessoas são servidas por estações de tratamento de águas residuais e que só três quartos têm água potável.
E a pior situação é a que se vive na região de <LOCAL_GeoNetPT02 f_id="145" t_id="NT2:ADM">Lisboa</LOCAL_GeoNetPT02>.
A Região de Lisboa e Vale do Tejo tem as piores condições de qualidade das águas balneares em comparação com o resto do continente e ilhas.
Os esgotos são uma das principais razões desta poluição, uma vez que 19 por cento das águas residuais desaguam no mar continental, enquanto o restante vai para os rios.
Este é um dos resultados do estudo efectuado pela equipa da Bandeira Azul sobre o litoral português.
A Associação Bandeira Azul da Europa é representada em <LOCAL_GeoNetPT02 f_id="418745" t_id="PAI:ADM">Portugal</LOCAL_GeoNetPT02> pela secção portuguesa da Federação Europeia para a Educação Ambiental e tem o apoio técnico e logístico da Direcção-Geral do Ambiente.
Entregue na quarta-feira no gabinete da ministra do Ambiente, Teresa Gouveia, o relatório sobre as praias com bandeira azul foi feito com base em fichas distribuídas aos 43 municípios que em 1993 se candidataram a este galardão europeu.
As fichas contêm informações sobre saneamento básico, abastecimento de água, tratamento de águas residuais, resíduos sólidos, acesso ao areal e equipamento de praia, e os dados obtidos dizem respeito a 1992.
Assim, fica a saber-se que, na época alta, a população destes 43 concelhos com praia subiu, nesse ano, de 1.614.102 habitantes para 2.726.190, sendo este aumento, como é previsível, mais acentuado no <LOCAL_GeoNetPT02 f_id="418729" t_id="PRO:ADM">Algarve</LOCAL_GeoNetPT02>.
Entre estes quase três milhões de pessoas, apenas 78 por cento ( pouco mais de dois milhões ) têm água potável -- a pior situação verifica-se em <LOCAL_GeoNetPT02 f_id="29482" t_id="LOC:ADM">Vagos</LOCAL_GeoNetPT02> e <LOCAL_GeoNetPT02 f_id="370027" t_id="LOC:ADM">Sesimbra</LOCAL_GeoNetPT02> -- e só um quarto desta população é servida por estações de tratamento de águas residuais.
Quanto às águas de abastecimento público, 14 por cento não têm qualquer tipo de tratamento, 56 por cento passam por sistemas de desinfecção e apenas 30 por cento são desinfectadas e sofrem um tratamento físico-químico.
Os concelhos não sujeitos a qualquer tipo de tratamento localizam-se nas regiões autónomas.
O estudo refere também que « existe grande carência a nível do saneamento, com particular ênfase no tratamento das águas residuais urbanas nos concelhos de litoral ».
De facto, apenas 25 por cento passam por estações de tratamento e 64 por cento são drenados.
Depois é só despejar no mar e nos rios, um problema que no litoral é mais grave porque « o tempo de retenção das partículas é pequeno, não existindo total degradação da matéria descarregada », afirma Margarida Faria da Costa, autora do estudo.
« Pelo que é lançada no mar matéria não estabilizada .»
No que respeita aos resíduos sólidos, 30 dos 43 municípios fazem recolha selectiva, sobretudo em relação ao vidro.
No entanto, apenas dois tratam o lixo com vista à produção de composto orgânico para adubo.
O destino final dos restantes é o aterro sanitário para 17, o aterro comunitário para quatro e as lixeiras para 20.
Resumindo e concluindo, mais de metade dos municípios com bandeira azul em 1993 não têm destino final adequado para o lixo urbano.
Estes dados relativos ao saneamento básico são tanto mais preocupantes quanto se referem não a todo o país, mas apenas aos municípios que se candidataram à Bandeira Azul -- que deverão ser, em princípio, os que apresentam melhores condições do ponto de vista ambiental.
 Bandeiras e educação ambiental Em relação à qualidade das águas balneares, o número de praias classificadas com « boa qualidade » tem vindo a crescer nos últimos quatro anos.
No entanto, a autora do estudo ressalva que « esta melhoria pode atribuir-se, por um lado, a uma distorção da informação coligida -- pois nos últimos dois anos não foram feitas análises às praias da costa do <LOCAL_GeoNetPT02 f_id="192072" t_id="LOC:ADM">Estoril</LOCAL_GeoNetPT02> e, em contrapartida, intensificou-se o programa de análises no <LOCAL_GeoNetPT02 f_id="418729" t_id="PRO:ADM">Algarve</LOCAL_GeoNetPT02> -- e, por outro lado, à melhoria real da qualidade da água em algumas praias ».
O ano de 1989 foi aquele em que <LOCAL_GeoNetPT02 f_id="418745" t_id="PAI:ADM">Portugal</LOCAL_GeoNetPT02> teve o maior número de praias com bandeira azul ( 107 ).
Em contrapartida, em 1992, apenas 50 praias foram distinguidas por este certificado de qualidade do ambiente por não terem sido efectuadas análises às águas do <LOCAL_GeoNetPT02 f_id="418729" t_id="PRO:ADM">Algarve</LOCAL_GeoNetPT02> e da Madeira.
No ano passado, voltou a ultrapassar-se a barreira das 100 praias.
Em 900 quilómetros de orla costeira, metade são praias, mas apenas 70 quilómetros têm bandeira azul.
 <LOCAL_GeoNetPT02 f_id="177175" t_id="LOC:ADM">Peniche</LOCAL_GeoNetPT02> é o concelho com maior extensão de praias.
Das 103 praias com bandeira azul, 96 não têm obstáculos ao seu acesso.
Às restantes só se pode aceder de comboio, barco ou ponte.
Um dos requisitos obrigatórios para que uma praia tenha bandeira azul é a realização de pelo menos cinco actividades de educação ambiental.
O alerta para a defesa do ambiente é, precisamente, um dos objectivos mais importantes de toda a campanha da Bandeira Azul.
Esta iniciativa teve a sua origem na campanha « Le pavillon bleu des mers propres », lançada em Françano ano de 1985 por iniciativa da secção francesa da Federação Europeia para a Educação Ambiental ( FEEE ).
« Após dois anos de experiência positiva, a FEEE, com o apoio da Comissão das Comunidades Europeias, decidiu, em 1987, alargá-la aos restantes países da Comunidade », explica Margarida Faria da Costa.
Segundo a autora, a bandeira é atribuída às praias que respeitem os critérios de qualidade das águas e de informação e sensibilização dos utentes, aos barcos de recreio que se comprometem a respeitar o ambiente marinho e costeiro e às marinas que respeitem os critérios de gestão da qualidade do ambiente, de segurança dos utentes e de educação ambiental.
</text>
</root>
