<?xml version="1.0" encoding="utf-8"?>
<root>
  <title>PUBLICO-19940402-096</title>
  <text>
Ernesto, o rei das ferramentas Ernesto Matias, 86 anos, leva-nos ao seu armazém de ferramentas.
« Estas pás vão para <LOCAL_GeoNetPT02 f_id="196518" t_id="LOC:ADM">Lisboa</LOCAL_GeoNetPT02> para abrir valas .»
Depois, pega em cabos de enxada.
« Temos de todos os tipos .»
Indiferente ao patrão, um dos seus cem operários coloca cabos de madeira em foices.
« Percorri o país e as ilhas para saber o tipo de alfaias utilizado nas várias regiões.
Agora, sou eu que forneço tudo para a Madeira e para os Açores.»
Ao fim de dezenas de anos de trabalho e de protagonismo na industrialização de <LOCAL_GeoNetPT02 f_id="404887" t_id="LOC:ADM">Mangualde</LOCAL_GeoNetPT02>, Ernesto Matias é uma memória viva dos últimos 70 anos na cidade.
No gabinete austero, anexo à fundição, onde ainda permanece todos os dias, pode ver-se um grande cartaz dos Direitos do Homem.
Noutra parede, está pendurada uma foto de Ernesto Matias com Ramalho Eanes.
« O presidente da  Câmara resolveu meter-se também na fotografia », comenta bem-disposto.
Vêem-se recortes de jornais regionais que falam da vida e obra de Ernesto Matias.
Num mostruário, deparamos com uma velha foto onde as linhas do modesto casaco foram reforçadas a caneta.
« Este sou eu quando eu cheguei a <LOCAL_GeoNetPT02 f_id="404887" t_id="LOC:ADM">Mangualde</LOCAL_GeoNetPT02> .»
Desde 1900 que José, o pai de Ernesto Matias, descia lá da <LOCAL_GeoNetPT02 f_id="1524" t_id="FRG:ADM"> freguesia serrana de São Miguel do Jarmelo</LOCAL_GeoNetPT02>, para vir vender as suas ferramentas à Feira de <LOCAL_GeoNetPT02 f_id="404887" t_id="LOC:ADM">Mangualde</LOCAL_GeoNetPT02>.
 Ernesto, que até aos 18 anos vivera com uns tios abastados, proprietários agrícolas, decidiu passar a acompanhá-lo.
O ferro e o aço vinham da Suécia e chegavam a Jarmelo em carros de bois desde a Estação de caminhos-de-ferro da <LOCAL_GeoNetPT02 f_id="135271" t_id="LOC:ADM">Guarda</LOCAL_GeoNetPT02>.
As ferramentas fabricadas por José Matias eram transportadas no dorso de muares até à Estação da <LOCAL_GeoNetPT02 f_id="135271" t_id="LOC:ADM">Guarda</LOCAL_GeoNetPT02> e daí debaixo dos bancos das carruagens do comboio até à Estação de <LOCAL_GeoNetPT02 f_id="404887" t_id="LOC:ADM">Mangualde</LOCAL_GeoNetPT02>.
Depois, seguiam numa carroça até casa de uma pessoa conhecida e, no dia seguinte, eram levadas às costas até à feira.
Em 1929, Ernesto tentou reunir os 85 ferreiros da região de <LOCAL_GeoNetPT02 f_id="1524" t_id="FRG:ADM">Jarmelo</LOCAL_GeoNetPT02>, para criarem uma cooperativa de produção.
Os membros de uma comissão eleita esqueceram-se de comparecer logo à primeira reunião.
Desiludido com os conterrâneos, Ernesto decidiu instalar-se em <LOCAL_GeoNetPT02 f_id="404887" t_id="LOC:ADM">Mangualde</LOCAL_GeoNetPT02> com uma oficina de ferramentas.
Para tal, contratou Belarmino, um jovem lá da terra, por oito meses a 250 escudos, com direito a cama, mesa e roupa lavada.
Entre outras funções, Belarmino ficou encarregue de acordar o patrão todos os dias às quatro da manhã.
Ao fim de oito meses, tinham apurado a fabulosa quantia de 12 contos, que Ernesto aproveitou para viajar e conhecer o mercado.
Em novo, Ernesto era um poço de energia.
Foi graças à sua iniciativa que Jarmelo conseguiu ter uma estrada, em 1928.
Para tal, conseguiu arranjar trabalhadores que se dispusessem a trabalhar sem salário, apenas com pão e vinho que ele conseguiu que a Junta de Freguesia oferecesse e com pólvora, rastilho e ferramentas oferecidas pela Câmara Municipal da <LOCAL_GeoNetPT02 f_id="132" t_id="CON:ADM">Guarda</LOCAL_GeoNetPT02>.
Nessa altura, apesar de ter apenas a quarta classe, Ernesto era já um autodidacta.
Embora em casa do seu padrinho só tivesse tido acesso ao livro « O mestre da vida que ajuda a bem viver e bem morrer », mais tarde aventurou-se pela biblioteca do pároco da aldeia, onde leu histórias universais, romances, obras religiosas, filosóficas e políticas.
Perante tanta incerteza, decidiu « acreditar em Deus e na imortalidade da alma ».
Em 1933, tinha a oficina já dez operários, o seu nome apareceu numa lista de 250 pessoas que a polícia política apanhou à célula do Partido Comunista de <LOCAL_GeoNetPT02 f_id="404887" t_id="LOC:ADM">Mangualde</LOCAL_GeoNetPT02>.
Até então, a única referência política de Ernesto era uma pequena canção que aprendera na aldeia:
« João Franco, João Franco / Isto assim não vai bem / Caixas de fósforos a dez réis / E oito cigarros um vintém ?»
A canção demonstrava o desagrado do povo quando em 1908, ao subir ao poder, João Franco aumentara os preços de vários artigos.
Pouco valeu a ingenuidade a Ernesto.
Ficou preso em <LOCAL_GeoNetPT02 f_id="414911" t_id="LOC:ADM">Viseu</LOCAL_GeoNetPT02>durante nove meses.
Foi necessário a sua jovem esposa ter ido falar com uma irmã de  Salazar, para que, ao fim desse tempo, aparecesse na prisão o Tribunal Militar Especial para iniciar os interrogatórios.
No dia em que lhe levantaram o processo, o juiz olhou para Ernesto e perguntou-lhe:
« Matias, está acusado de fazer parte dum grupo revolucionário.
Qual era o vosso projecto ?»
 Ernesto respondeu em tom de gozo:
« Era instalar o governo da nação em <LOCAL_GeoNetPT02 f_id="404887" t_id="LOC:ADM">Mangualde</LOCAL_GeoNetPT02> ...»
O juiz disse-lhe que falasse a sério.
« Antes de estar preso, estava-me borrifando para os políticos todos.
Agora se pudesse matava-os a todos.
São todos uns bandidos !»
, respondeu.
O juiz sorriu e mandou-o embora.
 Ernesto insistiu em ficar na sala.
« Ou me levam a responder ou me pagam o tempo que estive aqui na cadeia .»
Os membros do júri foram falando com ele, enquanto o iam encaminhando para a porta.
Ao chegarem junto dela, puseram-no na rua e fecharam a porta por dentro.
 Ernesto, farto de injustiças, decidiu emigrar.
Então o presidente da  Câmara chamou-o:
« Ernesto, você promete-me que não deita bombas nem mata ninguém.
Pode dizer o que quiser sobre  Salazar ou sobre mim.
A  Câmara há-de apoiá-lo onde quiser .»
« Que apoio é que me dão ?»
, perguntou Ernesto.
« Peça o que quiser, só tem de comprar 120 metros quadrados para fazer uma casa .»
E ele pediu:
« Quero uma rua aberta para a minha oficina e os terrenos que estão à volta .»
Uma parte dos terrenos pertenciam ao conde de <LOCAL_GeoNetPT02 f_id="404887" t_id="LOC:ADM">Mangualde</LOCAL_GeoNetPT02>.
O conde foi lá ver a propriedade:
« Eh pá, isso é muito terreno ...»
 Ernesto fez-lhe uma oferta: « Dou-lhe dois contos pelo terreno ».
Foi aceite.
Ernesto Matias percorreu o país nos anos 40 estudando todos os modelos e qualidades de ferramentas que se usavam em todas as regiões.
Depois, em 1948, exigiu à  Câmara a electrificação da zona da fábrica e começou a instalar as primeiras máquinas.
Durante o salazarismo, Ernesto Matias apoiou Humberto Delgado.
« Uma vez, vieram 18 agricultores a <LOCAL_GeoNetPT02 f_id="404887" t_id="LOC:ADM">Mangualde</LOCAL_GeoNetPT02> já com as listas do  Salazar na mão.
Eu arranjei-lhes 18 listas do Humberto Delgado e eles lá foram votar todos contentes .»
Nos anos 60, a empresa Ernesto Matias prosperava: mais máquinas, mais pavilhões, mais empregados.
Foi então que se começou a falar numa fábrica de automóveis em <LOCAL_GeoNetPT02 f_id="404887" t_id="LOC:ADM">Mangualde</LOCAL_GeoNetPT02>.
« Vieram aqui franceses e portugueses a falar-me na montagem de uma fábrica de automóveis.
Um dia, num jantar em minha casa, o presidente da  Câmara diz-me que ia tudo por água abaixo, porque faltavam dois mil contos.
Eu lá entrei com 500 contos, ele com outro tanto, depois apareceram outros interessados .»
Assim nasceu a Citroën.
Com o hotel da Senhora do  Castelo passou-se mais ou menos a mesma coisa.
« Um dia eu fui lá acima, ao monte da Senhora do  Castelo, num domingo de calor, deu-me a sede e não havia onde beber uma cerveja.
Pensei cá para comigo: « Vou arranjar um sócio ou dois e montar aqui um estaminé qualquer. »
» O terreno era da Misericórdia.
Foi falar com o provedor.
« O terreno está às ordens », disse-lhe o provedor, « mas eu quero ser dos primeiros sócios .»
 Ernesto escreveu um postal a todos os empresários de <LOCAL_GeoNetPT02 f_id="404887" t_id="LOC:ADM">Mangualde</LOCAL_GeoNetPT02>, convocando-os para uma reunião no salão do clube.
« Oh Matias », diziam-lhe alguns, « há cem anos que se fala nisso ...»
O certo é que se criou uma comissão e o hotel foi-se construindo.
Quando estavam nas terraplanagens, acabou-se o dinheiro.
Depois, contraíram uma dívida à Caixa Geral de Depósitos cujos juros não conseguiram pagar.
O hotel foi à praça duas vezes, mas ninguém o comprou.
Por fim, um retornado, José Martins, comprou a maioria do capital.
A seguir ao 25 de Abril, quando o MFA queria nomear uma comissão administrativa para a  Câmara de <LOCAL_GeoNetPT02 f_id="157" t_id="CON:ADM">Mangualde</LOCAL_GeoNetPT02>, foram falar com Ernesto Matias.
« Levei uma lista ao MFA.
Os nomes dessa lista é que foram para lá .»
Depois, convidaram-no para o  Partido Socialista.
« O quê?
Nacionalizar ?»
, comentou.
« Nem pensar.
Para mim, liberdade de iniciativa ...»
</text>
</root>
