<?xml version="1.0" encoding="utf-8"?>
<root>
  <title>PUBLICO-19940401-123</title>
  <text>
Yasmeen Ghauri no   CCB « What do you mean ?»
O grande auditório do  Centro Cultural de Belém abarrotava de gente na quarta-feira à noite para ver a « top-model » canadiana Yasmeen Ghauri desfilar com as colecções para o próximo Inverno dos criadores Nuno Gama, José António Tenente e Ana Salazar -- a convite da Academia Vidal Sassoon.
Quando Yasmeen entrava na passerelle as palmas faziam-se ouvir.
No fim, no cocktail de imprensa respondeu às perguntas dos jornalistas.
Vestida de preto, com uma longa saia até aos pés, tentava ser disponível e simpática.
« O que pensa das colecções que passou ?»
, « São muito interessantes », responde.
« São todos diferentes, mas são as únicas coisas portuguesas que eu vi.
A primeira era muito divertida [ Nuno Gama ], e a última muito « underground » [ Ana Salazar ] ».
Sabe que <LOCAL_GeoNetPT02 f_id="196518" t_id="LOC:ADM">Lisboa</LOCAL_GeoNetPT02> é este ano Capital Europeia da Cultura ?»
, pergunta outra jornalista.
« Não, não sabia ».
Às perguntas respondia muitas vezes com uma contra-pergunta:
« What do you mean ?»
.
Durante os ensaios que decorreram durante todo o dia pouco falou.
Mostrou-se preocupada com a luz, que não considerou boa.
Daqui a alguns anos gostava de voltar a estudar, « talvez à noite », disse.
Este desfile provou que há uma concepção muito definida em relação aos espectáculos de moda em <LOCAL_GeoNetPT02 f_id="418745" t_id="PAI:ADM">Portugal</LOCAL_GeoNetPT02>: têm de começar invariavelmente hora e meia ou duas horas depois do que está previsto ( este começou às 23h, estava marcado para as 21h30 ) e ter um convite não significa a certeza de entrar.
É preciso sofrer e transpirar antes de entrar, se entretanto não se desistiu já.
</text>
</root>
