<?xml version="1.0" encoding="utf-8"?>
<root>
  <title>PUBLICO-19940402-039</title>
  <text>
IPPAR interessado em Alpedrinha
O IPPAR, Instituto Português do Património Arquitectónico e Arqueológico, decidiu abrir o processo de classificação do conjunto arquitectónico do centro de <LOCAL_GeoNetPT02 f_id="83606" t_id="LOC:ADM">Alpedrinha</LOCAL_GeoNetPT02>, localidade da <LOCAL_GeoNetPT02 f_id="418738" t_id="PRO:ADM">Beira Baixa</LOCAL_GeoNetPT02> onde está prevista a passagem de um troço do Itinerário Principal ( IP ) 2.
O traçado previsto para o « túnel da <LOCAL_GeoNetPT02 f_id="56141" t_id="RGN:PHY">Gardunha</LOCAL_GeoNetPT02> », o troço em causa, passa dentro da área em vias de classificação.
A decisão de abrir o processo de defesa patrimonial foi tomada pelo presidente do  IPPAR em despacho do passado dia 22 de Março.
Esta posição é um primeiro resultado para as diligências que têm vindo a ser feitas pela CEDA ( Comissão de Estudo e Defesa de Alpedrinha ), em defesa de uma localidade com interesse arqueológico e contra o traçado projectado pela  Junta Autónoma de Estradas para aquela via.
</text>
</root>
