<?xml version="1.0" encoding="utf-8"?>
<root>
  <title>PUBLICO-19950106-063</title>
  <text>Primeira fase da despoluição do Ave com verbas garantidas
Milhões pelo rio acima
Com a recente aprovação, em Bruxelas, de mais duas candidaturas num valor total de 6,5 milhões de contos, a Associação de Municípios do Vale do <LOCAL_GeoNetPT02 f_id="44" t_id="NT3:ADM">Ave</LOCAL_GeoNetPT02> ( Amave ) viu garantidos, via Fundo de Coesão, os 13 milhões de contos necessários para as obras da primeira fase do Grande Sistema de Despoluição da Bacia do Ave.
Para concretizar ainda durante o ano em curso, esta fase dos trabalhos inclui, além dos interceptores ao longo do rio Ave, a construção de três estações de tratamento de águas residuais, já em marcha, em <LOCAL_GeoNetPT02 f_id="418419" t_id="FRG:ADM">Gondar</LOCAL_GeoNetPT02> ( <LOCAL_GeoNetPT02 f_id="133" t_id="CON:ADM">Guimarães</LOCAL_GeoNetPT02> ), Rabada ( <LOCAL_GeoNetPT02 f_id="271" t_id="CON:ADM">Santo Tirso</LOCAL_GeoNetPT02> ) e Agra ( <LOCAL_GeoNetPT02 f_id="329" t_id="CON:ADM">Vila Nova de Famalicão</LOCAL_GeoNetPT02>     ), e a instalação do respectivo equipamento.
Na semana passada, a Amave e os Ministérios do Planeamento e Administração do Território e do Ambiente e Recursos Naturais assinaram uma revisão do contrato-programa que definiu as condições de parte destas obras, cujo teor apenas reajustou o cronograma financeiro de um investimento inicial de 6,7 milhões de contos, e que já está a ser aplicado desde 1991.
Deste montante, « que está praticamente esgotado », segundo disse ao PÚBLICO Domingos Gonçalves, economista da Amave, a participação comunitária é de 4,7 milhões, a governamental de 1,5 milhões e a da administração local de 500 mil contos.
Entretanto, parte dos 6,5 milhões de contos agora aprovados em Bruxelas -- que possibilitam a conclusão das obras no segundo semestre deste ano --, destina-se ao financiamento de outras infra-estruturas ambientais da região, designadamente a ligação rodoviária de acesso à estação de tratamento de resíduos sólidos urbanos ( ETRSU ), pela via intermunicipal Joane - Vizela  -- obra já concluída em <LOCAL_GeoNetPT02 f_id="67470" t_id="LOC:ADM">Riba de Ave</LOCAL_GeoNetPT02> --, e a transformação da lixeira de <LOCAL_GeoNetPT02 f_id="3316" t_id="FRG:ADM">Covelas</LOCAL_GeoNetPT02> em aterro sanitário.
As obras de transformação desta lixeira municipal de <LOCAL_GeoNetPT02 f_id="271" t_id="CON:ADM">Santo Tirso</LOCAL_GeoNetPT02> custam 500 mil contos e arrancarão ainda este ano.
Ainda por definir estão a calendarização e as verbas destinadas à segunda fase do Grande Sistema de Despoluição da Bacia do Ave , obra que irá privilegiar rios afluentes como o Selho, Vizela , Pele e Pelhe.
Luís Paulo Rodrigues</text>
</root>
