<?xml version="1.0" encoding="utf-8"?>
<root>
  <title>PUBLICO-19950105-092</title>
  <text>« O homem não pode »
José Eduardo Moniz e Maria Elisa regressaram do <LOCAL_GeoNetPT02 f_id="143510" t_id="LOC:ADM">Funchal</LOCAL_GeoNetPT02>, depois de terem entrevistado Alberto João Jardim na Prova Oral, com uma consolação: não são cubanos, « porque têm a <LOCAL_GeoNetPT02 f_id="3953" t_id="ILH:ADM">Ilha da Madeira</LOCAL_GeoNetPT02> no coração ».
Poderá não ser muito consolador para quem teve poucas oportunidades de colocar perguntas inteiras, sobretudo na segunda parte do programa, mais dedicada à <LOCAL_GeoNetPT02 f_id="3953" t_id="ILH:ADM">Ilha da Madeira</LOCAL_GeoNetPT02> e à « tempestade » desencadeada por alegadas situações de compadrio e fraudes no sector da saúde denunciadas pelo ex-director regional da Saúde da região autónoma.
É que Alberto João Jardim tinha o dom de adivinhar as perguntas ( ou o desfecho das mesmas ), de lhes descodificar a intencionalidade subjacente e de prever as « rasteiras », para recorrer à sua terminologia.
Às vezes até terá acertado na adivinhação.
Outras, foi desconcertante.
Como quando interpelou Moniz:
« Não goze comigo, homem .»
Na ocasião -- falava-se de possibilidades de liderança num cenário pós-cavaquista --, José Eduardo Moniz não parecia estar a gozar ninguém nem a estender qualquer ratoeira para arrancar uma declaração comprometedora.
Apesar de tudo, e parecendo desnecessária a insistência dos entrevistadores em explicar ao entrevistado « quem é quem » numa entrevista ( mais basicamente, que a formulação de uma pergunta não constitui um exercício maquiavélico para apanhar o outro em falso ), a « prova oral » decorreu em bom ritmo e serviu a Jardim para expandir razoavelmente o seu peculiar sentido de humor.
Patente, por exemplo, na forma como explicou o alcance metafórico do qualificativo de « cubanos » com que presenteia certa classe política e comunicação social.
Ficou claro que só chama « cubanos » a uma parte restrita da população continental e que tem consciência de que aqueles ( mesmo que poucos ) a quem chama « cubanos » não o são de facto.
A brincar, o líder madeirense ia dizendo coisas sérias.
A primeira das quais é que se recusa a acreditar, nem mesmo lhe passa pela cabeça, que Cavaco Silva vá abandonar a política.
« Não acredito que o homem saia », adiantou, caracterizando um eventual abandono como « antipatriótico ».
Logo, « o homem não pode » fazer essa desfeita ...
É, pelo menos, uma posição assumida com clareza e a referência a Cavaco como « o homem » retira-lhe qualquer tom de subserviência.
Muito menos delicado é o tratamento dispensado por  Jardim à esquerda e aos socialistas em particular.
O líder madeirense avançou mesmo com um « slogan » para as legislativas:
«  PS igual a bacalhau a pataco ».
Em verdade, Cavaco Silva não tem pintado com cores nada alegres qualquer cenário de governação socialista, acena mesmo com as suas consequências « catastróficas ».
Apesar de tudo, caso « o homem » fique também à frente do     PSD, arriscamo-nos a vaticinar que não vai adoptar o « slogan » de  Jardim.
Ainda menos delicada ( mas agora para os seus conterrâneos e correligionários ) terá sido a forma como explicou não estar disposto ao confronto directo, em debates frente a frente, com os líderes da oposição regional:
« Tenho outros políticos no PSD-Madeira para se sentarem com esses senhores .»
Corrigiu o tiro ao especificar que esses « políticos » que « tem » são competentes, mas não deixou de dar a impressão de que se exprimiu com a infelicidade própria dos espíritos autoritários.
Até porque, ao fim e ao cabo, não estava a falar de « cubanos » ...
 João Queirós</text>
</root>
