<?xml version="1.0" encoding="utf-8"?>
<root>
  <title>PUBLICO-19940402-037</title>
  <text>
Vila Franca de Xira
Câmara embarga saibreiras clandestinas
A Câmara de <LOCAL_GeoNetPT02 f_id="325" t_id="CON:ADM">Vila Franca de Xira</LOCAL_GeoNetPT02> embargou no passado dia 22 uma saibreira que estava em exploração, sem licenciamento nem estudo de reflorestação, na encosta sobranceira às instalações da EPAL, em Castanheira do <LOCAL_GeoNetPT02 f_id="418731" t_id="PRO:ADM">Ribatejo</LOCAL_GeoNetPT02>.
« Sempre que detectamos explorações não autorizadas de saibro é aplicado, de imediato, o embargo.
 Aconteceu há cerca de dez dias na zona da <LOCAL_GeoNetPT02 f_id="247879" t_id="LOC:ADM">Loja Nova</LOCAL_GeoNetPT02> e, agora, na Castanheira.
A exploração só é autorizada mediante a apresentação e aprovação de um estudo que garanta a estabilidade e a segurança das encostas e a recuperação da paisagem florestal » disse ao PÚBLICO o vereador responsável pela gestão urbanística, Carlos Arrojado.
A existência de saibreiras clandestinas foi classificada de « crime ecológico » pelo socialista Simões Luis, na última reunião pública do executivo vilafranquense.
De acordo com este autarca, há encostas em Castanheira, outrora cobertas de arvoredo, que estão completamente esventradas e cortadas em ravinas de 40 a 50 metros de extensão.
« É que para além da destruição de todo este espaço verde, colocam-se problemas de arrastamento de terras para o sopé das encostas, que vêm obstruir as linhas de água, com os riscos que todos conhecemos », acrescentou o vereador socialista.
Apesar da intervenção camarária, há quem receie que, mesmo no caso das explorações autorizadas, seja a autarquia quem acabará por arcar com os custos da reflorestação das zonas em questão.
 Carlos Arrojado garante que não.
« São estabelecidas garantias de execução dos projectos de recuperação paisagística.
Se os proprietários não o fizerem, as garantias serão, certamente, accionadas », promete.
O eleito da  CDU admite que esta evolução para Norte das explorações ilegais de saibro tem uma relação directa com o andamento das obras de alargamento da auto-estrada, que necessitam deste material.
Não concorda, porém, que se diga que toda a encosta que separava Vila Franca de Castanheira está, hoje, praticamente, destruída.
« Não podemos ter visões apocalípticas das coisas.
A situação está controlada e pensamos que a recuperação será feita ».
Segundo o autarca verificaram-se crimes graves na zona, até que houve condições, no plano jurídico e legal, de intervenção da  Câmara.
A partir daí, acrescenta, a situação entrou num quadro de controlo.
« Continuamos é a apelar para que, em todas estas circunstâncias, cada um de nós seja defensor daquilo que é um bem para todos.
As informações que nos cheguem, de um actividade não legalizada, são sempre úteis para agirmos », conclui o vereador.
 Jorge Talixa
</text>
</root>
