<?xml version="1.0" encoding="utf-8"?>
<root>
  <title>PUBLICO-19950108-040</title>
  <text>
Cerca de duas centenas de desenhos de Modigliani, pertencentes ao espólio do seu amigo Paul Alexandre, estão pela primeira vez expostos em <LOCAL_GeoNetPT02 f_id="196518" t_id="LOC:ADM">Lisboa</LOCAL_GeoNetPT02>.
</text>
  <text>
Das 11h00às 20h00, na Galeria 1 da Culturgest, ao <LOCAL_GeoNetPT02 f_id="201163" t_id="RUA:ADM">Arco do Cego</LOCAL_GeoNetPT02> ( sede da CGD ).
</text>
  <text>
O ciclo Música nos Museus prossegue hoje, pelas 12h00, no Museu do Azulejo com um recital de piano por Savka Konjikusic.
Peças de Mozart, Beethoven e Scriabine.
</text>
  <text>
No Palácio da Ajuda - na Galeria de Pintura do Rei D. Luís -- pode ver, das 10h00 às 18h00, a exposição « A pintura em Portugal ao tempo de D. João VI ».
</text>
  <text>
No Coliseu dos Recreios, pelas 15h00, volta ao palco o « Quebra-Nozes ».
Coreografia de Armando Jorge num espectáculo na Companhia Nacional de Bailado e Instituto Português do Bailado e da Dança.
</text>
  <text>
A exposição « Monsanto-Escola da Natureza » está desde ontem no  Palácio do Beau Séjour, em <LOCAL_GeoNetPT02 f_id="196518" t_id="LOC:ADM">Lisboa</LOCAL_GeoNetPT02>.
</text>
  <text>
O Coral Alfonso XI de Alcalá la Real ( Espanha ) e o Coro de Lisboa do Grupo Desportivo e Cultural do BNU acompanham hoje a missa dominical do meio-dia na Igreja de S. João de Deus, à Praça de <LOCAL_GeoNetPT02 f_id="200327" t_id="PRA:ADM">Londres</LOCAL_GeoNetPT02>, em <LOCAL_GeoNetPT02 f_id="196518" t_id="LOC:ADM">Lisboa</LOCAL_GeoNetPT02>.
</text>
  <text>
No salão nobre do Hospital dos Capuchos , em <LOCAL_GeoNetPT02 f_id="196518" t_id="LOC:ADM">Lisboa</LOCAL_GeoNetPT02>, tem uma exposição sobre a história deste estabelecimento de saúde - denominada « Objectos da Memória ».
</text>
  <text>
Em <LOCAL_GeoNetPT02 f_id="246062" t_id="LOC:ADM">Alhandra</LOCAL_GeoNetPT02>, na Sociedade Euterpe Alhandrense, pelas 16h00, há um concerto de ano novo a cargo de bandas filarmónicas do concelho.
</text>
  <text>
Até dia 29 pode ver, na Galeria Municipal da <LOCAL_GeoNetPT02 f_id="182400" t_id="LOC:ADM">Amadora</LOCAL_GeoNetPT02>, trabalhos de cerâmica de Fernanda Páscoa.
</text>
  <text>
Se a música coral o atrai, mesmo que não saiba ler pautas, porque não participar no concerto que o Coral Sinfónico de <LOCAL_GeoNetPT02 f_id="418745" t_id="PAI:ADM">Portugal</LOCAL_GeoNetPT02> está a organizar para Abril -- a « Carmina Burana », de Carl Orff? O primeiro ensaio, aberto a todos, terá lugar hoje em Vishuddha , Verdelhas  ( <LOCAL_GeoNetPT02 f_id="342354" t_id="LOC:ADM">Torres Novas</LOCAL_GeoNetPT02> ).Pode lá ficar durante o fim-de-semana e aproveitar o sábado para um mini-curso de aulas de canto, a cargo de Lúcia Lemos.
Informações pelo telefone ( 049 ) 23467.
</text>
</root>
