<?xml version="1.0" encoding="utf-8"?>
<root>
  <title>PUBLICO-19950106-097</title>
  <text>Pinto da Costa  com o PS
O presidente do    F.C. Porto, Jorge Nuno Pinto da Costa, aceitou o convite do líder da federação portuense dos socialistas, Narciso Miranda, para participar em duas iniciativas do  PS.
Esta incursão nos terrenos políticos surge, segundo explicou Narciso Miranda, por haver uma « grande sintonia » entre ambos em três vertentes:
« Para além das questões do futebol, tanto Pinto da Costa  como eu consideramos que a regionalização é prioritária, consideramos também fulcral para o país derrotar o     PSD nas próximas eleições e afastar Cavaco Silva do Governo ».
Pinto da Costa  irá participar numa sessão sobre desporto no âmbito dos Estados Gerais e numa outra sobre regionalização.
O presidente do    F. C. Porto, recorde-se, também se terá já comprometido com o CDS / PP para participar na Convenção Popular do <LOCAL_GeoNetPT02 f_id="290154" t_id="LOC:ADM">Porto</LOCAL_GeoNetPT02>.
Gomes com Gaspar
Três listas vão disputar a Concelhia do Porto do PS, cujas eleições decorrem no próximo dia 21.
O presidente de « O Lar do Comércio », José Moura, foi o primeiro a entrar na corrida, contando com o apoio da secção de <LOCAL_GeoNetPT02 f_id="418643" t_id="FRG:ADM">Paranhos</LOCAL_GeoNetPT02>.
Ontem, o actual presidente da Concelhia e vereador da    Câmara do <LOCAL_GeoNetPT02 f_id="238" t_id="CON:ADM">Porto</LOCAL_GeoNetPT02>, Orlando Gaspar, anunciou a sua recandidatura.
O principal trunfo de Gaspar é o apoio de Fernando Gomes.
Hoje, será Luciano Vilhena Pereira a dizer aos socialistas portuenses que também podem contar com ele.
Nogueira de Brito  sem substituto
Apesar de manifestar a sua total sintonia com a direcção do    CDS-PP, Monteiro  de Castro, número dois da lista do CDS, não resolveu ainda sobre se vai ou não ocupar o cargo de deputado pelo círculo eleitoral de <LOCAL_GeoNetPT02 f_id="64" t_id="CON:ADM">Braga</LOCAL_GeoNetPT02>, em substituição de Nogueira de Brito .
Monteiro  de Castro atribui a demora da sua decisão à necessidade de previamente resolver « questões de natureza profissional e empresarial ».
Em <LOCAL_GeoNetPT02 f_id="64" t_id="CON:ADM">Braga</LOCAL_GeoNetPT02>, entretanto, a saída de Nogueira de Brito da Assembleia da República foi ontem considerada « tardia » pelo médico bracarense João Lopes, presidente da anterior distrital centrista.
A existência de « uma profunda incompatibilidade entre o CDS e o PP já devia ter sido compreendida há mais tempo », disse ao PÚBLICO João Lopes, que se afastou da actividade política em colisão com o projecto político de Manuel Monteiro.</text>
</root>
