<?xml version="1.0" encoding="utf-8"?>
<root>
  <title>PUBLICO-19940401-098</title>
  <text>
Jovens explicam novo esquema de circulação no <LOCAL_GeoNetPT02 f_id="200342" t_id="PRA:ADM">Marquês</LOCAL_GeoNetPT02>
Uns sinaleiros muito especiais
Nem são « dos apanhados », como já houve quem tivesse pensado, nem estão ali para irritar ninguém, apesar de a sua presença ter postos ontem os nervos em franja a alguns lisboetas.
As raparigas e rapazes de « t-shirt » branca e palavra « Metro » estampada ao peito que ontem podiam ver-se nas proximidades do <LOCAL_GeoNetPT02 f_id="200342" t_id="PRA:ADM">Marquês de Pombal</LOCAL_GeoNetPT02> afadigavam-se a explicar as alterações que as obras de expansão da transportadora implicam na circulação de peões.
Contratados a uma agência pelo Metropolitano de <LOCAL_GeoNetPT02 f_id="196518" t_id="LOC:ADM">Lisboa</LOCAL_GeoNetPT02>, os jovens tiveram ontem o primeiro dia a fazer de conta que são uma espécie de sinaleiros ou polícias de trânsito e a dizer a quem passa a pé que não pode entrar na <LOCAL_GeoNetPT02 f_id="197379" t_id="AVE:ADM">Fontes Pereira de Melo</LOCAL_GeoNetPT02> indo pelo <LOCAL_GeoNetPT02 f_id="200342" t_id="PRA:ADM">Marquês</LOCAL_GeoNetPT02> por causa das obras e que a alternativa é a <LOCAL_GeoNetPT02 f_id="201588" t_id="RUA:ADM">Rua Camilo Castelo Branco</LOCAL_GeoNetPT02>, do outro lado.
Quando os peões não têm a atitude compreensiva característica dos mais idosos, « que aceitam bem », e insistem em se aventurar por um estreito corredor destinado, em princípio, apenas a quem trabalha nas obras ou se dirige aos edifícios da zona, nada há a fazer.
Entre as 7h30 e as 19h30 -- em maior número ao princípio da manhã e ao fim da tarde --, à entrada do <LOCAL_GeoNetPT02 f_id="200035" t_id="PAR:ADM">Parque Eduardo VII</LOCAL_GeoNetPT02>, na <LOCAL_GeoNetPT02 f_id="197379" t_id="AVE:ADM">Fontes Pereira de Melo</LOCAL_GeoNetPT02> e na <LOCAL_GeoNetPT02 f_id="197288" t_id="AVE:ADM">Av. Duque de Loulé</LOCAL_GeoNetPT02>, os jovens distribuem panfletos em que se explica o esquema de circulação na zona e pedem para « não ir por ali », em nome da necessidade de melhorar os transportes na capital.
Ao longo do dia repetem um sem número de vezes que as coisas à volta da estação Rotunda voltaram a mudar por causa da instalação de um novo estaleiro que ocupará parte da faixa de rodagem da <LOCAL_GeoNetPT02 f_id="196984" t_id="AVE:ADM">Avenida da Liberdade</LOCAL_GeoNetPT02> e da <LOCAL_GeoNetPT02 f_id="197379" t_id="AVE:ADM">Fontes Pereira de Melo</LOCAL_GeoNetPT02> ( no sentido ascendente ) e em parte do passeio, junto ao edifício Galp.
As alterações impostas aos automobilistas já não estão a seu cargo destes sinaleiros improvisados e têm outra implicação: a obrigatoriedade de utilizar o corredor central daquelas duas avenidas, além de uma maior atenção porque de quinta-feira para ontem houve mudanças.
Os autocarros também deixaram de poder parar logo no início da <LOCAL_GeoNetPT02 f_id="197379" t_id="AVE:ADM">Fontes Pereira de Melo</LOCAL_GeoNetPT02> e passam a recolher passageiros junto ao imóvel da Europeia.
Os nomes e o quanto ganham é que ninguém quis dizer, porque « pode haver problemas » em isso vir no jornal.
Mas deve ser o suficiente para que tenham aceite ter passado o dia de ontem e toda a próxima semana -- de segunda a sexta-feira -- a explicar que não se pode ir por uma rua, que é preciso contornar pela outra e que vai ser assim nos próximos cinco meses.
O regresso à normalidade no <LOCAL_GeoNetPT02 f_id="200342" t_id="PRA:ADM">Marquês</LOCAL_GeoNetPT02> só está previsto lá para o fim do ano.
 João Manuel Rocha
</text>
</root>
