<?xml version="1.0" encoding="utf-8"?>
<root>
  <title>PUBLICO-19950102-052</title>
  <text>
APL adjudica cais em <LOCAL_GeoNetPT02 f_id="202827" t_id="RUA:ADM">Santa Apolónia</LOCAL_GeoNetPT02>
A Administração do <LOCALIMPLICITO f_id="418745" t_id="PAI:ADM">Portugal</LOCALIMPLICITO> Porto de Lisboa  anunciou ter adjudicado a construção do cais do futuro terminal de cruzeiros turísticos, em <LOCAL_GeoNetPT02 f_id="202827" t_id="RUA:ADM">Santa Apolónia</LOCAL_GeoNetPT02> -- um projecto previsto no Pozor ( Plano de Ordenamento da Zona Ribeirinha  ) -- às empresas Agroman e Soconstrói, pelo valor de 755 mil contos.
No anúncio, porém, a APL não refere a existência do Pozor e substitui-o por um « Plano de Acções Prioritárias », que se desconhece e que não se sabe se está sequer articulado com o Pozor.
Sobre a obra agora adjudicada, a APL refere que o cais criará uma frente de acostagem adjacente à que lá existe actualmente, mas que está inoperacional, « por questões de segurança ».
O futuro terminal de cruzeiro em <LOCAL_GeoNetPT02 f_id="202827" t_id="RUA:ADM">Santa Apolónia</LOCAL_GeoNetPT02> destina-se a garantir que a cidade e o seu porto terão capacidade para receber os cerca de 306 navios e 162 mil passageiros -- movimento que a APL estima para o ano 2000 -- o que presentemente não se verifica nos terminais existentes na <LOCAL_GeoNetPT02 f_id="198507" t_id="CAI:ADM">Rocha Conde de Óbidos</LOCAL_GeoNetPT02> e na Gare de <LOCAL_GeoNetPT02 f_id="1705" t_id="FRG:ADM">Alcântara</LOCAL_GeoNetPT02>, que não têm condições para tal.
Em 1993, estes dois terminais receberam 179 navios de cruzeiro, com 98 mil passageiros.
</text>
</root>
