<?xml version="1.0" encoding="utf-8"?>
<root>
  <title>PUBLICO-19940403-054</title>
  <text>Segunda corrida portuguesa em <LOCAL_GeoNetPT02 f_id="254045" t_id="LOC:ADM">Montargil</LOCAL_GeoNetPT02>
Caixas de sabão entre sobreiros 
Os olhos da rapariga a espreitar pela viseira do capacete estão postos na rampa de lançamento, onde dois carros esperam pelo sinal de partida.
O percurso é curto mas importa ter perícia, para que o veículo não saia da estrada ladeada de sobreiros.
Os colegas não se contêm:
« Ainda te fica uma mosca pegada no capacete ».
Poucos ligam quando a organização pede à assistência para sair da pista.
« Três, dois, um ...».
Os dois carros coloridos arrancam ronceiros ao som Dire Straits dos altifalantes, descrevem a curva da estrada e dirigem-se para a meta, agora mais velozes.
Esperam-nos vários fardos de palha, não vão os travões falhar.
 Vinte carros disputaram ontem em <LOCAL_GeoNetPT02 f_id="254045" t_id="LOC:ADM">Montargil</LOCAL_GeoNetPT02> a segunda corrida portuguesa de caixas de sabão, retomando um ideia nascida no Ohio, Estados Unidos, na década de 30.
Foi nessa altura que uma empresa produtora de sabão decidiu transformar as caixas usadas em automóveis sem motor.
O desporto tornou-se conhecido a nível mundial e obteve grande sucesso na Alemanha.
Ontem, em <LOCAL_GeoNetPT02 f_id="254045" t_id="LOC:ADM">Montargil</LOCAL_GeoNetPT02>, era um ex-arquitecto alemão quem comandava as operações.
Peter Neufert, 65 anos e há mais de vinte em <LOCAL_GeoNetPT02 f_id="418745" t_id="PAI:ADM">Portugal</LOCAL_GeoNetPT02>, presidente da associação Luso-Alemã, importou as juntas metálicas, direcção, rodas e travão e o modelo dos carros.
Na rampa de partida já não estavam antiquadas caixas de sabão, mas uma espécie de barcos coloridos de madeira com rodas, dois metros de comprimento por meio de largura.
No centro de cada viatura sem motor, pequenos pilotos de capacete.
Peter Neufert, dono de um empreendimento turístico junto à barragem, nem se lembra de como tudo começou.
« Aguardei o dia em que a Câmara de Ponte de Sor tivesse feito boas vias de acesso.
Aguardei dez anos », explica no seu português pouco gramatical.
A primeira corrida de <LOCAL_GeoNetPT02 f_id="254045" t_id="LOC:ADM">Montargil</LOCAL_GeoNetPT02> teve lugar no ano passado e a dita    Câmara apoiou.
Ontem algumas dezenas crianças aguardavam a vez de arrancarem estrada abaixo.
Da parte da manhã, nos ensaios, um dos concorrentes enfeixou-se num fardo de palha.
Então os travões?
Resposta rápida em falar alentejano:
« Não travei porque tinha um pé desmanchado ».
 Dois a dois, os carros percorreram os quinhentos metros que os separavam da meta.
Os cronómetros marcavam menos de um minuto.
« É fácil.
O que é preciso é ter embalo e controlar o carro », explicava Márcio Fernando, 10 anos, vencedor da prova do ano passado.
O prémio era o mesmo deste ano, uma ida à Alemanha para participar no torneio da Renânia.
 Ana Henriques</text>
</root>
