<?xml version="1.0" encoding="utf-8"?>
<root>
  <title>PUBLICO-19950104-056</title>
  <text><LOCAL_GeoNetPT02 f_id="3948" t_id="DST:ADM">Castelo Branco</LOCAL_GeoNetPT02> 
Hospital distrital já tem administrador-delegado
O advogado João Alegre de Sá é, desde segunda-feira, o novo administrador-delegado do Hospital Distrital de <LOCAL_GeoNetPT02 f_id="3948" t_id="DST:ADM">Castelo Branco</LOCAL_GeoNetPT02>.
Cerca de um mês depois da anterior administradora, Ana Manso, abandonar o cargo e de Castel-Branco Silveira ser nomeado director, o ministro da Saúde despachou favoravelmente o nome do novo responsável administrativo daquele estabelecimento hospitalar.
Alegre  de Sá  foi proposto por Castel-Branco Silveira, apesar de nas hostes políticas locais ter sido aventada a hipótese do lugar ser ocupado por Melo Bernardo, actualmente a prestar serviço na Direcção Regional de Agricultura da <LOCAL_GeoNetPT02 f_id="418728" t_id="REG:ADM">Beira Interior</LOCAL_GeoNetPT02>.
Só que Paulo Mendo não terá estado pelos ajustes e, por outro lado, o actual director do HDCB sempre se bateu por conseguir um administrador-delegado de carreira para trabalhar com ele.
O novo elemento, que agora veio completar a equipa do hospital albicastrense, vem de <LOCAL_GeoNetPT02 f_id="92458" t_id="LOC:ADM">Coimbra</LOCAL_GeoNetPT02> onde trabalhava na Administração Regional de Saúde do Centro.
No seu currículo apresenta também sete anos de serviço nos hospitais da  Universidade de <LOCAL_GeoNetPT02 f_id="92458" t_id="LOC:ADM">Coimbra</LOCAL_GeoNetPT02> e, entre Fevereiro e Julho, ocupou o mesmo cargo de administrador-delegado no Hospital Distrital de <LOCAL_GeoNetPT02 f_id="34" t_id="CON:ADM">Anadia</LOCAL_GeoNetPT02>.
Com esta nomeação fica completo o quadro directivo do HDCB: Castel-Branco Silveira como director, Alegre  de Sá  como administrador-delegado e Maria do Céu Morgado como enfermeira-directora.</text>
</root>
