<?xml version="1.0" encoding="utf-8"?>
<root>
  <title>PUBLICO-19940403-050</title>
  <text>Colisões e despistes fazem duas mortes na estrada 
Um autocarro da empresa Covas e Filhos despistou-se ontem, cerca das 6h30, próximo da área de serviço de <LOCAL_GeoNetPT02 f_id="358208" t_id="LOC:ADM">Palmela</LOCAL_GeoNetPT02>, num acidente do qual resultaram ferimentos no condutor, além dos estragos na viatura e perturbações no trânsito na Auto-Estrada do Sul.
O despiste ter-se-á ficado a dever ao facto de o condutor do autocarro -- que àquela hora não transportava passageiros -- ter adormecido ao volante, disse ao PÚBLICO fonte da Brigada de Trânsito da GNR.
A viatura, que se virou, teve de ser removida da via, o que obrigou ao corte do trânsito na auto-estrada do Sul durante pelo menos um quarto de hora, obrigando a desviar o tráfego automóvel.
Um outro acidente ontem registado pela BT da  GNR, cerca das 3h15, na , provocou um morto, Sebastião Pereira Nabais, de 34 anos, e um ferido grave, cuja identidade não foi divulgada, quando um táxi, que seguia junto à ponte do rio  colidiu com um automóvel ligeiro.
Também no IP5 houve ontem um acidente mortal, quando, na zona da <LOCAL_GeoNetPT02 f_id="135271" t_id="LOC:ADM">Guarda</LOCAL_GeoNetPT02>, ao quilómetro 160, se despistou um automóvel.
A vítima mortal deste acidente, que provocou ainda um ferido grave e dois ligeiros, foi José Carlos Sousa Vieira Gamelas, de 27 anos.
Entre as 0h00 de ontem e as 18h00 a BT da  GNR registou 28 acidentes, mas além dos referidos, dos restantes não resultaram feridos.</text>
</root>
