<?xml version="1.0" encoding="utf-8"?>
<root>
  <title>PUBLICO-19940401-099</title>
  <text>
Patameira, Torres Vedras
Aldeia divida reclama integração
Jorge Humberto
Dormir no concelho de <LOCAL_GeoNetPT02 f_id="303" t_id="CON:ADM">Torres Vedras</LOCAL_GeoNetPT02> e ir à casa de banho no de <LOCAL_GeoNetPT02 f_id="285" t_id="CON:ADM">Sobral</LOCAL_GeoNetPT02> é a sina de alguns moradores da aldeia de Patameira, na fronteira entre estes dois concelhos, onde muitas casas e terrenos se encontram divididos.
Os habitantes de Patameira estão fartos de divisões e reclamam a sua integração no concelho de <LOCAL_GeoNetPT02 f_id="285" t_id="CON:ADM">Sobral de Monte Agraço</LOCAL_GeoNetPT02>.
Na Patameira, um dos lugares mais isolados da sua área, os 200 habitantes estão repartidos entre os concelhos de <LOCAL_GeoNetPT02 f_id="303" t_id="CON:ADM">Torres Vedras</LOCAL_GeoNetPT02> e de <LOCAL_GeoNetPT02 f_id="285" t_id="CON:ADM">Sobral de Monte Agraço</LOCAL_GeoNetPT02>, pois a povoação é atravessada pala linha que os separa.
Ter uma casa registada em Torres e a horta já pertencer ao Sobral é lugar-comum, reflexo de uma fronteira que nestes casos é imaginária, mas que na prática causa inúmeros transtornos aos habitantes.
Aqueles que moram na parte pertencente a <LOCAL_GeoNetPT02 f_id="303" t_id="CON:ADM">Torres Vedras</LOCAL_GeoNetPT02> queixam-se da falta de infra-estruturas e da distância que os separa dos serviços de saúde e da sede do concelho.
Os outros gostariam de ver a terra mais unida e também têm razões de queixa.
Fruto do isolamento é o abandono da terra por parte dos jovens « casadoiros », que preferem outras paragens.
A escola primária, actualmente com seis alunos, está mesmo em risco de fechar.
Depois do ensino primário, os que seguem os estudos dirigem-se para o Sobral de monte Agraço, mas aqui começa o seu calvário.
Quanto a situações que envolvem partilhas, a confusão é grande, porque é usual os registos de propriedades serem feitos na conservatória errada.
Para os moradores, os transportes são « do diabo »: « Para o Sobral ainda existem, mas para Torres, nem pensar .»
Os dois lados da fronteira A própria igreja está dividida por dois padres: o culto normal é celebrado por um sacerdote sobralense, mas quando morre alguém do lado torriense o funeral fica a cargo do pároco de <LOCAL_GeoNetPT02 f_id="3269" t_id="FRG:ADM">Dois Portos</LOCAL_GeoNetPT02>.
A dificultar ainda mais a vida aos moradores da parte de Patameira que fica do lado de Torres está a distância à sede de concelho: a aldeia está a cerca de cinco quilómetros do Sobral, mas a 16 de <LOCAL_GeoNetPT02 f_id="244523" t_id="LOC:ADM">Torres Vedras</LOCAL_GeoNetPT02>, o que obriga os moradores a terem de ir a pé até Gozundeira, a dois quilómetros de distância e já no concelho de <LOCAL_GeoNetPT02 f_id="285" t_id="CON:ADM">Sobral</LOCAL_GeoNetPT02>, para aí apanharem o comboio ou a camioneta para Torres.
A ida ao médico é outro problema.
Embora mais perto do Sobral, os moradores da parte torriense têm que se deslocar a <LOCAL_GeoNetPT02 f_id="3269" t_id="FRG:ADM">Dois Portos</LOCAL_GeoNetPT02>.
Mas é em matéria de infra-estruturas que existem maiores razões de queixa.
Só a luz eléctrica é que cobre a totalidade da aldeia.
No que respeita a esgotos, apenas a parte torriense está abrangida pelo saneamento básico.
No que respeita a estradas e arruamentos, a situação é inversa: na Patameira de cima, pertencente ao Sobral, as ruas estão alcatroadas, apesar de os moradores se queixarem dos buracos, mas na <LOCAL_GeoNetPT02 f_id="243708" t_id="LOC:ADM">Patameira de baixo</LOCAL_GeoNetPT02>, em <LOCAL_GeoNetPT02 f_id="303" t_id="CON:ADM">Torres Vedras</LOCAL_GeoNetPT02>, alcatrão, nem vê-lo, abundando os buracos e as poças de lama.
Na distribuição de água ao domicílio, nenhum concelho ganhou a dianteira, pois o abastecimento é feito por poços públicos.
O lixo é recolhido pela Câmara do Sobral e o posto de Correios pertence também a este concelho.
« Deveríamos pertencer ao concelho do <LOCAL_GeoNetPT02 f_id="285" t_id="CON:ADM">Sobral de Monte Agraço</LOCAL_GeoNetPT02>.
Os mais novos não querem viver aqui, pois como estamos perto do Sobral, vão para lá.
E outros, quando casam, vão para as terras das noivas », afirmam os populares.
Autarquias preferem divisão Os presidentes das duas autarquias não apoiam as pretensões dos populares, considerando que a união não será solução para as carências, pois estas são igualmente sentidas por muitas outras aldeias.
O presidente da Câmara de Sobral, António Lopes Bogalho, afirmou ao « Frente Oeste »:
« Um processo de integração de toda a aldeia de Patameira no meu concelho não faz sentido.
A solução para ultrapassar os problemas é o diálogo entre as populações e as autarquias.
Gostaria, isso sim, é que o Governo se preocupasse com a regionalização.
Este é um problema sem significado .»
E acrescentou ainda que « a água vai chegar a todos em breve », mas não adiantou datas.
Para os esgotos, também ainda não há datas, justificando-se com a falta de dinheiro.
« O fundo de equilíbrio financeiro em 1994 cresceu zero por cento, recebemos o mesmo que em 1993 », refere o autarca.
Por seu lado, o presidente da Câmara de <LOCAL_GeoNetPT02 f_id="303" t_id="CON:ADM">Torres Vedras</LOCAL_GeoNetPT02>, José Augusto de Carvalho, pouco adiantou:
« Este é um sentimento das pessoas e o presidente da Câmara não tem que se pronunciar sobre o assunto.
Isso seria influenciar e não quero fazê-lo .»
E acrescentou:
« As assembleias de freguesia é que podem analisar estes casos.
Desconheço alguma movimentação nesse sentido.
Em última instância, é a Assembleia da República que decide .»
</text>
</root>
