<?xml version="1.0" encoding="utf-8"?>
<root>
  <title>PUBLICO-19950106-068</title>
  <text>Dias Custódio voltou à <LOCAL_GeoNetPT02 f_id="149" t_id="CON:ADM">Lourinhã</LOCAL_GeoNetPT02>
O presidente da Câmara Municipal da <LOCAL_GeoNetPT02 f_id="149" t_id="CON:ADM">Lourinhã</LOCAL_GeoNetPT02>, preso preventivamente desde o final de Outubro do ano passado sob a acusação de autoria de crimes económico-financeiros, foi ontem ouvido no tribunal da vila, no âmbito de um outro processo em que está envolvido.
José Manuel Dias Custódio prestou declarações ao colectivo do tribunal de <LOCAL_GeoNetPT02 f_id="244523" t_id="LOC:ADM">Torres Vedras</LOCAL_GeoNetPT02>, regressando depois ao Estabelecimento Prisional de <LOCAL_GeoNetPT02 f_id="226474" t_id="LOC:ADM">Caxias</LOCAL_GeoNetPT02>.
Um requerimento para a libertação, apresentado pelo seu advogado há várias semanas foi indeferido pela juíza encarregada do processo.
O recurso que se lhe seguiu está à espera da apreciação do Tribunal da Relação de Lisboa</text>
</root>
