<?xml version="1.0" encoding="utf-8"?>
<root>
  <title>PUBLICO-19950107-107</title>
  <text><LOCAL_GeoNetPT02 f_id="303" t_id="CON:ADM">Torres Vedras</LOCAL_GeoNetPT02> 
Família bósnia acolhida em <LOCAL_GeoNetPT02 f_id="242038" t_id="LOC:ADM">Campelos</LOCAL_GeoNetPT02>
Está de boa saúde o bebé que nasceu na noite de Natal no Hospital de Torres Vedras , filho de pais bósnios refugiados da guerra na ex-Jugoslávia.
Tomás Jesus, com três quilos e meio, é o membro mais novo de família Brostovic, que desde Dezembro foi acolhido pela população de <LOCAL_GeoNetPT02 f_id="242038" t_id="LOC:ADM">Campelos</LOCAL_GeoNetPT02>, uma aldeia do concelho de <LOCAL_GeoNetPT02 f_id="303" t_id="CON:ADM">Torres Vedras</LOCAL_GeoNetPT02>, que tem providenciado para que nada falte ao casal e aos três filhos menores.
Filip era electricista e Maria funcionária num centro cultural e eram casados há cinco anos quando a guerra lhes bateu à porta, na localidade de Dubrovnic.
Há três anos que têm andado fugidos pela Europa, tendo acabado por ser acolhidos em <LOCAL_GeoNetPT02 f_id="242038" t_id="LOC:ADM">Campelos</LOCAL_GeoNetPT02>, juntamente com os seus filhos, Paulo, de três anos, e Olívia Esperança, de quatro.
Recordando a cidade natal, lembram que o seu maior terror era o percurso entre a casa e o trabalho, feito a correr para evitar os atiradores furtivos.
Mas, como tudo tem limites, um dia, com pouco mais que uma pequena tenda às costas, Maria e Filip fizeram-se ao caminho em busca da paz.
A Alemanha foi a primeira paragem, onde trabalhavam em tudo o que aparecia, principalmente na agricultura, acompanhando as colheitas.
Passaram depois por Itália, França  e Espanha , sempre fazendo trabalhos ligados à agricultura, mas sem conseguirem visto de residência.
Maria recorda a forma cruel como foram sempre tratados, especialmente em Espanha , onde nasceu Paulo e Olívia -- chamada assim por causa das oliveiras --, mas de onde acabaram também por ser « enxotados ».
Chegaram a <LOCAL_GeoNetPT02 f_id="418745" t_id="PAI:ADM">Portugal</LOCAL_GeoNetPT02> praticamente como saíram da sua terra, apenas com uma tenda, mas já com dois filhos pequenos.
Maria conta com mágoa os dias passados a ouvir os filhos chorar com fome e frio, enquanto Filip tentava a sua sorte na construção civil como pintor, em <LOCAL_GeoNetPT02 f_id="240249" t_id="LOC:ADM">Sintra</LOCAL_GeoNetPT02>, para onde acabaram por se mudar.
Acabadas as pinturas, um amigo indicou-lhes a região <LOCAL_GeoNetPT02 f_id="200" t_id="NT3:ADM">Oeste</LOCAL_GeoNetPT02>, onde o trabalho nos pomares era uma boa possibilidade.
Seguindo a sugestão, acabaram por chegar perto de <LOCAL_GeoNetPT02 f_id="242038" t_id="LOC:ADM">Campelos</LOCAL_GeoNetPT02>, onde Filip encontrou trabalho numas estufas de tomate, cujo proprietário lhes cedeu um barracão isolado para habitarem.
Mas as condições pouco melhoraram e o frio continuava a afligir os mais pequenos, constantemente atormentados por otites, febres e sem que pudessem recorrer a assistência médica, devido à situação ilegal em que se encontravam.
Solidariedade popular
Foi quando se dirigiu a <LOCAL_GeoNetPT02 f_id="242038" t_id="LOC:ADM">Campelos</LOCAL_GeoNetPT02> procurando creche para os filhos que Maria, grávida de nove meses, chamou a atenção de alguns populares que se prontificaram a ajudar.
A cadeia de solidariedade foi crescendo até que pouco tempo depois os moradores da aldeia acabaram por arrombar uma casa pertencente à igreja, mas cedida a uma senhora que não mora lá há anos.
A igreja deu o sim a esta ocupação, com a condição de ser obtida a concordância da inquilina, que tal não fez.
E, mesmo sem autorização, os habitantes de <LOCAL_GeoNetPT02 f_id="242038" t_id="LOC:ADM">Campelos</LOCAL_GeoNetPT02> não estiveram com meias medidas e alojaram à força a família bósnia.
Mobilizados em torno de uma cadeia de solidariedade espontânea, os habitantes de <LOCAL_GeoNetPT02 f_id="242038" t_id="LOC:ADM">Campelos</LOCAL_GeoNetPT02> dotaram a casa das condições mínimas indispensáveis, cedendo mobília, colchões, pintando e electrificando a habitação.
Filip trabalha agora numa serralharia como pintor e quando pode pinta paisagens da região, para vender aos interessados.
Maria trata da casa e dos filhos, que agora frequentam a creche local e dispõem de assistência médica.
E foi ainda graças ao esforço da população que se conseguiu que o bebé, de nome Tomás Jesus, nascesse no Hospital de Torres Vedras .
Segundo o pai, o nome Tomás é uma homenagem ao tomate, que em boa hora fez a família rumar a <LOCAL_GeoNetPT02 f_id="242038" t_id="LOC:ADM">Campelos</LOCAL_GeoNetPT02>, e Jesus devido à quadra natalícia.
Mas esta cadeia de solidariedade para com os Brostovic já se estendeu a todo o concelho, na sequência de uma reportagem publicada num semanário regional.
Quando Tomás regressou a casa, depois do Natal, vindo do hospital na companhia da mãe, já tinha à sua espera um enxoval completo, brinquedos, televisão e comida, que, segundo a mãe, é mais do que suficiente.
Maria, no seu fraco português, diz não ter palavras para agradecer, mas abençoa o dia em que chegou àquela terra, mantendo consigo a esperança de voltar à sua terra, quando a paz lá regressar.
Jorge Humberto</text>
</root>
