<?xml version="1.0" encoding="utf-8"?>
<root>
  <title>PUBLICO-19950104-073</title>
  <text>Alioune Beye chega hoje
Alioune Blondin Beye, o diplomata maliano a serviço da ONU a quem cabe a responsabilidade de mediar o conflito angolano, partiu ontem de Luanda rumo a <LOCAL_GeoNetPT02 f_id="196518" t_id="LOC:ADM">Lisboa</LOCAL_GeoNetPT02>, onde chega hoje após escalas em Windhoek e Joanesburgo.
Beye, que visita <LOCAL_GeoNetPT02 f_id="196518" t_id="LOC:ADM">Lisboa</LOCAL_GeoNetPT02> pela primeira vez e permanece em <LOCAL_GeoNetPT02 f_id="418745" t_id="PAI:ADM">Portugal</LOCAL_GeoNetPT02> até amanhã, encontra-se ao fim da manhã de hoje com Durão Barroso e está previsto que intervenha num seminário para funcionários superiores organizado pelo Ministério dos Negócios Estrangeiros.
Na semana passada, justificou esta deslocação afirmando que « <LOCAL_GeoNetPT02 f_id="418745" t_id="PAI:ADM">Portugal</LOCAL_GeoNetPT02> muito tem feito pelo processo de paz angolano », o que explicaria a sua disponibilidade para contactos pessoais sobre o assunto na capital portuguesa.
A visita ocorre no momento em que se espera pela concretização de um encontro entre José Eduardo dos Santos e Jonas Savimbi.
Isaura Santos, a porta-voz de Beye, disse ontem que estavam a ser feitos « todos os esforços » para viabilizar o encontro até ao fim deste mês.
Soares no Amazonas ...
Mário Soares iniciou ontem uma viagem de três dias pelo rio Amazonas, a bordo de um navio-patrulha da Marinha de Guerra brasileira.
Antes da « aventura » amazónica, o Presidente da República esteve em Manaus com representantes da comunidade portuguesa na região e almoçou com o governador do Estado, Amazonino Mendes.
Seguiu-se um primeiro contacto com as belezas do rio Amazonas, visto de helicóptero no zona onde se dá o encontro com as águas do Rio Negro .
A visita privada que se segue à cerimónia de posse do novo Presidente brasileiro, no primeiro dia do ano, termina no próximo domingo, estando a chegada de Mário Soares a <LOCAL_GeoNetPT02 f_id="196518" t_id="LOC:ADM">Lisboa</LOCAL_GeoNetPT02> prevista para a próxima segunda-feira.
...
E Guterres em São Paulo Políticos e empresários brasileiros e representantes da comunidade portuguesa foram os interlocutores de António Guterres ontem em São Paulo .
O secretário-geral do  PS deslocou-se ao Brasil  a convite do Partido Social Democrata Brasileiro (  PSDB ), a força política de que o novo Presidente Fernando Henrique Cardoso foi um dos fundadores.
A viagem de Guterres, que teve início no sábado, assinala a aproximação entre o  PS português e os « tucanos » -- nome pela qual são conhecidos os membros do  PSDB --, em detrimento das relações com o Partido Trabalhista Brasileiro de Leonel Brizola, antigo parceiro privilegiado dos socialistas portugueses.</text>
</root>
