<?xml version="1.0" encoding="utf-8"?>
<root>
  <title>PUBLICO-19940403-061</title>
  <text>Exposição animada na Biblioteca Infantil de Beja
Viagens no tempo dos contos tradicionais « Toda a gente agachadinha ». A viagem no tempo ia começar. A escuridão marca os primeiros passos na floresta das palavras.
« Vocês trouxeram imaginação ?» grita a narradora. Sim !!!, respondem em uníssono as 20 crianças que vieram de <LOCAL_GeoNetPT02 f_id="797" t_id="FRG:ADM">Albernoa</LOCAL_GeoNetPT02>, uma aldeia do concelho de <LOCAL_GeoNetPT02 f_id="58" t_id="CON:ADM">Beja</LOCAL_GeoNetPT02>.
« A pressora » não cabe aqui -- avisam as crianças.
Para os adultos só de gatas, que o percurso não foi feito a contar com eles.
Sobem numa escada até à sala dos alquimistas onde todos privam com os pós mágicos ( açúcar ) que os torna mais pequenos, para poderem entrar na floresta das maravilhas -- aqui os livros substituem as árvores.
Fala-se então de estórias que tenham como cenário as florestas, em sussurro, para a fada má não ouvir.
A música acompanha os diálogos.
Ouvem-se pássaros.
« São rouxinóis, pintassilgos, catatuas, pombos ...»
e a imaginação vai por aí à descoberta de mais nomes destes habitantes da floresta.
Tocam sinos.
« Oh da casa !!!»
, batem à porta que se abre com um sonoro e prolongado barulho para criar arrepio « a pressora vai ter medo !?»
É tempo da subida ao castelo.
« Que histórias conhecem de reis ?»
E o diálogo acontece mais uma vez.
Num só momento as crianças transformam-se em damas e cavaleiros, as roupagens vestem-se num instante.
Dança-se a valsa e ensaiam-se as vénias.
O Pedro faz de bobo e dá saltos, aos damas gritam « bravo », os cavalheiros « viva ».
É a evasão plena, um faz de conta envolvente, que convida à participação.
Sem ponto nem guião, os pequenos actores ouvem a história que vivem.
E estamos chegados á fase mais interessante da viagem.
Trata-se de chegar à ilha dos escritores e buscar a semente da flor da alegria, escondida junto ao pássaro da verdade.
Mas é preciso atravessar o mar de letras.
As crianças seguem no barco dos piratas fustigado por relâmpagos, trovões e ventos ciclónicos que aproximam o imaginário do real, por força dos efeitos especiais.
Recuperada a semente, traz junto uma mensagem a pedir que seja regada com uma história que libertará a princesa adormecida de 15 anos de sono.
Mas só a máquina do tempo que está na sala dos alquimistas o poderá fazer.
Encontrado o livro e os símbolos respectivos são transportados a um momento de ficção científica.
Lá seguem todos no monta-cargas feito máquina do tempo a caminho da floresta dos duendes cheia de livros de histórias tradicionais infantis, onde a semente é depositada.
Dão-se as mãos e conta-se uma história.
« Era uma vez os sete cabritinhos ...»
depois imaginam a flor que vai crescer na forma e na cor.
E a viagem termina com a narradora a propor que façam desenhos ou escrevam uma história para encher a nova Biblioteca de <LOCAL_GeoNetPT02 f_id="32033" t_id="LOC:ADM">Beja</LOCAL_GeoNetPT02> com uma exposição infantil.
Por fim, um novo convite à leitura das histórias que ouviram durante a viagem que terminou a 31 de Março e foi concebida para ser visitada pelas crianças das 52 escolas do ensino básico e preparatório de todo o concelho.
Foi uma exposição animada de livros, que teve o mérito de polarizar o entusiasmo das crianças fazendo delas o sujeito activo de todo o enredo cénico.
E foi uma iniciativa feliz da Biblioteca Municipal de <LOCAL_GeoNetPT02 f_id="58" t_id="CON:ADM">Beja</LOCAL_GeoNetPT02>.
 Carlos Dias</text>
</root>
