<?xml version="1.0" encoding="utf-8"?>
<root>
  <title>PUBLICO-19950108-043</title>
  <text><LOCAL_GeoNetPT02 f_id="32033" t_id="LOC:ADM">Beja</LOCAL_GeoNetPT02> 
Casa do Estudante sem condições para ajudar jovens em situação de risco
Carlos Dias
Há cerca de um ano, a Casa do Estudante de <LOCAL_GeoNetPT02 f_id="32033" t_id="LOC:ADM">Beja</LOCAL_GeoNetPT02> assinou um protocolo com o Instituto de Reinserção Social -- que este não está a cumprir -- para acolher crianças e jovens com padrões de comportamento limite.
A falta de cooperação técnica acabou por criar na instituição um ambiente susceptível de formar « gangs ».
Agora, alguns destes jovens praticam furtos, violências físicas e extorsão, para se registarem já casos de toxicodependência.
« Avaliámos mal a nossa capacidade de resposta a estes problemas », acentua Manuel Barão, presidente da direcção da Casa do Estudante, instituição particular de solidariedade social dimensionada para acolher e apoiar jovens e crianças -- neste momento cerca de 80, em situação de risco social ou de carência económica ou de disfunção.
Este responsável disse ao PÚBLICO que já foram travadas novas admissões de jovens que tenham contencioso com a justiça e que vai denunciar o protocolo com Instituto de Reinserção Social, porque este « não cumpre o acordo de cooperação » estabelecido com a Casa do Estudante.
A situação é descrita por aquele responsável como « preocupante e terrivelmente esgotante » para o pessoal técnico da instituição, pela sua incapacidade em dar resposta a estes casos tipo.
Para Manuel Barão, os maiores « inimigos » destes jovens que apresentam padrões de comportamento afectados por graves disfunções sociais de auto e de heteroexclusão, são o Ministério da Justiça -- « porque os lança na nossa instituição » sem viabilizar primeiro os instrumentos institucionais para a criação de um espaço de integração social -- e o Ministério da Educação, que de uma forma mais ou menos velada os rejeita na instituição escolar normal, que por força da lei têm de frequentar, por não existir alternativa.
São públicos os casos de furto e violência física que apontam sistematicamente.
« Estão carimbados », refere Manuel Barão, os jovens da Casa do Estudante, sobre quem pende o estigma de delinquentes e marginais.
O comandante da PSP de <LOCAL_GeoNetPT02 f_id="32033" t_id="LOC:ADM">Beja</LOCAL_GeoNetPT02> refere que as acusações estão justificadas em relação « a dois ou três miúdos, são sempre os mesmos », que praticam furtos qualificados de « coisas menores », malas, carteiras ... um televisor, recentemente furtado de um estabelecimento hoteleiro e que procuraram vender por três contos, dinheiro destinado -- presume-se -- a consumo de estupefacientes.
São jovens com nove, 13 e 14 anos, diz o comandante, que acrescenta serem estes casos comuns a outros que não pertencem à instituição, só que estes « têm familiares que Ihes acodem, os outros [ da Casa do Estudante ] não têm ninguém ».
Na Escola Preparatória Mário Beirão os conflitos chegaram à ameaça de expulsão de alunos que a Casa do Estudante acolhe, atitude que levou Manuel Barão a considerar a escola um « espaço institucional pervertido na sua função de socialização », ao potenciar o agravamento destas situações tipo, revelando-se incapaz de acolher e enquadrar « os nossos utentes ».
Questionada pelo PÚBLICO a comentar a acusação do responsável da Casa do Estudante, a presidente do Conselho Directivo não quis prestar quaisquer declarações, « para evitar mais conflitos com a outra instituição ».
Fernanda Caimoto, da Associação de Pais, a quem foi apontada a iniciativa para a expulsão de jovens provenientes da Casa do Estudante, negou tal hipótese, dizendo desconhecer qualquer problema para além daqueles que Ihe foram referidos em reuniões no Conselho Pedagógico, circunscritos apenas a agressões físicas que levaram um miúdo ao hospital, « talvez para chamar a atenção para a falta de afecto de que são vítimas », justifica a representante da associação Depósito de excluídos.
Mal vistos pela instituição escolar e repelidos pela comunidade, os jovens da Casa do Estudante sentem-se revoltados com os juízos de valor feitos de uma forma que consideram injusta.
Reconhecem haver casos de toxicodependência, roubo e até ameaças de extorsão, mas envolver todos quando os associam à Casa do Estudante « magoa muito », lamentam.
A instituição acolhe jovens com duas origens: contenciosa, quando aparelho da justiça já exerceu a sua acção devido a furtos e outros desmandos, e por disfunção familiar ou social.
Dos primeiros estão neste momento internados 27 jovens de ambos os sexos, dos nove aos 16 anos, para quem não foram criadas condições especiais de acolhimento e integração.
Destes, Manuel Barão aponta três ou quatro casos como os mais problemáticos -- e que põem em causa toda a instituição, pela « capacidade espantosa que possuem » para o exercício de « lideranças marginais ou desviantes ».
J. tem 16 anos e patrocina furtos à distância, « põe outros a roubar para ele », constata este responsável.
Com sete processos tutelares abertos, já foi pedida inúmeras vezes ao Tribunal de Menores de Faro e ao Instituto de Reinserção Social uma apreciação e acompanhamento psiquiátrico deste caso.
Mas o Ministério da Justiça, afirma aquele responsável, « largou-o aqui e o moço não tem nenhum familiar que o possa acolher ».
Desde os seis anos de idade que vive sozinho e tem uma capacidade intelectual espantosa, refere Manuel Barão, que considera incrível esta situação e estranha que em <LOCAL_GeoNetPT02 f_id="418745" t_id="PAI:ADM">Portugal</LOCAL_GeoNetPT02> não haja sequer um hospital infantil psiquiátrico que trate estes casos de outra forma.
Por vezes é forçado a enviar jovens de retorno a familiares, mas esta solução não se tem revelado a melhor.
Ainda há dias, conta o director da Casa do Estudante, a PSP de <LOCAL_GeoNetPT02 f_id="352859" t_id="LOC:ADM">Grândola</LOCAL_GeoNetPT02> telefonou-me para ir buscar um miúdo de 11 anos, que não conseguiam controlar.
Outro exemplo:
« A GNR pediu-me um dia para que eu aguentasse por oito dias uma jovem de 14 anos que se prostituía: permaneceu aqui durante dois anos ».
O Ministério da Justiça, acusa Manuel Barão, não responde a estes problemas « nem tem políticas de prevenção criminal ».
Por sua vez, salienta, « os tribunais mandam para aqui miúdos que não são enquadráveis em lado nenhum e nós não temos capacidade para resolver os seus problemas ».
Questionado sobre as razões que o levaram a admitir estes jovens em situação de risco, diz que « foi por ingenuidade » e por saber que existem poucas instituições do género a nível nacional.
Cedo percebeu que o Ministério da Justiça só envia os jovens quando se sente incapaz de encontrar outras soluções.
Uma quinta pedagógica O dia-a-dia dos cerca de 80 jovens que vivem na Casa do Estudante de Beja é repartido pelos estudos -- três raparigas e um rapaz frequentam o ensino superior -- e o jogo da bola.
Ocupação dos tempos livres não há e vivem numa zona frequentada por toxicodependentes.
Existe apenas um « atelier », de carpintaria, « mas faltam os pregos », ironiza um jovem que passou com outros 15 o período natalício na Casa do Estudante porque não conhece familiar algum.
Para obstar a este lazer pernicioso, Manuel Barão apresentou ao Ministério da Educação uma proposta para a criação de uma comunidade escolar para a integração de jovens e crianças que sintam especiais dificuldades para se integrarem na instituição escolar, de forma a evitar comportamentos de rejeição que hoje se manifestam.
Basicamente, pretende-se constituir um « espaço de formação integral » a coordenar pelo Ministério da Educação, onde, durante um ano lectivo, as crianças ou jovens com graves disfunções sociais possam ser organizadas num itinerário de reintegração social base, para depois poderem ascender em melhores condições à escola normal.
Este « espaço de formação » teria conteúdos que conduziriam àquilo que a proposta define como uma « cultura de cidadania », de que fariam parte os audiovisuais, teatro, desporto, observação da natureza, música e expressão corporal.
A criação desta comunidade escolar terapêutica só é realizável, na óptica dos proponentes, num espaço rural, numa quinta afastada alguns quilómetros da cidade de <LOCAL_GeoNetPT02 f_id="32033" t_id="LOC:ADM">Beja</LOCAL_GeoNetPT02>, e destinada ao escalão etário dos 10/15 anos, onde se manifestam maiores incapacidades para as apetências relacionais.
Até ao momento, não houve resposta, que Manuel Barão considera prioritária para os casos desviantes extremos.
« Já recebi telefonemas com ameaças de morte aos jovens que foram acusados de tentativas de extorsão », revela, preocupado e ao mesmo tempo assustado.
E reconhece que não ter solução para impedir as situações de delinquência e marginalidade existentes na Casa do Estudante.</text>
</root>
