<?xml version="1.0" encoding="utf-8"?>
<root>
  <title>PUBLICO-19950103-054</title>
  <text>Hospital da <LOCAL_GeoNetPT02 f_id="182400" t_id="LOC:ADM">Amadora</LOCAL_GeoNetPT02> deverá abrir em Abril
Abril é o mês provável de abertura do Hospital <LOCAL_GeoNetPT02 f_id="182400" t_id="LOC:ADM">Amadora</LOCAL_GeoNetPT02>-<LOCAL_GeoNetPT02 f_id="240249" t_id="LOC:ADM">Sintra</LOCAL_GeoNetPT02> .
Mas os serviços de urgência só deverão funcionar a partir de Junho, disse ao PÚBLICO o presidente da comissão instaladora do hospital, Rafael Ferreira.
Quanto aos serviços materno-infantis, uma das grandes apostas deste novo hospital -- que deverá substituir parte da <LOCALIMPLICITO f_id="196518" t_id="LOC:ADM">Lisboa</LOCALIMPLICITO> Maternidade Alfredo da Costa  e quase toda a Magalhães Coutinho --, eles não irão abrir antes do final do ano.
Segundo Rafael Ferreira, a necessidade de ir testando progressivamente os diferentes serviços de apoio do hospital -- laboratórios, lavandarias, alimentação -- obriga a uma abertura por fases.
Em Abril arrancam as consultas externas e uma pequena parte da área de internamento, ficando o resto das camas à espera de doentes até Julho, altura em que entram também em funcionamento os blocos operatórios.
A abertura de um hospital de dia para doenças infecciosas, destinado aos doentes que necessitam de tratamento mas não de internamento, está prevista para 1996.
A abertura do Hospital <LOCAL_GeoNetPT02 f_id="182400" t_id="LOC:ADM">Amadora</LOCAL_GeoNetPT02>-<LOCAL_GeoNetPT02 f_id="240249" t_id="LOC:ADM">Sintra</LOCAL_GeoNetPT02> , um dos maiores do país, tem vindo a ser adiada sucessivamente, por problemas na construção dos acessos.
O presidente da comissão instaladora é peremptório: se não fosse isso, o hospital já estaria a funcionar.
« No problema dos acessos estiveram envolvidos os ministérios da Saúde, das Obras Públicas ( através da <LOCALIMPLICITO f_id="418745" t_id="PAI:ADM">Portugal</LOCALIMPLICITO> Junta Autónoma das Estradas ), da Defesa ( Comandos da <LOCAL_GeoNetPT02 f_id="182400" t_id="LOC:ADM">Amadora</LOCAL_GeoNetPT02> ) e da Agricultura ( proprietário de alguns terrenos ), a    Câmara da <LOCAL_GeoNetPT02 f_id="31" t_id="CON:ADM">Amadora</LOCAL_GeoNetPT02> e ainda o Instituto Português do Património Arquitectónico e Arqueológico, por causa do  <LOCALIMPLICITO f_id="240249" t_id="LOC:ADM">Sintra</LOCALIMPLICITO>  Palácio de Queluz », refere este responsável.
Os acessos estiveram prestes a ser efectuados através de um túnel subterrâneo à IC 19, a via rápida que liga <LOCAL_GeoNetPT02 f_id="196518" t_id="LOC:ADM">Lisboa</LOCAL_GeoNetPT02> a <LOCAL_GeoNetPT02 f_id="240249" t_id="LOC:ADM">Sintra</LOCAL_GeoNetPT02>.
Por pressão da    Câmara da <LOCAL_GeoNetPT02 f_id="31" t_id="CON:ADM">Amadora</LOCAL_GeoNetPT02>, o hospital optou por construir afinal um viaduto.
« Por causa disso as obras foram suspensas no início de Abril e só se retomaram no final do Verão », diz Rafael Ferreira.
A    Câmara da <LOCAL_GeoNetPT02 f_id="31" t_id="CON:ADM">Amadora</LOCAL_GeoNetPT02> deverá abrir mais tarde um segundo acesso através de uma via rápida ligando o novo hospital à <LOCAL_GeoNetPT02 f_id="182400" t_id="LOC:ADM">Amadora</LOCAL_GeoNetPT02>, à zona do cinema Lido.
Esta ligação passará junto ao quartel dos Comandos da <LOCAL_GeoNetPT02 f_id="182400" t_id="LOC:ADM">Amadora</LOCAL_GeoNetPT02> e prolongar-se-á até <LOCAL_GeoNetPT02 f_id="237786" t_id="LOC:ADM">Queluz</LOCAL_GeoNetPT02> e <LOCAL_GeoNetPT02 f_id="233029" t_id="LOC:ADM">Belas</LOCAL_GeoNetPT02>.
O Hospital da Amadora-Sintra, que recebeu a designação de Fernando Fonseca, vai servir uma população estimada em meio milhão de habitantes e que, de acordo com o presidente da comissão instaladora, apresenta graves « doenças sociais » como a sida, o alcoolismo, a toxicodependência e a hepatite B. Ana Henriques</text>
</root>
