<?xml version="1.0" encoding="utf-8"?>
<root>
  <title>PUBLICO-19950103-068</title>
  <text>Agudiza-se crise entre direcção do    CDS-PP e grupo parlamentar
Nogueira de Brito  renuncia amanhã
São José Almeida
Nogueira de Brito  vai mesmo bater com a porta.
Amanhã, assim que a AR reabrir o deputado renunciará ao lugar que ocupa desde 1979.
É o fim de uma guerra com a direcção-Monteiro, iniciada quando da moção de censura e que poderá ter desenvolvimentos no Congresso.
O deputado quer participar e admite apresentar uma moção de estratégia.
Garante que a sua atitude é « pessoal » e « não obriga os outros deputados ».
Mas Narana lamenta a saída do seu par e classifica-a de « grande perda ».
Já o secretário-geral dos populares diz que a direcção não comenta.
Mas defende a manutenção do convite para que Brito  continue a ser o número um em <LOCAL_GeoNetPT02 f_id="64" t_id="CON:ADM">Braga</LOCAL_GeoNetPT02>.
Nogueira de Brito  vai renunciar ao mandato para que foi eleito pelo CDS quando amanhã recomeçarem os trabalhos da Assembleia da República, confirmou o próprio ao PÚBLICO.
Em pleno hemiciclo anunciará a sua saída de            São Bento, numa curta declaração baseada em motivos de « dignidade » e de « respeito pessoal ».
O adeus que vai dizer ao plenário deverá ficar-se por questões de ordem geral, já que Nogueira de Brito  considera que as suas « divergências » com a direcção-Monteiro só deverão ser expostas no Congresso do CDS-PP, que se realiza a 11 e 12 de Fevereiro.
Está interessado em participar e pondera mesmo a possibilidade de vir a apresentar uma moção de estratégia, apesar de « os prazos serem curtos ».
Perante a eventualidade de perder o lugar de congressista por inerência, Nogueira de Brito  poderá vir a ser eleito como delegado por <LOCAL_GeoNetPT02 f_id="64" t_id="CON:ADM">Braga</LOCAL_GeoNetPT02>.
Sub-secretário de Estado do Trabalho e Previdência Social e depois secretário de Estado do Urbanismo e Habitação, com Marcello Caetano, Nogueira de Brito  reentrou na política quando, em 1979, foi eleito deputado da AD, tendo liderado a bancada centrista na III Legislatura e assegurado a presidência do CDS, após o abandono de Lucas Pires.
Sucessivamente eleito desde então pelo círculo de <LOCAL_GeoNetPT02 f_id="64" t_id="CON:ADM">Braga</LOCAL_GeoNetPT02>, o deputado auto-demissionário confirmou ao PÚBLICO que aceitou o convite que Manuel Monteiro lhe dirigiu, em Setembro, para encabeçar mais uma vez a lista do    CDS-PP naquele distrito.
Só que, na sua opinião, a situação entretanto alterou-se, pelo que não irá ser candidato:
« Se renuncio não vou entrar numa lista agora .»
O deputado explicou que a sua decisão é o culminar de um processo que se iniciou quando da apresentação da moção de censura ao Governo pelo seu partido, da qual foi o primeiro subscritor.
Acrescentando que a sua atitude foi fruto de uma longa reflexão, Nogueira de Brito  sustentou que é necessária uma « relação de confiança entre os deputados e a direcção do partido », para concluir:
«  Comigo não há !»
Sublinhou ainda que a sua decisão « é pessoal e não obriga os outros deputados », frisando:
« Não é uma atitude do grupo é uma situação pessoal .»
« Grande  perda » O PÚBLICO procurou obter, sem êxito, uma reacção do presidente do    CDS-PP, Manuel Monteiro, que se encontra na Madeira.
O secretário-geral, Gonçalo Ribeiro da Costa, limitou-se a afirmar que « a direcção do partido não comenta a saída ».
Já sobre o convite a Nogueira de Brito  para encabeçar a lista por <LOCAL_GeoNetPT02 f_id="64" t_id="CON:ADM">Braga</LOCAL_GeoNetPT02> nas próximas legislativas, Ribeiro da Costa, lembrou que ele foi iniciativa de Monteiro , mas, a título pessoal, defendeu:
« Como encarregado de coordenar a feitura das listas, entendo que se deve manter o convite ao doutor Nogueira de Brito  .»
O líder parlamentar centrista, Narana Coissoró, contactado pelo PÚBLICO, lamentou que Nogueira de Brito  se tenha decidido pelo abandono.
Classificando este acto como « uma grande perda » para a bancada centrista, Narana Coissoró confirmou que está a ponderar a eventualidade de « abandonar o lugar de líder parlamentar », mas não o de deputado:
« Para já, mantenho-me na Assembleia da República .»
Por seu lado, Adriano Moreira não quis comentar a situação, quando contactado pelo PÚBLICO e limitou-se a remeter para anteriores reacções à eventualidade da saída de Brito .
Ou ou seja, a declaração feita à TVI de que se manteria em                      São Bento até ao fim da legislatura.
Ao que o PÚBLICO apurou, mantém-se a intenção da distrital de <LOCAL_GeoNetPT02 f_id="3965" t_id="DST:ADM">Lisboa</LOCAL_GeoNetPT02> de que Adriano Moreira conste num lugar cimeiro na lista da capital, que será encabeçada por Manuel Monteiro.
Um conjunto de nomes propostos pela estrutura alfacinha e que à partida merece o consenso da comissão encarregada de elaborar as listas eleitorais para as legislativas Aí constam também figuras como Bayão-Horta, Jorge Ferreira, Luís Queiró,   Vasco d' Orey, Morais Leitão, Paes Afonso e Celeste Cardona.
Ao que tudo indica Adriano Moreira só se não quiser, não será candidato.
De fora na capital parece, contudo, ir ficar Narana Coissoró, a não ser que haja qualquer alteração.
Consensual parece ser igualmente que o primeiro nome pelo <LOCAL_GeoNetPT02 f_id="3967" t_id="DST:ADM">Porto</LOCAL_GeoNetPT02> seja o de António Lobo Xavier e que Nuno Krus Abecasis será cabeça de lista em <LOCAL_GeoNetPT02 f_id="3969" t_id="DST:ADM">Setúbal</LOCAL_GeoNetPT02>.
Convites desejados pelas respectivas distritais e que merecem o apoio da comissão negocial.</text>
</root>
