<?xml version="1.0" encoding="utf-8"?>
<root>
  <title>PUBLICO-19940401-004</title>
  <text>
Obras de valorização na <LOCAL_GeoNetPT02 f_id="33803" t_id="CST:PHY">Fortaleza de <LOCAL_GeoNetPT02 f_id="132480" t_id="LOC:ADM">Sagres</LOCAL_GeoNetPT02></LOCAL_GeoNetPT02> continuam a suscitar polémica 
Nem sempre o que parece é 
Idálio Revez e Isabel Coutinho 
As obras na <LOCAL_GeoNetPT02 f_id="33803" t_id="CST:PHY">Fortaleza de <LOCAL_GeoNetPT02 f_id="132480" t_id="LOC:ADM">Sagres</LOCAL_GeoNetPT02></LOCAL_GeoNetPT02> estão paradas desde segunda-feira, segundo o IPPAR.
Mas os operários continuaram a trabalhar, diz a associação « Amigos de <LOCAL_GeoNetPT02 f_id="132480" t_id="LOC:ADM">Sagres</LOCAL_GeoNetPT02> » e a população local.
« Não estávamos a demolir nada velho e a fazer nada novo, estávamos só a repintar e acabar umas coisas », justifica o instituto.
Entretanto, na próxima quarta-feira, o Presidente da República visita <LOCAL_GeoNetPT02 f_id="132480" t_id="LOC:ADM">Sagres</LOCAL_GeoNetPT02>.
« As obras na <LOCAL_GeoNetPT02 f_id="33803" t_id="CST:PHY">fortaleza de <LOCAL_GeoNetPT02 f_id="132480" t_id="LOC:ADM">Sagres</LOCAL_GeoNetPT02></LOCAL_GeoNetPT02> estão paradas, paradíssimas, não está lá ninguém », afirmou, ontem, ao PÚBLICO o presidente do Instituto Português do Património Arquitectónico e Arqueológico ( IPPAR ), Nuno Santos Pinheiro.
O PÚBLICO noticiou, no dia 27 de Março, que as obras prosseguiam apesar da Secretaria de Estado da Cultura ( SEC ) ter anunciado, na semana anterior, que as obras seriam paralisadas.
O presidente do IPPAR explica:
« Entre a ordem do senhor secretário de Estado da Cultura e a minha houve, de facto, um diferencial de tempo .»
Justifica-o « pela necessidade de querer deixar a parte da frente do edifício acabada para dar ambiente, e para que as pessoas que lá forem terem uma leitura mais clara do que se está a fazer ».
No entanto, Luís Levezinho, representante da associação « Amigos de <LOCAL_GeoNetPT02 f_id="132480" t_id="LOC:ADM">Sagres</LOCAL_GeoNetPT02> », disse na quarta-feira ao PÚBLICO que « as obras têm continuado ».
 Nuno Santos Pinheiro explica:
« Ontem, quarta-feira, vi no TV2 Jornal, da RTP, as declarações que fiz no Dia Nacional dos Centros Históricos [ 28/03/94 ], em <LOCAL_GeoNetPT02 f_id="139338" t_id="LOC:ADM">Trancoso</LOCAL_GeoNetPT02>.
Eu afirmava que a obra tinha parado.
Eles também diziam que só tinham parado ontem.
Isso não é verdade porque na segunda-feira, quando afirmei que as obras tinham acabado, elas tinham de facto acabado.
Confirmei hoje de manhã aqui no instituto que na segunda-feira foi mandado de imediato uma ordem, por fax, à firma Proconsel para que as obras acabassem.
E elas acabaram nesse dia.
Não tenho qualquer tipo de dúvida .»
De facto, o PÚBLICO apurou que o fax foi enviado para <LOCAL_GeoNetPT02 f_id="123711" t_id="LOC:ADM">Lagos</LOCAL_GeoNetPT02>no dia 28 de Março,às 11h42 da manhã.
 Luís Levezinho, representante da associação « Amigos de <LOCAL_GeoNetPT02 f_id="132480" t_id="LOC:ADM">Sagres</LOCAL_GeoNetPT02> » desmente o presidente do IPPAR.
« As obras tem continuado .»
Para a alegada suspensão, ordenada pela SEC, justifica, « ela não poderá ser desligada da visita ao local do Presidente da República, na próxima quarta-feira ».
Os « Amigos de Sagres » criticam, por outro lado, o secretário de Estado da Cultura, Pedro Santana Lopes, por ter tido uma « postura arrogante » sempre que lhe foi proposto discutir o problema de <LOCAL_GeoNetPT02 f_id="132480" t_id="LOC:ADM">Sagres</LOCAL_GeoNetPT02>.
 Luís Levezinho recordou que o secretário de Estado terá dito, há um ano, que as obras não iriam parar:
« Só por cima do meu cadáver » foi a frase que, diz, lhe ficou na memória.
« Não podemos confundir as coisas », contrapõe o presidente do IPPAR.
« As obras pararam, mas o facto da obra parar não significa que o empreiteiro possa deixar o estaleiro da forma como ele está.
Tem que o arrumar, há massas que têm que ser arrumadas, há cimento que precisa de ser guardado, etc. Inclusivamente há vários tipos de material, mil e uma coisas, que é natural que tivessem acabado de ser arrumadas só na quarta-feira.
Agora, a obra em si acabou na segunda-feira .»
E acrescenta:
« Havia determinado tipo de coisas como a caiação das paredes exteriores daquele edifício que já estava feito que convinha ser acabado, e algumas coisas no interior, mas que não tinham interesse de maior.
Não estávamos a demolir nada velho e a fazer nada novo, estávamos só repintar e acabar umas coisas .»
Suspensão da 2ª fase 
À suspensão da empreitada da 2ª fase da « valorização da <LOCAL_GeoNetPT02 f_id="33803" t_id="CST:PHY">Fortaleza de <LOCAL_GeoNetPT02 f_id="132480" t_id="LOC:ADM">Sagres</LOCAL_GeoNetPT02></LOCAL_GeoNetPT02> » correspondem os trabalhos referentes aos corpos B, C, e D, igreja, recepção, cozinha e instalações mecânicas e arranjos exteriores ( posto de turismo, bar, restaurante e casa do guarda, galeria de exposições ).
E à primeira fase correspondia a valorização da fortaleza, restauro das muralhas e adaptação do edifício da Pousada da Juventude.
Uma das partes da segunda fase da obra « ainda não começou », explica o presidente do IPPAR .»
Havia um problema com o realojamento de duas famílias que lá estavam a viver.
Neste momento, essas pessoas já estão praticamente autorizadas a sair de lá.
Só estou à espera de assinar um protocolo com o director-geral das Infra-Estruturas da Defesa Nacional para que essas pessoas venham para a zona da <LOCAL_GeoNetPT02 f_id="131028" t_id="LOC:ADM">Balieira</LOCAL_GeoNetPT02> onde se alugaram duas casas para os alojar.
Esse trecho faz parte da segunda fase das obras que não foi iniciado », explica.
« Uma outra parte desta segunda fase foi iniciada, é a zona do restaurante.
Essa zona não está acabada porque o senhor secretário de Estado entendeu que deveria mandar parar a obra no sentido de ouvir a opinião das pessoas .»
Na opinião de Luís Levezinho, o defensor de <LOCAL_GeoNetPT02 f_id="132480" t_id="LOC:ADM">Sagres</LOCAL_GeoNetPT02>, em versão original, o investimento que foi feito no promontório não veio « valorizar » o património, mas sim « desvalorizar » um espaço « nobre e sagrado » que deveria ser respeitado.
De início, lembrou, a população não se apercebeu do que ali iria ser construído, mas depois que os edifícios se ergueram, tentaram saber o que se iria passar.
Mas apesar das « inúmeras insistências » junto do secretário de Estado da Cultura e da Câmara Municipal, « nada conseguimos saber ».
Em relação aos projectos de futuro, afirma que a situação de « nada dizerem » mantém-se.
E no que diz respeito à notícia da paragem das obras « gostaríamos de conhecer os contornos dessa decisão ».
O processo, sublinhou, « desde o princípio nunca foi transparente ».
E uma das coisas que mais o chocou foi quando a população de <LOCAL_GeoNetPT02 f_id="132480" t_id="LOC:ADM">Sagres</LOCAL_GeoNetPT02> reclamava o debate das ideias, e « o secretário de Estado da Cultura disse que éramos irresponsáveis e pouco inteligentes ».
« Algum político anda-nos a enganar » Se o presidente do IPPAR, Nuno Santos Pinheiro, mantém a afirmação de que as obras pararam, Levezinho contrapõe:
« Venham ver porque ainda hoje, quarta-feira, lá fui e estavam a trabalhar .»
No meio desta confusão, ironizou, « até parece que estamos no tempo do Infante em que as ordens de <LOCAL_GeoNetPT02 f_id="196518" t_id="LOC:ADM">Lisboa</LOCAL_GeoNetPT02> levavam meses a chegarem ao <LOCAL_GeoNetPT02 f_id="418729" t_id="PRO:ADM">Algarve</LOCAL_GeoNetPT02> ».
Ou então, concluiu, « algum político anda-nos a enganar ».
A visita do Presidente da República, na opinião de Luís Levezinho, poderá servir de pretexto para dar a conhecer os « atentados » que foram cometidos em <LOCAL_GeoNetPT02 f_id="132480" t_id="LOC:ADM">Sagres</LOCAL_GeoNetPT02>.
 Pedro Santana Lopes, disse, « só visitou o local uma vez, à noite, e só quem o viu foi o guarda da Fortaleza ».
Para os « Amigos de <LOCAL_GeoNetPT02 f_id="132480" t_id="LOC:ADM">Sagres</LOCAL_GeoNetPT02> » a questão exige ser « discutida com seriedade ».
O restaurante panorâmico, em fase de conclusão, na perspectiva da associação local de defesa do património, « está em concorrência directa com os equipamentos similares que existem na vila », e, diz Luís Levezinho, « não será, porventura, o espaço mais indicado para construir um restaurante ».
A <LOCAL_GeoNetPT02 f_id="33803" t_id="CST:PHY">fortaleza de <LOCAL_GeoNetPT02 f_id="132480" t_id="LOC:ADM">Sagres</LOCAL_GeoNetPT02></LOCAL_GeoNetPT02> é um dos locais mais visitados do <LOCAL_GeoNetPT02 f_id="418729" t_id="PRO:ADM">Algarve</LOCAL_GeoNetPT02>, apesar de, nesta altura, não existir nenhum posto de turismo aberto para prestar quaisquer informações.
Os turistas que ali se dirigem deparam com os dois novos prédios de linhas modernas, mandados construir pelo  IPPAR.
O presidente do instituto lembra que efectivamente foi o IPPAR que mandou construir « mas o projecto foi aceite por um júri enormíssimo onde estava também o presidente da câmara de <LOCAL_GeoNetPT02 f_id="321" t_id="CON:ADM">Vila do Bispo</LOCAL_GeoNetPT02>, etc, e que escolheu esse projecto entre muitos .»
« Estamos a preparar no dia 17 e 19 deste mês ter a exposição montada com o projecto, uma nos Jerónimos e outra lá em baixo, na Fortaleza, naquele espaço que já está construído e pronto.
Temos já preparado e concluído um estudo de museologia para pôr lá.
Vamos fazer a exposição para as pessoas irem ver e aí dizerem da sua justiça.
Depois logo se decide o que se há-de fazer .»
, conclui.
</text>
</root>
