<?xml version="1.0" encoding="utf-8"?>
<root>
  <title>PUBLICO-19950107-115</title>
  <text>
Bairro de Santa Cruz 
CRIL à espera de uma decisão
A forma que a Circular Regional Interior de <LOCAL_GeoNetPT02 f_id="196518" t_id="LOC:ADM">Lisboa</LOCAL_GeoNetPT02> ( CRIL ) vai ter na zona do Bairro de Santa Cruz de Benfica continua em aberto.
O único dado concreto é que a obra está parada, à espera de uma decisão que confirme a construção do viaduto, como estava decidido, ou túnel, solução reclamada pela comissão de moradores.
A obra conheceu uma pausa nas últimas semanas, devido aos protestos dos moradores, que se insurgem contra a solução viaduto, que implicaria a demolição de, pelo menos, oito moradias, mas que poderia atingir 67 e afectaria seriamente as condições de vida em dezenas de outras.
O Instituto Português do Património Cultural (  Ippar ), apontado como o principal obstáculo à construção do túnel, reafirmou ontem que não se opõe completamente a essa solução.
« Desde que o túnel não colida com o monumento nacional nada temos a opor », disse ontem o presidente daquele organismo, Nuno Santos Pinheiro.
Recorde-se que um primeiro projecto de túnel, datado de 1989 mereceu então o acordo do instituto por não implicar a destruição do monumento.
Da parte do Ministério das Obras Públicas, têm sido feitas declarações, não oficiais, que dão a entender que o viaduto não avançará.
Mas nada de concreto ainda foi feito.
Por outro lado, uma decisão favorável ao túnel significaria uma desautorização do secretário de Estado, Álvaro Magalhães, que tomou, em Fevereiro do ano passado, a decisão de construir o viaduto para o troço da CRIL.
Nessa altura, quando ainda não estava pronto o necessário estudo de impacto ambiental, o secretário de Estado decidiu-se pelo viaduto a partir das informações que lhe foram prestadas pelo presidente da  Junta Autónoma de Estradas ( JAE ), Rangel de Lima , de que ambas as soluções -- túnel e viaduto -- Êtinham « vantagens e inconvenientes ».
As maiores reservas à solução túnel partiram do  Ippar, por causa do impacto negativo no  <LOCALIMPLICITO f_id="196518" t_id="LOC:ADM">Lisboa</LOCALIMPLICITO>     Aqueduto das Águas Livres , que passa enterrado no local, cerca de oito metros.
Contra o viaduto foram alinhadas razões de impacto ambiental -- como o ruído, a poluição e o impacto visual -- e a posição dos municípios de <LOCAL_GeoNetPT02 f_id="146" t_id="CON:ADM">Lisboa</LOCAL_GeoNetPT02> e da <LOCAL_GeoNetPT02 f_id="31" t_id="CON:ADM">Amadora</LOCAL_GeoNetPT02>, apesar de, no caso da capital, ter havido algumas ambiguidades ao longo do processo.
Tudo somado, a JAE considerou, há cerca de um ano, que, « do ponto de vista rodoviário, qualquer das soluções » era « aceitável em termos de características técnicas, sendo mais económica e mais expedita a solução viaduto ».
Terão sido estes os argumentos fundamentais para a decisão de Álvaro Magalhães.
Um estudo da Coba -- empresa que comparou as duas hipóteses do ponte de vista ambiental -- referia expressamente que aquele instituto esteve « aberto a reapreciar o assunto, admitindo no extremo a demolição do aqueduto pelo túnel, mas mantendo a parte visível dos respiradouros ».
A confirmar-se a opção pelo túnel levantam-se, porém, novas questões: o já parcialmente construído, e em funcionamento, nó da <LOCAL_GeoNetPT02 f_id="182498" t_id="ZON:ADM">Buraca</LOCAL_GeoNetPT02> terá de ser rebaixado, o que não deixará de implicar um acréscimo de custos e um atraso na construção deste troço da CRIL.
J.M.R.
</text>
</root>
