<?xml version="1.0" encoding="utf-8"?>
<root>
  <title>PUBLICO-19940418-047</title>
  <text>
O filme « Os Vampiros », de Louis Feuillade, é exibido na Cinemateca, na <LOCAL_GeoNetPT02 f_id="201376" t_id="RUA:ADM">Rua Barata Salgueiro</LOCAL_GeoNetPT02>, em <LOCAL_GeoNetPT02 f_id="196518" t_id="LOC:ADM">Lisboa</LOCAL_GeoNetPT02>, às 18h30.
No ABC Cine-clube de <LOCAL_GeoNetPT02 f_id="196518" t_id="LOC:ADM">Lisboa</LOCAL_GeoNetPT02>, na <LOCAL_GeoNetPT02 f_id="202103" t_id="RUA:ADM">Rua Conde de Redondo</LOCAL_GeoNetPT02>, é projectado, pela primeira vez em <LOCAL_GeoNetPT02 f_id="418745" t_id="PAI:ADM">Portugal</LOCAL_GeoNetPT02>, o filme « The Falls ».
« Esta Noite Improvisa-se », de Pirandello, é representado às 21h30 no Grande Auditório da Caixa Geral de Depósitos.
No <LOCALIMPLICITO f_id="196518" t_id="LOC:ADM">Lisboa</LOCALIMPLICITO> Museu Nacional do Traje, no <LOCAL_GeoNetPT02 f_id="199807" t_id="LRG:ADM">Largo Júlio Castilho</LOCAL_GeoNetPT02>, ao <LOCAL_GeoNetPT02 f_id="1715" t_id="FRG:ADM">Lumiar</LOCAL_GeoNetPT02>, em <LOCAL_GeoNetPT02 f_id="196518" t_id="LOC:ADM">Lisboa</LOCAL_GeoNetPT02>, está patente a exposição « Trajes Míticos da Cultura Regional Portuguesa ».
« Young European Artists Competition » é o nome da exposição internacional de fotograia que pode ser vista no <LOCALIMPLICITO f_id="196518" t_id="LOC:ADM">Lisboa</LOCALIMPLICITO> Centro Cultural de Belém .
No <LOCALIMPLICITO f_id="196518" t_id="LOC:ADM">Lisboa</LOCALIMPLICITO> Mosteiro de <LOCAL_GeoNetPT02 f_id="1741" t_id="FRG:ADM">São Vicente de Fora</LOCAL_GeoNetPT02> está patente a exposição « Encontro de Culturas -- Oito Séculos de Missionação Portuguesa ».
As fotografias de Miguel Soares estão exposta na Galeria Monumental.
O Gabinete de Deenhos do <LOCALIMPLICITO f_id="196518" t_id="LOC:ADM">Lisboa</LOCALIMPLICITO> Museu Nacional de Arte Antiga mostra diversos trabalhos de mestres europeus do Renascimento, do Neoclassicismo e do Realismo.
Na galeria da cervejaria Trindade decorre a exposição de pintura « PrimaveraSurrealista ».
</text>
</root>
