<?xml version="1.0" encoding="utf-8"?>
<root>
  <title>PUBLICO-19940402-054</title>
  <text>
Avivar a memória Aquando da independência dos países africanos sob administração colonial inglesa e francesa, houve em <LOCAL_GeoNetPT02 f_id="418745" t_id="PAI:ADM">Portugal</LOCAL_GeoNetPT02> uma ventilação das ideias nos círculos de poder em relação à problemática colonial portuguesa.
É claro que nada transpirou, mas é lícito pensar, e, neste caso, reportando-me a Angola, que o regime então existente estava preparado para endurecer posições assim que os movimentos de libertação tomassem medidas de acção armada contra o domínio colonial.
Torna-se agora claro que o regime esperou pelo ataque dos movimentos para legitimar perante o mundo o esmagamento desses mesmos movimentos e da luta de libertação.
Observe-se que, na altura em que se dá o golpe do 25 de Abril de 1974, (...
) a acção armada dos movimentos de libertação em Angola, seja  MPLA,  FNLA ou  UNITA, estava reduzida e circunscrita a áreas rurais do Norte e Leste e que o próprio movimento da  FNLA estava quase reduzido a uma representação diplomática em Kinshasa.
O então Governo português liderado por Vasco Gonçalves (...
) tem para com Angola acções tendentes a entronizar o  MPLA, então subserviente em relação a Moscovo, senão totalmente dependente.
Este entronizar do  MPLA, com o consequente prejuízo da  FNLA e da  UNITA, é o cerne, se bem que invisível para a opinião pública, da leitura do acordo de descolonização assinado em <LOCAL_GeoNetPT02 f_id="128657" t_id="LOC:ADM">Alvor</LOCAL_GeoNetPT02>, em 1974, pelos responsáveis da parte portuguesa (...
) e pelos responsáveis dos movimentos de libertação, Holden Roberto pela  FNLA, Agostinho Neto pelo  MPLA e Jonas Savimbi pela  UNITA.
Os acordos de <LOCAL_GeoNetPT02 f_id="128657" t_id="LOC:ADM">Alvor</LOCAL_GeoNetPT02> foram extremamente lesivos tanto para os portugueses radicados em Angola como para os angolanos.
(...
) O resultado está à vista.
Pena que <LOCAL_GeoNetPT02 f_id="418745" t_id="PAI:ADM">Portugal</LOCAL_GeoNetPT02> não se tenha ele próprio curado desta ferida ainda aberta e tão dolorosa para os angolanos.
Que a memória não seja curta.
Ângelo Rodrigues Ferreira Peso da Régua
</text>
</root>
