<?xml version="1.0" encoding="utf-8"?>
<root>
  <title>PUBLICO-19940402-044</title>
  <text>
« Autarquias devem especializar-se em fundos comunitários », recomenda Pereira Reis GAT para que vos quero Fernanda Ribeiro O Governo já começou a extinguir os Gabinetes de Apoio Técnico que criou em 1979 para apoiar as câmaras na elaboração de projectos.
As autarquias do interior queixam-se de « ficar sem alternativa » quando mais precisam dos GAT, para as candidaturas ao novo Quadro Comunitário de Apoio.
Mas o Governo já tem solução: encomendem os projectos a empresas, porque, se as obras foram financiadas, eles até saem de graça.
Custam demasiado caro ao Ministério do Planeamento e Administração do Território: 2,5 milhões de contos por ano.
São os Gabinetes de Apoio Técnico ( GAT ), que o Governo criou em 1989 para apoiar as câmaras na elaboração de projectos mas que agora decidiu começar a extinguir.
Para já, desaparecem « oito ou nove », adiantou ao PÚBLICO Pereira Reis, secretário de Estado da Administração Local e Ordenamento do Território.
Mas há já  Câmaras a protestar, afirmando que ficam sem alternativa, na altura em que mais precisam dos GAT para os projectos de obras a candidatar ao novo Quadro Comunitário de Apoio.
A resposta do Governo às autarquias é, porém, aparentemente contraditória: « Especializem-se em projectos comunitários .»
É que os GAT não fazem só projectos candidatos aos subsídios da Comunidade e, « muitas vezes, fazem outros, como quartéis de bombeiros e centros de saúde », obras que acabam por não ser pagas pelas autarquias e que implicam novos gastos para o Governo, como sublinha Pereira Reis.
E assim, aos 2,5 milhões que o Ministério do Planeamento e Administração do Território já gasta no pagamento do pessoal afecto a estes organismos, vêm juntar-se os montantes das obras propriamente ditas, que os municípios, já com projectos na mão, vêm reivindicar junto do Executivo, como salienta aquele membro do Governo.
E o dinheiro « não falta só às câmaras », lembra o secretário de Estado, que considera que a solução para as autarquias é « especializarem-se em fundos comunitários ».
Mas como, se muitas não dispõem, nos seus quadros, dos técnicos necessários?
« Encomendem-nos a projectistas de fora » porque, se as obras vierem a ser financiadas, eles até saem de graça, já que, nesse caso, « os fundos comunitários pagam os projectos, o mesmo não acontecendo quando eles são feitos pelos GAT », dado serem organismos do Estado.
Essa poderá vir a ser uma hipótese, até porque, no terreno, a capacidade dos GAT está cada vez mais enfraquecida.
Alguns até já desapareceram, como o de <LOCAL_GeoNetPT02 f_id="84" t_id="CON:ADM">Castro Verde</LOCAL_GeoNetPT02>, e outros têm vindo a perder quadros.
Um arquitecto para 800 Km2 O Gabinete de Apoio Técnico de Beja, encarregue de elaborar os projectos das candidaturas de nove autarquias alentejanas ao novo Quadro de Comunitário de Apoio, está actualmente reduzido a um arquitecto, o coordenador, dos cinco que ali trabalhavam -- além de dois engenheiros civis, um engenheiro técnico, um desenhador, um topógrafo e fiscais.
Este GAT presta apoio técnico a uma vasta área de cerca de 800 quilómetros quadrados -- quase todo o distrito de <LOCAL_GeoNetPT02 f_id="3945" t_id="DST:ADM">Beja</LOCAL_GeoNetPT02>, à excepção do concelho de <LOCAL_GeoNetPT02 f_id="197" t_id="CON:ADM">Odemira</LOCAL_GeoNetPT02>.
Os municípios abrangidos pela área de actuação do GAT de <LOCAL_GeoNetPT02 f_id="32033" t_id="LOC:ADM">Beja</LOCAL_GeoNetPT02> são do interior, onde é difícil fixar técnicos e o desenvolvimento passa, em grande medida, pela capacidade de captar fundos comunitários para as obras a promover -- a maior parte delas candidatando-se com projectos elaborados pelo GAT, já que, à excepção de <LOCAL_GeoNetPT02 f_id="3945" t_id="DST:ADM">Beja</LOCAL_GeoNetPT02>, são poucas as autarquias que dispõem, nos seus quadros, de técnicos que os possam elaborar.
Embora manifestando sinais de esvaziamento do seu quadro, o GAT de <LOCAL_GeoNetPT02 f_id="32033" t_id="LOC:ADM">Beja</LOCAL_GeoNetPT02> não deverá ser extinto e, pelo contrário, de acordo com a filosofia do Governo, ele poderá até vir a abranger novas autarquias.
Para já, só nove dos 52 Gabinetes de Apoio Técnico criados no país em 1989 serão oficialmente extintos, com a publicação da portaria conjunta dos ministérios das Finanças e do Planeamento e Administração do Território, que vem regulamentar o decreto-lei publicado em finais do passado mês de Fevereiro e em que se anunciava a decisão, embora não explicitando quais os organismos que deixariam de existir.
 Compasso de espera Esse compasso de espera deixou confusas algumas autarquias, que, embora não tendo oficialmente notícia da extinção dos GAT que lhe prestavam apoio, desde logo se queixaram por não saberem qual a alternativa.
« A quem vamos agora pedir que nos elabore os projectos ?»
, questionam autarcas de <LOCAL_GeoNetPT02 f_id="53" t_id="CON:ADM">Barrancos</LOCAL_GeoNetPT02>, <LOCAL_GeoNetPT02 f_id="276" t_id="CON:ADM">Serpa</LOCAL_GeoNetPT02>, <LOCAL_GeoNetPT02 f_id="187" t_id="CON:ADM">Mourão</LOCAL_GeoNetPT02> e <LOCAL_GeoNetPT02 f_id="191" t_id="CON:ADM">Mértola</LOCAL_GeoNetPT02>, afectas ao GAT de <LOCAL_GeoNetPT02 f_id="186" t_id="CON:ADM">Moura</LOCAL_GeoNetPT02>, um dos que tende a ser extinto.
Actualmente reduzido a apenas três técnicos, um deles com funções de direcção, além de um engenheiro civil e um electrotécnico, este GAT foi sendo esvaziado dos seus quadros, que também já teve arquitectos.
A alternativa seria encomendar os projectos a empresas especializadas, mas isso custaria caro e as autarquias não teriam dinheiro para os pagar.
Já o secretário de Estado da Administração Local e Ordenamento do Território acha que as câmaras estão a fazer uma tempestade num copo de água e que os protestos não passam da « tradicional reacção à mudança », que « é muito comum » em <LOCAL_GeoNetPT02 f_id="418745" t_id="PAI:ADM">Portugal</LOCAL_GeoNetPT02>.
 Pereira Reis afirma que « a portaria deverá sair esta semana e nela serão explicitados quais os GAT que vão ser extintos ».
Mas adianta que, para já, apenas desaparecem do mapa os gabinetes que « já estavam moribundos » e se encontram « menos apetrechados ».
Os equipamentos seriam da competência das autarquias, que também investem nos GAT com uma percentagem do seu quinhão no Fundo de Equilíbrio Financeiro -- verba que nem sequer chegam a ver, porque lhes é descontada, à partida, pelo poder central.
« Houve câmaras que não investiram em meios técnicos, nomeadamente informáticos, e outras que, pelo contrário equiparam os GAT de tal forma que eles fazem inveja a muitos serviços públicos.
Por outro lado, houve casos em que as autarquias criaram os seus próprios quadros técnicos, algumas absorvendo os quadros dos GAT, que, naturalmente, se foram esvaziando », afirma Pereira Reis.
Mas, sublinha, « as autarquias não ficam sem alternativa, porque terão sempre o apoio de um GAT, aquele que lhes vier a corresponder ».
« O que se está a fazer é redimensionar as áreas de actuação dos gabinetes, que tendencialmente deverão passar a corresponder às das NUT [ nomenclatura das unidades territoriais para fins estatísticos ] por serem o único quadro de agrupamentos de municípios existente e válido em Bruxelas », em que o Governo se pode basear, « além da tradicional divisão dos distritos ».
A tendência para fazer corresponder os GAT às NUT traduzir-se-ia, por exemplo, no caso do <LOCAL_GeoNetPT02 f_id="12" t_id="NT2:ADM">Alentejo</LOCAL_GeoNetPT02>, em subsistirem os de <LOCAL_GeoNetPT02 f_id="58" t_id="CON:ADM">Beja</LOCAL_GeoNetPT02>, <LOCAL_GeoNetPT02 f_id="346" t_id="CON:ADM">Évora</LOCAL_GeoNetPT02>, <LOCAL_GeoNetPT02 f_id="235" t_id="CON:ADM">Portalegre</LOCAL_GeoNetPT02> e <LOCAL_GeoNetPT02 f_id="14" t_id="NT3:ADM">Alentejo Litoral</LOCAL_GeoNetPT02>.
No entanto, segundo Pereira Reis, para já, a extinção aplicar-se-á de forma relativamente uniforme, de dois por cada região.
No <LOCAL_GeoNetPT02 f_id="418729" t_id="PRO:ADM">Algarve</LOCAL_GeoNetPT02>, desaparece o de <LOCAL_GeoNetPT02 f_id="282" t_id="CON:ADM">Silves</LOCAL_GeoNetPT02>, que nunca conseguiu fixar técnicos, restando um para o Barlavento e outro para o Sotavento.
Em cada uma das outras regiões -- Norte, Centro e Lisboa e Vale do Tejo --, deverão desaparecer dois GAT.
Quanto ao facto de os protestos surgirem particularmente nas autarquias alentejanas -- <LOCAL_GeoNetPT02 f_id="276" t_id="CON:ADM">Serpa</LOCAL_GeoNetPT02>, <LOCAL_GeoNetPT02 f_id="186" t_id="CON:ADM">Moura</LOCAL_GeoNetPT02>, <LOCAL_GeoNetPT02 f_id="180" t_id="CON:ADM">Montemor-o-Novo</LOCAL_GeoNetPT02>, <LOCAL_GeoNetPT02 f_id="2081" t_id="FRG:ADM">Monforte</LOCAL_GeoNetPT02>, <LOCAL_GeoNetPT02 f_id="105" t_id="CON:ADM">Elvas</LOCAL_GeoNetPT02> e Campo Maior são algumas das que já se pronunciaram, considerando « uma injustiça » a extinção dos GAT ou reclamando alternativas --, entende-o como um sinal típico de câmaras comunistas, que reagem sempre mal a eventuais mudanças.
Omeletas sem ovos Mas esta « mudança », embora aumente as áreas de actuação dos GAT, não prevê qualquer nova dotação em meios humanos ou técnicos, o que, para as autarquias, é como querer fazer omeletas sem ovos.
« Como é que as câmaras podem pedir a um GAT que tem já poucos meios humanos para que lhes façam mais projectos ?»
-- interroga Carlos de Sá, presidente da  Câmara de <LOCAL_GeoNetPT02 f_id="180" t_id="CON:ADM">Montemor-o-Novo</LOCAL_GeoNetPT02>, onde funciona um GAT que actualmente presta apoio a três outras autarquias: <LOCAL_GeoNetPT02 f_id="184" t_id="CON:ADM">Mora</LOCAL_GeoNetPT02>, <LOCAL_GeoNetPT02 f_id="314" t_id="CON:ADM">Vendas Novas</LOCAL_GeoNetPT02> e <LOCAL_GeoNetPT02 f_id="41" t_id="CON:ADM">Arraiolos</LOCAL_GeoNetPT02>.
E se, como recomenda Pereira Reis, os encomendarem a projectistas, podem estar a correr um risco: o de envolverem a autarquia -- forçosamente de fracos recursos, já que as que carecem de técnicos são as mais pequenas e menos densamente habitadas -- em gastos que não sabem, à partida, se terão capacidade para cobrir, no caso de as obras em questão acabarem por não ser financiadas por fundos comunitários.
</text>
</root>
