<?xml version="1.0" encoding="utf-8"?>
<root>
  <title>PUBLICO-19950108-067</title>
  <text>O-Vai Ser 9 a 15 Jan
Dia 9 · Reunião, em Genebra, dos ministros dos Negócios Estrangeiros de <LOCAL_GeoNetPT02 f_id="418745" t_id="PAI:ADM">Portugal</LOCAL_GeoNetPT02> e da Indonésia, para discutir o futuro de Timor-Leste.
· Abertura do seminário « Os direitos da pessoa e a comunicação social », na Fundação Calouste Gulbenkian, em <LOCAL_GeoNetPT02 f_id="196518" t_id="LOC:ADM">Lisboa</LOCAL_GeoNetPT02>.
· Inauguração oficial da exposição « O Mundo de Anne Frank », no Palácio D. Manuel, em <LOCAL_GeoNetPT02 f_id="111074" t_id="LOC:ADM">Évora</LOCAL_GeoNetPT02>.
· Começo do Campeonato do Mundo de vela, classe 420, na Austrália.
Dia 10 · Início da conferência anual dos bispos asiáticos, em Manila, Filipinas.
· Privatização da Rodoviária do Sul do Tejo, na Bolsa de Valores de Lisboa.
· Decorre na Universidade Portucalense, no <LOCAL_GeoNetPT02 f_id="290154" t_id="LOC:ADM">Porto</LOCAL_GeoNetPT02>, o II Encontro de Historiadores Luso-Brasileiros dedicado à marginalização social.
· Apresentação pública da Associação para a Formação de Pais, no Auditório Cardeal Medeiros da Universidade Católica Portuguesa.
Dia 11
· O Presidente norte-americano, Bill Clinton, recebe em Washington o primeiro-ministro do Japão, Tomiichi Murayama.
· É retomado, no Tribunal de     Alcobaça, o julgamento do ex-presidente da Câmara Municipal da <LOCAL_GeoNetPT02 f_id="192" t_id="CON:ADM">Nazaré</LOCAL_GeoNetPT02>, Luís Monterroso.
· O Sporting recebe o Boavista, no Estádio de <LOCAL_GeoNetPT02 f_id="418450" t_id="FRG:ADM">Alvalade</LOCAL_GeoNetPT02>, em jogo de desempate da quinta eliminatória da Taça de Portugal.
Dia 12
· Eleições legislativas antecipadas no Níger.
· O Papa João Paulo II inicia uma visita às Filipinas, onde preside, em Manila, no próximo dia 15, às comemorações do  Dia Mundial da Juventude.
· Arrancam os Campeonatos Internacionais de Portugal de badminton, no pavilhão do Complexo Municipal de Desportos Cidade de Almada.
· Início do Open da Nova Zelândia em golfe.
Dia 13
· Passam quatro anos sobre a reeleição de Mário Soares como Presidente da República.
· Encontro das autarquias da Área Metropolitana de <LOCAL_GeoNetPT02 f_id="196518" t_id="LOC:ADM">Lisboa</LOCAL_GeoNetPT02>, na Sociedade de Geografia de Lisboa.
· Começa, no Rio de Janeiro, a II Taça do Brasil de Natação, com a participação de nadadores portugueses.
Dia 14
· A Associação de Utentes da Ponte 25 de Abril promove no Pavilhão Carlos Lopes, em <LOCAL_GeoNetPT02 f_id="196518" t_id="LOC:ADM">Lisboa</LOCAL_GeoNetPT02>, um concerto de angariação de fundos para Luís Miguel Figueiredo, o jovem baleado no <LOCAL_GeoNetPT02 f_id="345296" t_id="ZON:ADM">Pragal</LOCAL_GeoNetPT02>.
· Têm início, em <LOCAL_GeoNetPT02 f_id="418745" t_id="PAI:ADM">Portugal</LOCAL_GeoNetPT02>, as comemorações antonianas, destinadas a assinalar o oitavo centenário do nascimento de Santo António.
· Campeonato de Lisboa de Corta-Mato, nas <LOCAL_GeoNetPT02 f_id="223035" t_id="ZON:ADM">Patameiras</LOCAL_GeoNetPT02>, <LOCAL_GeoNetPT02 f_id="222969" t_id="LOC:ADM">Odivelas</LOCAL_GeoNetPT02>.
Dia 15
· Butros-Ghali, secretário-geral da ONU, inicia uma visita à Dinamarca, para preparar a Cimeira Social Mundial, que decorrerá em Copenhagaem Março.
· Jogos da 17ª jornada, e última da primeira volta, do Campeonato Nacional de Futebol da I Divisão.
· Esgrima: Torneio de Inverno de Sabre, no Complexo Desportivo da Lapa, em <LOCAL_GeoNetPT02 f_id="196518" t_id="LOC:ADM">Lisboa</LOCAL_GeoNetPT02>.</text>
</root>
