<?xml version="1.0" encoding="utf-8"?>
<root>
  <title>PUBLICO-19940402-042</title>
  <text>
Concerto ao vivo na Gartejo, a <LOCAL_GeoNetPT02 f_id="207969" t_id="ZON:ADM">Alcântara</LOCAL_GeoNetPT02>, com a Banda Mecos.
A partir das 24h00.
Exposição de pintura de Teresa Furtado patente na Galeria Municipal Gymnásio, <LOCAL_GeoNetPT02 f_id="205763" t_id="RUA:ADM">Rua da Misericórdia</LOCAL_GeoNetPT02>, 12.
Todos os dias, excepto à segunda-feira, até 17 de Abril.
No Cinearte, ao <LOCAL_GeoNetPT02 f_id="199668" t_id="LRG:ADM">Largo de Santos</LOCAL_GeoNetPT02>, os Irmãos Catita apresentam mais um espectáculo.
A partir da 1h00 da madrugada.
Continua a mostra de artesanato na Oficina da Cultura, Praça S. João Baptista, em <LOCAL_GeoNetPT02 f_id="345034" t_id="LOC:ADM">Almada</LOCAL_GeoNetPT02>.
Patente até 8 de Abril.
Na Casa de Bocage, Rua Edmond Bartissol, em <LOCAL_GeoNetPT02 f_id="371672" t_id="LOC:ADM">Setúbal</LOCAL_GeoNetPT02>, decorre a exposição de pintura de Ernst Beyeler.
Para ver todos os dias, excepto domingos e feriados, até 16 de Abril.
 Ana Marchand expõe no  Convento S. João de Deus, em <LOCAL_GeoNetPT02 f_id="114552" t_id="LOC:ADM">Montemor-o-Novo</LOCAL_GeoNetPT02>.
« 3 Crónicas de Barcelona » é o nome da exposição patente até 15 de Abril.
Todos os dias excepto domingos e feriados.
Mostra de tapeçarias de Marieta Miguel na Galeria Municipal de Exposições de <LOCAL_GeoNetPT02 f_id="85835" t_id="LOC:ADM">Alverca</LOCAL_GeoNetPT02>, Centro Comercial Parque, em <LOCAL_GeoNetPT02 f_id="85835" t_id="LOC:ADM">Alverca</LOCAL_GeoNetPT02>.
Patente até 30 de Abril.
Na galeria de arte Capitel, <LOCAL_GeoNetPT02 f_id="170730" t_id="RUA:ADM">Rua Engenheiro Duarte Pacheco</LOCAL_GeoNetPT02>, em <LOCAL_GeoNetPT02 f_id="169227" t_id="LOC:ADM">Leiria</LOCAL_GeoNetPT02>, é inaugurada a exposição de pintura de Carmen Panadero.
A inauguração está marcada para as 17h00.
Para ver até 11 de Abril.
Todos os dias, excepto domingode Páscoa.
</text>
</root>
