<?xml version="1.0" encoding="utf-8"?>
<root>
  <title>PUBLICO-19940403-055</title>
  <text>
Sobre Toiros Domingos da Costa Xavier
Uma festa campeira
Pelo princípio da corrente centúria, existiu em <LOCAL_GeoNetPT02 f_id="326187" t_id="LOC:ADM">Benavente</LOCAL_GeoNetPT02> uma praça de toiros em madeira, pertença de Manuel Camilo Xavier, que, albergando cerca de três mil espectadores, foi cenário de muitas corridas, sobretudo as que em regra anualmente aconteciam associadas às Festas de Nossa Senhora da Paz.
Passaram os anos e a inexorável marcha do tempo provocou a ruína e desaparecimento total da referida praça, razão que levou as actuais gentes de Benavente a providenciar a construção de um tauródromo de alvenaria, capaz de honrar os pergaminhos taurinos da terra que, em 1859, viu nascer Fernando de Oliveira.
Graças ao esforço de um comissão constituída para o efeito, já foi possível construir a arena, alguns curros e a barreira.
Para que projecto possa avançar são obviamente necessários meios, que têm tentado obter de forma original e com muita imaginação taurina.
Desta forma, imaginaram uma festa campeira, que a « afición », « solera » e generosidade do ganadeiro Fernando Palha levou por diante, visto que tudo aconteceu no maravilhoso cenário da Quinta da Foz .
Constava o programa de uma tenta com « acosso », « derribo » e toureio nas modalidades de a pé e a cavalo, em campo aberto.
Muitos aficionados acorreram à cita e foi com uma belíssima moldura humana que a festa aconteceu.
Que se saliente de imediato a inúmera juventude presente, a provar que os seus gostos não são alheios às coisas bem portuguesas, desde que lhas saibam servir, ao contrário do que muitos envenenadamente querem fazer crer.
Acossaram-se as reses numa corredoura magnífica, tendo o anfitrião solicitado o concurso do seu amigo Pepe Torres e de sua equipa, que vindos expressamente de Espanha  se exibiram com graça, valor e perícia.
No « acosso », os garrochistas actuam em parelha, denominada « collera », e conservam entre si o espaço suficiente para que as bezerras entre as montadas sintam que vão a ser perseguidos e se conduzam na direcção desejada, em regra o sítio em que se encontra o tentador, isto é, um cavalheiro montado em cavalo protegido com « peitos » e armado de vara larga de picar, na proximidade do qual se « derriba » a rês, de forma a que, provocada, ao levantar-se arremeta ao cavalo e sofra o castigo dos « puyazos » necessários para que se avalie a sua bravura.
Assim aconteceu e após o ganadeiro observar o comportamento das reses, saíram a tourear os « diestros » convidados.
Exibiu-se primeiro, perante uma vaca de campeonato, o neto de Diamantino Viseu e filho de Mário Coelho, Mário Diamantino, a provar que a genética funcionou, dado que exibiu soberbas maneiras e um apurado sentido toureiro, que o creditaram com a ovação dos presentes e com a minha convicção de que, se quiser, tem condições para prosseguir a profissão que guindou ao plano da fama o avô e o pai.
Ao lidar outra vaca, o retirado matador António dos Santos deixou constância do seu bem tourear, com ganas de novilheiro que desponta, a arrimar-se e a mostrar numa « faena » variada que é bem verdade o aforismo português que reza que só esquece a quem não sabe.
Ainda a pé, o meu colega Joaquim Grave teve ocasião de mostrar que, para além da sua aura de grande forcado que honrou devidamente a jaqueta dos amadores de <LOCAL_GeoNetPT02 f_id="338260" t_id="LOC:ADM">Santarém</LOCAL_GeoNetPT02>, é também um magnífico aficionado prático, lidando a preceito, a correr tão bem a mão quanto as figuras.
Mário Coelho também fez gosto à sua « afición », lidando tão placeado como quando andava nas arenas.
A cavalo, António Ribeiro Telles, João Ribeiro Telles e o praticante Rui Hipólito exibiram-se a contento e Pedro Franco teve o azar de logo no início ter deixado agarrar a montada com uma cornada funda, aliás ministrada por uma vaca que, como diria Redol, tinha « duas agulhas que eram de um homem se encomendar a um santo ».
Creditaram-se os cavaleiros com bons ferros e os aplausos consequentes, mas os aplausos grandes foram para José Samuel Lupi, que, a mexer nas reses de forma absolutamente primorosa, deu durante todo o dia verdadeiras lições de toureiro, empapando as vacas na garupa da excelente montada em que se apresentou, a fazer-nos saudades dos tempos da sua carreira brilhante nas arenas, em que, quer em Espanha integrando os 4 Ases, quer em <LOCAL_GeoNetPT02 f_id="418745" t_id="PAI:ADM">Portugal</LOCAL_GeoNetPT02> sobretudo nos seus confrontos com José Mestre Baptista, se creditou com fama e proveito, como um dos grandes cavaleiros tauromáquicos de todos os tempos.
Também as prestações de Ludovino Bacatum, João « Curro » e António Carvalho nos merecem destaque, quer pelos magníficos lances de capote, quer sobretudo pela alegria e vontade de ante as vacas se divertirem, que a festa aliás não era para outra coisa.
Sempre que a ocasião se propiciava, subvertiam-se as regras do jogo e aí tínhamos instalada a bem portuguesa « picaria », sendo que João Villaverde, Tão Palha, Rola Palha, José Alberto Pastoria, Manuel Braga, a prole Lupi e muitos outros se distinguiram pela sua destreza, naquele tropel animado e alegre que caracteriza tais fainas, Foi uma jornada bonita, animada pelo som da banda da Sociedade Filarmónica de Benavente , e a que não faltou um bem instalado serviço de comes e bebes, a Pousada da Tia Adelaide, absolutamente necessário para colmatar a fome e a sede que tais ares provocavam e que esperemos que, de « collera » com as entradas, tenha rendido bastante para que em breve possamos com o produto ver crescer as paredes da praça de toiros de <LOCAL_GeoNetPT02 f_id="326187" t_id="LOC:ADM">Benavente</LOCAL_GeoNetPT02>.
Cabe aqui ainda deixar um apelo a Fernando Palha, no sentido de que tais jornadas se repitam muitas e muitas vezes, visto que ao presenciá-las nos sentimos, e decerto muitos outros, a observar o nosso <LOCAL_GeoNetPT02 f_id="418745" t_id="PAI:ADM">Portugal</LOCAL_GeoNetPT02> verdadeiro.</text>
</root>
