<?xml version="1.0" encoding="utf-8"?>
<root>
  <title>PUBLICO-19950107-112</title>
  <text><LOCAL_GeoNetPT02 f_id="51007" t_id="LOC:ADM">Esposende</LOCAL_GeoNetPT02> 
Violação alarma cidade
Fora de perigo, mas ainda a necessitar de tratamento médico, encontrava-se ontem internada no Hospital de <LOCAL_GeoNetPT02 f_id="41477" t_id="LOC:ADM">Barcelos</LOCAL_GeoNetPT02> a criança de sete anos de idade que foi violada na passada quarta-feira em <LOCAL_GeoNetPT02 f_id="51007" t_id="LOC:ADM">Esposende</LOCAL_GeoNetPT02>, tendo sido detido um indivíduo de 23 anos, de nacionalidade moçambicana, acusado de ser o autor do crime.
O suspeito da violação empregado de uma pista de carros instalada em pleno centro daquela cidade, é acusado por familiares da menor, no que são corroborados por soldados da  GNR, de tê-la violado quatro vezes, primeiro num apartamento em fase de construção, a cerca de 50 metros da pista, e, depois, num automóvel abandonado junto ao edifício.
Foi no interior deste automóvel que a  GNR e habitantes encontraram o alegado criminoso, depois de muitas horas de buscas em toda a cidade, que envolveram um elevado número de familiares da vítima, moradores e todos os agentes da  GNR disponíveis no momento, que receberam um reforço para conseguirem evitar que o presumível criminoso fosse linchado no local.
Segundo relatos que o PÚBLICO recolheu junto da  GNR e de familiares, a menor tinha saído de casa por volta das 19h00de quarta-feira para ir ao talho, a pedido de sua mãe, não tendo regressado.
Perto da pista de carros encontrou uma prima sua, com quem ficou a conversar até se ter ausentado do local.
Nessa altura, o suspeito é acusado de ter convidado a menor a ir com ele procurar a prima e, em vez disso, de tê-la conduzido para um edifício próximo onde teria concretizado a violação.
A  GNR recolheu no posto local o alegado violador para o interrogar, mas até às 5h00 a maior dificuldade encontrada pelos homens de serviço foi a de conseguir segurar a população que se mantinha à porta do posto sem arredar pé.
Segundo o comandante Gomes, para que a situação pudesse ser controlada, teve de ser pedida a colaboração dos dois operadores de câmara de dois canais de televisão que estavam no exterior:
« Os homens das câmaras dirigiram-se para as traseiras do nosso posto, o povo foi atrás e nós saímos com ele [ o detido ] pela frente ».
No entanto, quando a  GNR o conduziu a tribunal para ser ouvido pelo juiz, não poude evitar que fosse agredido por alguns elementos da população.
O suspeito « parecia uma pessoa pacífica.
No Natal, gastou parte do ordenado para comprar uma prenda para o meu filho.
Quando nos disseram que violou uma criança, ficamos espantados », disse ao PÚBLICO Sílvia Fernandes, a proprietária da pista de automóveis onde ele trabalhava.
E acrescentou:
« Estava aqui connosco há três ou quatro meses. Não sabemos quem era. Sabemos é que veio de <LOCAL_GeoNetPT02 f_id="44738" t_id="LOC:ADM">Braga</LOCAL_GeoNetPT02> pedir-nos emprego. Às vezes, bebia uns copos, mas nada de perturbações. Foi uma surpresa para todos nós ».
Segundo informou, o indivíduo guardava junto à sua cama um conjunto de fotografias da jovem violada e de uma prima que conhecia, embora não exibisse comportamento estranho.
A família da menor, por seu turno, não consegue entender como é que ele obteve essas fotografias.
Este é um crime raro no concelho de <LOCAL_GeoNetPT02 f_id="109" t_id="CON:ADM">Esposende</LOCAL_GeoNetPT02>.
Dos registos locais apenas constam três tentativas de violação, ocorridas nos últimos três anos, e um caso de duplo homicídio no Pinhal  de <LOCAL_GeoNetPT02 f_id="51537" t_id="LOC:ADM">Fão</LOCAL_GeoNetPT02> , quando um indivíduo violou e matou uma jovem e a sua mãe que a acompanhava no momento.
« Nunca tinha sucedido uma coisa destas em <LOCAL_GeoNetPT02 f_id="51007" t_id="LOC:ADM">Esposende</LOCAL_GeoNetPT02>. Trata-se de um indíviduo sem princípios alguns, que na hora da detenção e nos momentos posteriores manteve-se sempre pálido, inerte, sem resposta para qualquer pergunta », comentou o comandante Gomes, da  GNR.
 Francisco Fonseca</text>
</root>
