<?xml version="1.0" encoding="utf-8"?>
<root>
  <title>PUBLICO-19950108-036</title>
  <text>Insegurança na freguesia <LOCAL_GeoNetPT02 f_id="2247" t_id="FRG:ADM">Caneças</LOCAL_GeoNetPT02> reacende luta por um posto de polícia
A luta por um posto da PSP ou da  GNR é já velha de 12 anos na freguesia de <LOCAL_GeoNetPT02 f_id="2247" t_id="FRG:ADM">Caneças</LOCAL_GeoNetPT02>, habitada por cerca de 12 mil pessoas que, nos últimos tempos, vêem aumentar a insegurança e a criminalidade, como ontem foi salientado num debate promovido pela junta de freguesia, para quem é agora imprescindível que a administração central dê corpo a promessas antigas, feitas em 1983.
A toxicodependência e a droga são actualmente as maiores fontes de criminalidade naquela freguesia do concelho de <LOCAL_GeoNetPT02 f_id="148" t_id="CON:ADM">Loures</LOCAL_GeoNetPT02> que, embora estando abrangida pela jurisdição da  GNR, e tendo já em 1991 reservado um terreno para a construção de um quartel, continua a não dispor do apoio policial necessário, o que foi aliás reconhecido pelo sub-chefe Álvaro Marçal, da PSP de <LOCAL_GeoNetPT02 f_id="222969" t_id="LOC:ADM">Odivelas</LOCAL_GeoNetPT02>, um dos convidados para o debate.
« Há populações que raramente vêem um agente policial, pelo que é perfeitamente legítimo que reivindiquem mais segurança, já que isso significa também mais qualidade de vida », disse Álvaro Marçal.
Já um outro interveniente no debate, Fernando Calheiros, responsável pela Casa de Repouso de Enfermagem Portuguesa, um lar de idosos, que alberga 118 pessoas e que presta também apoio domiciliário, deu, neste encontro, diversos exemplos dos assaltos e agressões que ocorrem quase diariamente na freguesia, muitos dos quais vitimam idosos e empregados daquela instituição.
« Fomos inclusivamente obrigados a alterar os horários da rendição de turnos entre os empregados, porque a saída à meia-noite, era um perigo constante », disse este responsável.
Em contrapartida, como também fez questão de referir, o seu caso pessoal é diferente.
Onde habita, no bairro de <LOCAL_GeoNetPT02 f_id="418450" t_id="FRG:ADM">Alvalade</LOCAL_GeoNetPT02>, em <LOCAL_GeoNetPT02 f_id="196518" t_id="LOC:ADM">Lisboa</LOCAL_GeoNetPT02>, pode sentir-se tranquilo:
« Como perto de mim mora um ministro, que tem sempre um polícia à porta, tenho sempre a quem recorrer ».
No debate participou também António Filipe, deputado do  PCP, partido que tem pugnado pela existência de um posto policial em <LOCAL_GeoNetPT02 f_id="2247" t_id="FRG:ADM">Caneças</LOCAL_GeoNetPT02>, propondo já em 1993 a inclusão de uma verba no Orçamento de Estado, destinada à construção de um quartel da  GNR na freguesia, o que foi porém chumbado pelo Parlamento, com os votos contra do     PSD e do CDS e a abstenção do  PS.
F.R.</text>
</root>
