<?xml version="1.0" encoding="utf-8"?>
<root>
  <title>PUBLICO-19940402-006</title>
  <text>
Hoje e amanhã, com o fim-de-semana pascal, as provas são mais de cabrito, amêndoas e folares.
Para os indefectíveis, <LOCAL_GeoNetPT02 f_id="328782" t_id="LOC:ADM">Constância</LOCAL_GeoNetPT02>, <LOCAL_GeoNetPT02 f_id="196518" t_id="LOC:ADM">Lisboa</LOCAL_GeoNetPT02> ( Picheleira ) e <LOCAL_GeoNetPT02 f_id="121279" t_id="LOC:ADM">Faro</LOCAL_GeoNetPT02> apresentam-se como alternativas.
Mas, se tem verdadeira fome de corridas, os « pratos » a servir no próximo domingo são bem apetecíveis.
Se não, vejamos o menu: Três Léguas do Nabão à moda de <LOCAL_GeoNetPT02 f_id="340999" t_id="LOC:ADM">Tomar</LOCAL_GeoNetPT02>;
Vivacidade à lisbonense;
Estufado, quer dizer, Estafeta Santarém-Pontével.
Estes os pratos principais, que há ainda mais petiscos.
</text>
</root>
