<?xml version="1.0" encoding="utf-8"?>
<root>
  <title>PUBLICO-19940401-027</title>
  <text>
Oceano confirma contactos com o Sporting
 Real não abdica de indemnização Luís Uranga, presidente da Real Sociedad, de Espanha, desconhece qualquer acordo entre o futebolista Oceano e o Sporting, com vista ao regresso do jogador a no final da época.
O jogador confirma os contactos, mas nega a existência de um acordo final.
Contactado ontem pelo PÚBLICO, Luís Uranga foi claro:
« Nem eu nem ninguém da Real Sociedad tem conhecimento de qualquer acordo .»
Contudo, segundo noticiava o jornal « A Bola » na sua edição de ontem, « já há um compromisso » entre o futebolista e o  Sporting, que aconteceu « numa incursão » que o futebolista fez recentemente a <LOCAL_GeoNetPT02 f_id="196518" t_id="LOC:ADM">Lisboa</LOCAL_GeoNetPT02>.
 Acordo que ligaria Oceano ao clube de <LOCAL_GeoNetPT02 f_id="418450" t_id="FRG:ADM">Alvalade</LOCAL_GeoNetPT02> por dois anos.
O futebolista confirma que mantém « há já bastante tempo » contactos com o Sporting, mas já quanto ao acordo diz « haver ainda muitos passos a dar », até porque está a estudar « várias propostas ».
« Não há nada de concreto com o Sporting.
Há, é verdade, muitas conversas, mas ainda não foi feito qualquer acordo », disse o futebolista ao PÚBLICO, ao fim da tarde de ontem.
 Oceano não esconde que o seu coração pende para o Sporting, mas salienta que « não pode pesar só o coração »:
« Primeiro está a família e o que for melhor para ela é melhor para mim .»
Quem diz não estar « preocupado » com este possível acordo é o presidente da Real, afirmando que « quer Oceano quer Carlos Xavier », cujos contratos com o clube espanhol terminam no final da presente temporada, « podem fazer acordos com quem desejarem ».
O problema da transferência, a concretizar-se, pode dar-se quando o Sporting tiver de discutir com a Real Sociedad a indemnização a pagar.
É que Oceano tem uma cláusula no seu contrato que diz que no final do compromisso com a Real, se o futebolista for transferido para o estrangeiro, o clube espanhol tem direito a negociar uma compensação económica.
O Sporting não está disposto a pagar qualquer verba e a Real não abdica de a receber.
« O Sporting pode falar e acordar o quiser com o Oceano ou Carlos Xavier, não se pode é esquecer de falar com a Real Sociedad, porque nós temos direito a uma compensação económica e, claro, não abdicamos dela », referiu Luís Uranga ao PÚBLICO.
Salientando não achar « de todo correcto » que o Sporting ande « a falar com o Oceano ignorando a Real », Luís Uranga afirma ser « precipitado estar a fazer um acordo » com o futebolista quando a direcção do clube espanhol ainda não decidiu « se renova ou não o contrato » com o futebolista.
« Oceano tem o carinho de toda a cidade de San Sebastian, é um excelente jogador e isto pode vir a pesar na decisão sobre a renovação do seu contrato, que tomaremos brevemente », diz Uranga.
Uma decisão que terá de ser rápida, uma vez que o campeonato espanhol termina a 15 de Maio.
Luciano Alvarez
</text>
</root>
