<?xml version="1.0" encoding="utf-8"?>
<root>
  <title>PUBLICO-19950102-048</title>
  <text>De cortiça especial, única no mundo
Rolhas algarvias para o melhor champanhe
Os melhores componentes de rolhas de cortiça do mundo, que suportam os champanhes mais caros e famosos, são fabricados em <LOCAL_GeoNetPT02 f_id="129908" t_id="LOC:ADM">São Brás de Alportel</LOCAL_GeoNetPT02>, no <LOCAL_GeoNetPT02 f_id="418729" t_id="PRO:ADM">Algarve</LOCAL_GeoNetPT02>.
Os participantes nas « milionárias » festas dos cinco continentes, que às zero horas do primeiro de Janeiro saudaram com o caro vinho francês o novo ano não devem saber que a rolha que « saltou » da garrafa nasceu da cortiça serrana algarvia e foi trabalhada numa pequena fábrica portuguesa da mesma região.
Na sua maioria, ignoram que os champanhes de alta qualidade, com destaque para rótulos como o « Moet et Chandon », « D. Perignon » ou « Freixenet », só correram livremente e « vivos » graças às rolhas de cortiça especiais -- únicas no mundo --, com componentes algarvios que garantem, durante anos e anos, a qualidade da mais famosa bebida que serve para assinalar o início de cada ano.
Na fábrica, que emprega 30 trabalhadores ( homens e mulheres ) da zona de <LOCAL_GeoNetPT02 f_id="129908" t_id="LOC:ADM">São Brás de Alportel</LOCAL_GeoNetPT02>, produz-se diariamente cerca de meio milhão de unidades, a partir de cortiça de alta qualidade, retirada de sobreiros da Serra do Caldeirão.
Todo o produto fabricado é destinado à exportação, com mercados garantidos, designadamente França, Espanha, Itália, Estados Unidos e Austrália, segundo o proprietário, o antigo árbitro internacional César Correia.
Para aquele industrial, o êxito das componentes de rolha para champanhe tem, como primeiro suporte, a qualidade da cortiça.
« <LOCAL_GeoNetPT02 f_id="418745" t_id="PAI:ADM">Portugal</LOCAL_GeoNetPT02> tem a melhor cortiça do mundo e em <LOCAL_GeoNetPT02 f_id="129908" t_id="LOC:ADM">São Brás de Alportel</LOCAL_GeoNetPT02> existe a qualidade máxima », garantiu.
César Correia explicou que a cortiça da zona « é mais apertada, mas segura e fixe, porque as árvores se dão bem em terras magras, não cultivadas, existentes no barrocal algarvio, nomeadamente nas encostas de <LOCAL_GeoNetPT02 f_id="129908" t_id="LOC:ADM">São Brás de Alportel</LOCAL_GeoNetPT02> ».
A preferência das grandes marcas de champanhe pelas rolhas fabricadas em cortiça desta zona algarvia deve-se, de acordo com César Correia, à alta qualidade do material, que garante uma boa preservação do precioso « néctar ».
« <LOCAL_GeoNetPT02 f_id="418745" t_id="PAI:ADM">Portugal</LOCAL_GeoNetPT02> deve orgulhar-se por ser o único país do mundo com este tipo de cortiça, que pode oferecer alta qualidade de uma matéria que começa novamente a surgir no mercado como essencial, deixando para trás o plástico », referiu aquele industrial.
Na fábrica, uma pequena unidade em superfície ( 3500 metros quadrados ), os empregados laboram com « paciência de chinês », « descascando » a cortiça, dando às rolhas a medida e a espessura certa, através de máquinas concebidas e calibradas para esse tipo de trabalho.
O encarregado da fábrica, Emídio Viegas, com 15 anos de casa, o afinador das máquinas e duas mulheres respondem pela qualidade e fazem a escolha final.
« Trata-se de um ofício com muita ciência, diferente dos outros e com muita responsabilidade para não haver enganos nas medidas ou defeitos », sublinhou o encarregado da fábrica.
« Fazemos rolhas para o mais famosos champanhes do mundo e o nosso prestígio não pode ser afectado por um lote de menor qualidade », acrescentou.
Humberto Ricardo, Lusa</text>
</root>
