<?xml version="1.0" encoding="utf-8"?>
<root>
  <title>PUBLICO-19950102-052</title>
  <text>
Trânsito condicionado na Rua do <LOCAL_GeoNetPT02 f_id="203023" t_id="RUA:ADM">Alvito</LOCAL_GeoNetPT02>
A circulação de veículos será proibida na Rua do <LOCAL_GeoNetPT02 f_id="203023" t_id="RUA:ADM">Alvito</LOCAL_GeoNetPT02>-<LOCAL_GeoNetPT02 f_id="200720" t_id="RUA:ADM">Alcântara</LOCAL_GeoNetPT02> , entre a Calçada da <LOCAL_GeoNetPT02 f_id="198896" t_id="CAL:ADM">Tapada</LOCAL_GeoNetPT02> e o Estádio da Tapadinha, a partir de amanhã, segundo informação da Câmara Municipal de <LOCAL_GeoNetPT02 f_id="146" t_id="CON:ADM">Lisboa</LOCAL_GeoNetPT02>.
O encerramento deve-se a trabalhos, que vão durar três meses, para instalação de um colector e posterior pavimentação da via.
As vias alternativas são a Estrada do <LOCAL_GeoNetPT02 f_id="199455" t_id="EST:ADM">Penedo</LOCAL_GeoNetPT02> e a Estrada dos <LOCAL_GeoNetPT02 f_id="199443" t_id="EST:ADM">Montes Claros</LOCAL_GeoNetPT02> para a <LOCAL_GeoNetPT02 f_id="1704" t_id="FRG:ADM">Ajuda</LOCAL_GeoNetPT02>, a <LOCAL_GeoNetPT02 f_id="199184" t_id="EST:ADM">Alvito</LOCAL_GeoNetPT02> e <LOCAL_GeoNetPT02 f_id="203023" t_id="RUA:ADM">Alvito</LOCAL_GeoNetPT02> do Alvito para o <LOCAL_GeoNetPT02 f_id="198160" t_id="BAI:ADM">Alvito</LOCAL_GeoNetPT02> com o mesmo nome e a Estrada da <LOCAL_GeoNetPT02 f_id="199241" t_id="EST:ADM">Pimenteira</LOCAL_GeoNetPT02> e Avenida de <LOCAL_GeoNetPT02 f_id="197090" t_id="AVE:ADM">Ceuta</LOCAL_GeoNetPT02> para <LOCAL_GeoNetPT02 f_id="1705" t_id="FRG:ADM">Alcântara</LOCAL_GeoNetPT02>.
</text>
</root>
