<?xml version="1.0" encoding="utf-8"?>
<root>
  <title>PUBLICO-19950107-120</title>
  <text><LOCAL_GeoNetPT02 f_id="210" t_id="CON:ADM">Palmela</LOCAL_GeoNetPT02> 
Droga e prostituição preocupam <LOCAL_GeoNetPT02 f_id="358521" t_id="LOC:ADM">Pinhal Novo</LOCAL_GeoNetPT02>
A vila de <LOCAL_GeoNetPT02 f_id="358521" t_id="LOC:ADM">Pinhal Novo</LOCAL_GeoNetPT02>, no concelho de <LOCAL_GeoNetPT02 f_id="210" t_id="CON:ADM">Palmela</LOCAL_GeoNetPT02>, está a ser assolada por uma onde de violência, droga e prostituição, suscitando grande preocupação por parte da população e autarcas locais.
Para o deputado socialista Rodrigo Borges, a situação está a « alastrar rapidamente » e a  GNR « não tem actuado, tendo uma atitude passiva ».
O jardim público, junto à estação da CP e a poucos metros do posto da  GNR, tornou-se um ponto de prostituição e de comércio de droga.
Para Rodrigo Borges, a solução passa pela substituição da  GNR por uma brigada da PSP.
Por sua vez, o presidente da Câmara Municipal de <LOCAL_GeoNetPT02 f_id="210" t_id="CON:ADM">Palmela</LOCAL_GeoNetPT02>, Carlos Sousa (  CDU ), considera « esquisito » que seja no jardim onde está instalada a  GNR que ocorrem estas situações.
 Carlos Sousa afirma que na última reunião que teve com o secretário de Estado da Administração Interna, não conseguiu do governante nenhuma promessa de mais efectivos para o posto da  GNR de <LOCAL_GeoNetPT02 f_id="358521" t_id="LOC:ADM">Pinhal Novo</LOCAL_GeoNetPT02>.
O presidente propõe uma acção conjunta dos autarcas e da população para pressionar as entidades competentes a agirem de modo a combater este problema.
V.F.</text>
</root>
