<?xml version="1.0" encoding="utf-8"?>
<root>
  <title>PUBLICO-19940801-056</title>
  <text>VI Concentração de Sintra
Espírito « motard » rodou na zona saloia
Têm cada vez menos o aspecto de feios, porcos e maus. Em contrapartida, recusam-se a deixar morrer o « espírito motard », seja lá o que isso for.
Ontem, em <LOCAL_GeoNetPT02 f_id="284" t_id="CON:ADM">Sintra</LOCAL_GeoNetPT02>, duas centenas de motociclistas nacionais e estrangeiros, aderiram à sexta concentração mototurística do município, com um passeio pela zona rural do concelho.
A que não faltou, em pleno Verão, a chuva. A VI Concentração Mototurística de <LOCAL_GeoNetPT02 f_id="240249" t_id="LOC:ADM">Sintra</LOCAL_GeoNetPT02> assentou este ano arraiais numa quinta do Linhó, provocando alguns engarrafamentos extra na circulação automóvel na estrada do  Autódromo do Estoril.
No sábado, para além dos jogos tradicionais, a organização, a cargo do  Moto Clube de <LOCAL_GeoNetPT02 f_id="240249" t_id="LOC:ADM">Sintra</LOCAL_GeoNetPT02>, proporcionou aos cerca de 230 inscritos um espectáculo da escola de circo do  Chapitô.
Mas foi ontem de manhã, que o tradicional passeio turístico pelo concelho permitiu que as motas se fizessem à estrada, para distração dos automobilistas domingueiros, que, lá mais para o final do dia, nos engarrafamentos do regresso a casa, haveriam de suspirar por um meio de transporte com duas rodas.
Depois de uma concentração no <LOCAL_GeoNetPT02 f_id="3059" t_id="FRG:ADM">Cacém</LOCAL_GeoNetPT02>, os « motards » seguiram para <LOCAL_GeoNetPT02 f_id="232733" t_id="LOC:ADM">Azenhas do Mar</LOCAL_GeoNetPT02>.
Apesar de alguns desencontros -- a paragem foi no largo da localidade e não, como costume, no miradouro sobre a praia --, e da chuva que caiu generosamente, um Martini em Alfaquiques ajudou a esquecer a roupa molhada.
« A próxima concentração fazêmo-la em Dezembro, porque assim a malta já vem preparada », ironizava um dos motociclistas.
Quanto às motas, havia-as para todos os gostos e bolsas, das Harley estradistas às potentes Hondas e « Kawas », mas também umas quantas mais modestas « 50 c.c. » e « 125 », não esquecendo as « Viragos » da moda.
E se bem que a maioria dos motociclistas fossem portugueses, não faltaram uns quantos ingleses, belgas e suíços.
Para Armando Marques, presidente do  Moto Clube de <LOCAL_GeoNetPT02 f_id="240249" t_id="LOC:ADM">Sintra</LOCAL_GeoNetPT02>, as concentrações proporcionam « o convívio entre o pessoal das motas », mas também a troca de experiências entre as várias gerações de motociclistas.
Há um « espírito motard »?
Pelo menos, segundo o organizador, existe « um espírito que não há entre o pessoal que anda de carro ».
E Eduardo Sarmento, à beira dos 51 anos, e presidente do  Moto Clube de <LOCAL_GeoNetPT02 f_id="213290" t_id="LOC:ADM">Sacavém</LOCAL_GeoNetPT02>, deita por terra as dúvidas que possam existir sobre o que faz rodar os « motard »:
« Não ir, por exemplo, à concentração de <LOCAL_GeoNetPT02 f_id="121279" t_id="LOC:ADM">Faro</LOCAL_GeoNetPT02> é o mesmo que um católico não ir em Maio a Fátima ».</text>
</root>
