<?xml version="1.0" encoding="utf-8"?>
<root>
  <title>PUBLICO-19940418-045</title>
  <text>
« Primavera Em Mafra Com Piquenique Real » é o título de uma acção de história ao vivo que os alunos do Clube do património das escolas C+S da <LOCAL_GeoNetPT02 f_id="220256" t_id="LOC:ADM">Malveira</LOCAL_GeoNetPT02>, da <LOCAL_GeoNetPT02 f_id="221366" t_id="LOC:ADM">Venda do Pinheiro</LOCAL_GeoNetPT02> e de <LOCAL_GeoNetPT02 f_id="219880" t_id="LOC:ADM">Mafra</LOCAL_GeoNetPT02> hoje encenam, pelas 14h00, num dos claustros do <LOCALIMPLICITO f_id="219880" t_id="LOC:ADM">Mafra</LOCALIMPLICITO> Palácio Nacional de Mafra. Esta iniciativa visa comemorar o Dia Nacional dos Monumentos e Sítios e termina com poesia e dança. Para comemorar este mesmo dia, a Câmara Municipal de <LOCAL_GeoNetPT02 f_id="77" t_id="CON:ADM">Cascais</LOCAL_GeoNetPT02> promove hoje visitas guiadas às grutas de Alapraia, que se pensa serem necrópoles pré-históricas e constituem o mais antigo imóvel de interesse público do concelho. No Casal das Grutas estará também patente ao público, das 10h00às 19h00, uma Exposição sobre a arqueologia e etnologia de Alapraia.
</text>
  <text>
Com « Péril En La Demeure », filme de Michel Deville exibido pelas 18h00 no Instituto Franco-Português, tem início a Semana Franco-Portuguesa do Romance Policial e do Filme Negro, uma iniciativa conjunta daquele Instituto e do Centro Cultural da Malaposta, em <LOCAL_GeoNetPT02 f_id="211735" t_id="LOC:ADM">Loures</LOCAL_GeoNetPT02> -- onde á noite se pode ver « Que La Bête Meure », de Claude Chabrol.
</text>
  <text>
No Bar do Terraço do Centro Cultural de Belém, o grupo português « La Caccia » interpreta hoje várias composições italianas e alemãs dos séculos XVII e XVIII.Das 19h00às 21h00, com entrada livre.
</text>
  <text>
Na galeria Diferença, na Rua Filipe Néri, 42, continua patente a exposição « Cópias de Desenhos », mostra de originais de João Salema que mereceu o Apoio da secretária de Estado da Cultura e do Pelouro da Cultura da Câmara Municipal de <LOCAL_GeoNetPT02 f_id="146" t_id="CON:ADM">Lisboa</LOCAL_GeoNetPT02>.
</text>
  <text>
Último dia para ver a Exposição de Quadros Tridimensionais de David Candeias, patente no Tertúlia Jazz Bar, na <LOCAL_GeoNetPT02 f_id="202948" t_id="RUA:ADM">Rua do Diário de Noticias</LOCAL_GeoNetPT02>, nº 60, ao <LOCALIMPLICITO f_id="196518" t_id="LOC:ADM">Lisboa</LOCALIMPLICITO>  Bairro Alto. A partir das 20h00.
</text>
</root>
