<?xml version="1.0" encoding="utf-8"?>
<root>
  <title>PUBLICO-19950105-089</title>
  <text>Um morto em <LOCAL_GeoNetPT02 f_id="358208" t_id="LOC:ADM">Palmela</LOCAL_GeoNetPT02>
PJ e traficantes de droga aos tiros
Elementos da Polícia Judiciária de <LOCAL_GeoNetPT02 f_id="371672" t_id="LOC:ADM">Setúbal</LOCAL_GeoNetPT02> e traficantes de droga envolveram-se, na tarde de terça-feira, em tiroteio na zona de <LOCAL_GeoNetPT02 f_id="358521" t_id="LOC:ADM">Pinhal Novo</LOCAL_GeoNetPT02>, <LOCAL_GeoNetPT02 f_id="210" t_id="CON:ADM">Palmela</LOCAL_GeoNetPT02>, que terminou com a morte de um dos delinquentes.
A operação, que incluiu uma das perseguições mais arriscadas e espectaculares registadas nos últimos tempos, teve início no parque da estação de serviço da Galp da Auto-Estrada do Sul, no sentido Lisboa-Setúbal, onde a PJ sabia que iria ocorrer uma grande transacção de droga.
 Dois veículos suspeitos confirmaram a informação fornecida à   Polícia Judiciária que, com um discreto sistema de vigilância montado no local, interceptou de imediato um automóvel, com os seus três ocupantes, que foi revistado na inspecção de <LOCAL_GeoNetPT02 f_id="371672" t_id="LOC:ADM">Setúbal</LOCAL_GeoNetPT02>, não registando qualquer anomalia.
Já o segundo veículo, com quatro ocupantes, ao ser abordado por elementos da PJ, pôs-se em fuga, tentando atropelar um dos agentes, sendo de imediato alvejado pelos agentes, que lhe furaram os pneus traseiros.
Tal não impediu, no entanto, que a viatura continuasse a sua marcha, em grande velocidade, na Auto-Estrada do Sul, rumo às portagens de <LOCAL_GeoNetPT02 f_id="358208" t_id="LOC:ADM">Palmela</LOCAL_GeoNetPT02>, na direcção de <LOCAL_GeoNetPT02 f_id="358521" t_id="LOC:ADM">Pinhal Novo</LOCAL_GeoNetPT02> / <LOCAL_GeoNetPT02 f_id="356404" t_id="LOC:ADM">Montijo</LOCAL_GeoNetPT02>.
A PJ, que perdera de vista o veículo, localizou-o através dos rastos deixados no asfalto pelas jantes e pneus, encontrando-o, já abandonado, na localidade de <LOCAL_GeoNetPT02 f_id="359159" t_id="LOC:ADM">Venda do Alcaide</LOCAL_GeoNetPT02>.
Aí, com a informação de populares, os agentes da       PJ detectaram os indivíduos numa oficina, onde se haviam escondido para pedir ajuda, devido ao facto de um dos traficantes estar ferido na cabeça.
Ao verem-se descobertos, os indivíduos puseram-se de novo em fuga, por terrenos laterais às instalações provisórias da Makro, tentando alvejar os investigadores.
Desta troca de tiros resultou a morte, quase imediata, de um dos traficantes, que empunhava uma pistola de 9 mm, com que disparava insistentemente e tentara alvejar um dos agentes da       PJ.
Outro companheiro, escondido atrás de um bloco de cimento, tentava também atingir os investigadores, mas acabou por se render atirando a arma e os documentos que tinha em seu poder para o chão.
Entretanto, agentes da       PJ já tinham neutralizado um terceiro elemento, enquanto o quarto conseguiu escapar por entre arbustos.
Desta operação resultou, para além da morte do referido traficante, a detenção de seis indivíduos, a apreensão de quatro armas, dois carregadores, diversas munições, dois veículos ligeiros, uma mala com dinheiro e 300 gramas de droga.
Os detidos foram ontem presentes ao juiz do Tribunal de <LOCAL_GeoNetPT02 f_id="371672" t_id="LOC:ADM">Setúbal</LOCAL_GeoNetPT02>.
Anabela Mendes</text>
</root>
