<?xml version="1.0" encoding="utf-8"?>
<root>
  <title>PUBLICO-19940401-009</title>
  <text>
Companhia de Teatro de <LOCAL_GeoNetPT02 f_id="44738" t_id="LOC:ADM">Braga</LOCAL_GeoNetPT02> responde à atribuição de  subsídio da SEC
Deixar vir a nós as criancinhas ...
José Palmeira
A Companhia de Teatro de <LOCAL_GeoNetPT02 f_id="44738" t_id="LOC:ADM">Braga</LOCAL_GeoNetPT02> viu o seu subsídio anual, concedido pela Secretaria de Estado da Cultura, baixar de 22 para 15 mil contos.
Por isso, além de « um ligeiro desvio », com uma aposta na comédia e em diferentes iniciativas, tenciona « fazer como as outras », dedicando-se a espectáculos para a infância.
É a forma de « satisfazer a sede de números » de Santana Lopes.
Penalizada pela falta de público, factor que influi no cálculo do subsídio que lhe é atribuído pela Secretaria de Estado da Cultura ( SEC ), a Companhia de Teatro de <LOCAL_GeoNetPT02 f_id="44738" t_id="LOC:ADM">Braga</LOCAL_GeoNetPT02> ( CTB ) resolveu este ano « fazer como as outras »: « espectáculos para a infância ».
É a forma de « satisfazer a sede de números da SEC », considera Rui Madeira, director da companhia.
Em conferência de imprensa, realizada no  Teatro Circo, onde tem sede, a CTB apresentou a sua programação para este ano e criticou a redução, de 22 mil para 15 mil contos, do montante do subsídio anual que lhe é concedido pela SEC.
Também denunciou a reabertura do processo para a escolha da cidade Capital do Teatro, a que <LOCAL_GeoNetPT02 f_id="44738" t_id="LOC:ADM">Braga</LOCAL_GeoNetPT02> se candidatou.
 Rui Madeira manifesta estranheza por este último facto. É que, tendo terminado, em 11 de Janeiro, o prazo para as candidaturas a Capital do Teatro -- com o concurso das cidades de <LOCAL_GeoNetPT02 f_id="44738" t_id="LOC:ADM">Braga</LOCAL_GeoNetPT02> e <LOCAL_GeoNetPT02 f_id="387660" t_id="LOC:ADM">Viana do Castelo</LOCAL_GeoNetPT02> --, a Direcção-Geral de Espectáculos, em 11 de Março, reabriu aquele processo por mais quatro dias úteis, o que foi apenas aproveitado por <LOCAL_GeoNetPT02 f_id="255023" t_id="LOC:ADM">Portalegre</LOCAL_GeoNetPT02>.
O facto de as duas cidades minhotas serem de maioria socialista e a reabertura do processo ter permitido a candidatura de uma autarquia social-democrata levanta suspeições por parte dos responsáveis da CTB.
As críticas ao pelouro governamental de Pedro Santana Lopes incidem também sobre a redução do subsídio este ano atribuído à companhia, mesmo que ele ainda possa vir a ser alterado, na sequência de uma reunião a realizar com o presidente do Instituto de Artes Cénicas.
O director da CTB contesta os argumentos invocados, designadamente o de que não cumpriu o número de espectáculos a que se comprometeu num protocolo com a SEC.
As contas da companhia bracarense dizem que efectuou 153 espectáculos, com 9565 espectadores, entre 20 de Janeiro de 1993 e 16 de Fevereiro passado.
A divergência radica no facto de a SEC contabilizar o período de Janeiro a Dezembro, critério contestado porque a companhia não recebe « os subsídios logo no início do ano, o que faz atrasar o início da programação ».
Evocação de Camilo Outro motivo de penalização é o número de espectadores, situação que a CTB vai procurar inverter este ano.
Respondendo às críticas de que a companhia tem produzido espectáculos « um pouco herméticos » para o grande público, Rui Madeira promete fazer « um ligeiro desvio », com uma aposta na comédia.
Como « cabeça de cartaz » surge « O Morgado de Fafe em Lisboa », de Camilo Castelo Branco, com estreia prevista para 13 de Maio.
Este espectáculo insere-se numa série de iniciativas concertadas, a levar a efeito até Julho, com o título genérico de « Camilo Passeia-se por <LOCAL_GeoNetPT02 f_id="44738" t_id="LOC:ADM">Braga</LOCAL_GeoNetPT02> ».
O projecto inclui, já este mês, a exibição do filme « O Dia do Desespero », de Manoel de Oliveira ( de 11 a 17, no    Teatro Circo ), e um ciclo de conferências, que terá início no dia 16, com Manuel Simões, director da Casa da Camilo.
Os restantes conferencistas são Abel Barros Baptista, Luís Francisco Rebello, António Cabrita, João Bigotte Chorão, Aníbal Pinto de Castro, José Vialle Moutinho, Torcato Sepúlveda e Agustina Bessa-Luís.
A programação da CTB -- sujeita a alterações, se <LOCAL_GeoNetPT02 f_id="44738" t_id="LOC:ADM">Braga</LOCAL_GeoNetPT02> vier a ser Capital do Teatro -- compreenderá ainda « O Novo Mendonza », de Lenz, ou « Paralquimia », de Robert Pinget, com estreia em Novembro.
Até lá estarão em cena « O Último dos Ofícios », de Boris Vian, com encenação de José Ananias, a apresentar às zero horas, no final do cinema, no átrio do   Teatro Circo, e um espectáculo para a infância, com encenação de José Gil.
Reconhecida como « uma atitude perversa em relação às crianças » e « extremamente triste », esta orientação da CTB, que « não quer ser tomada por lorpa », vai obrigar o elenco da companhia, constituído por uma dúzia de actores, a repartir-se.
Para cumprir o seu projecto, a CTB « necessita no mínimo de 35 mil contos ».
 Rui Madeira espera obter este ano o apoio das empresas que não conseguiu em 1993, por razões de conjuntura económica.
Institucionalmente, advoga o apoio infra-estrutural das câmaras ( como acontece com a de <LOCAL_GeoNetPT02 f_id="44738" t_id="LOC:ADM">Braga</LOCAL_GeoNetPT02> ) e financeiro do Governo.
</text>
</root>
