<?xml version="1.0" encoding="utf-8"?>
<root>
  <title>PUBLICO-19940401-014</title>
  <text>
Fotos do Paulo Rocha 
Intermodal à porta de Leixões contestado
APAT contra terminal defendido pela Tertir
Paulo Vilarinho
A Associação dos Transitários discorda da implantação de terminais internacionais nas cidades e não está interessada na centralização das operações do transporte rodoviário.
Considera ainda que a melhor solução para o escoamento das mercadorias em trânsito nos portos é o caminho-de-ferro, como acontece em alguns portos europeus.
O presidente da Associação Portuguesa dos Agentes Transitários ( APAT ), Joaquim Borges, contestou a localização de terminais internacionais em centros urbanos, numa intervenção feita durante a última reunião do Conselho Consultivo da Administração dos Portos do Douro e Leixões ( APDL ).
Reagia assim às pretensões do grupo económico Tertir de criar um centro multimodal na região <LOCAL_GeoNetPT02 f_id="196" t_id="NT2:ADM">Norte</LOCAL_GeoNetPT02>, no Freixieiro, pertíssimo do porto de Leixões.
 Joaquim Borges destacou ainda que, « ao contrário da opinião mais generalizada, os transitários-operadores de transporte não estão interessados na centralização, seja em portos, seja em terminais TIR, das operações de transporte rodoviário ».
Esta centralização, defende o presidente dos transitários, constitui « custos de terceiros reflectidos na sua factura, muitas vezes de difícil explicação ».
« O « bode expiatório » transporte rodoviário no acesso aos portos nacionais não é mais do que o reflexo da inaptidão dos diversos poderes de decisão, públicos e privados, para desenvolverem fórmulas válidas para o escoamento e acesso aos portos, que modernamente se faz mais por caminho-de-ferro, a exemplo de importantes portos europeus », defendeu Joaquim Borges.
Esta situação é especialmente grave em Leixões, segundo o presidente da APAT.
 Joaquim Borges contesta ainda que as alternativas para um grande terminal intermodal no <LOCAL_GeoNetPT02 f_id="130" t_id="NT3:ADM">Grande Porto</LOCAL_GeoNetPT02> não possam ser, a norte, o <LOCAL_GeoNetPT02 f_id="306793" t_id="LOC:ADM">Campo</LOCAL_GeoNetPT02>, em <LOCAL_GeoNetPT02 f_id="308308" t_id="LOC:ADM">Valongo</LOCAL_GeoNetPT02>, e a sul <LOCAL_GeoNetPT02 f_id="20560" t_id="LOC:ADM">Ovar</LOCAL_GeoNetPT02>, como defende o administrador da Tertir Rui Amaral.
Este deputado ao Parlamento Europeu defende a instalação do terminal em <LOCAL_GeoNetPT02 f_id="279174" t_id="LOC:ADM">Matosinhos</LOCAL_GeoNetPT02>, onde « terá vocação marítima ».
O presidente da APAT contesta esta opção, « porque não fará a ligação ao porto, pois manter-se-ia o « despejo » do tráfego de mercadorias na rede urbana, congestionando-o com as filas de espera aos portões do porto de Leixões, que muito prejudicam não só os operadores como os industriais e comerciantes, que pagam a factura ».
A APAT defende que o escoamento de mercadorias do porto de Leixões deveria ser por caminho-de-ferro, « onde <LOCAL_GeoNetPT02 f_id="306793" t_id="LOC:ADM">Campo</LOCAL_GeoNetPT02> seria, por exemplo, alternativa válida », manifestando a sua preferência por esta solução face ao Freixieiro.
Para Joaquim Borges, que divulga assim a posição consensual da sua associação, os terminais não visam só escoar produtos, mas, mais, « permitir o acesso fácil dos meios de transporte rodoviário internacional aos comboios intermodais », para o que se torna necessário diversificar ao nível nacional.
Em declarações ao PÚBLICO, o presidente da APAT defende a existência de muitos terminais em <LOCAL_GeoNetPT02 f_id="418745" t_id="PAI:ADM">Portugal</LOCAL_GeoNetPT02>:
« Cerca de seis será possível », admite.
Só assim se conseguirão custos decrescentes, permitindo à actividade transitária o cumprimento da sua filosofia de função, ou seja, flexibilidade a baixo custo.
A contestação da posição pública da Tertir não diz por isso respeito à opção pelo transporte multimodal.
« Vamos criar uma associação para o desenvolvimento do transporte multimodal, de que também fará parte a ANTRAM », anunciou ao PÚBLICO.
Na mesma reunião na APDL, Joaquim Borges elogiou e realçou a mensagem do presidente da APDL, Mário Jorge de Carvalho, quando este afirmou:
« A análise dos problemas do Norte deve deixar de se fazer com o coração, para ser feita com a lucidez de homens públicos experientes e pragmáticos .»
</text>
</root>
