<?xml version="1.0" encoding="utf-8"?>
<root>
  <title>PUBLICO-19950108-042</title>
  <text>Despiste mortal
O despiste, por velocidade excessiva, de um Renault 5 na estrada nacional entre o <LOCAL_GeoNetPT02 f_id="330130" t_id="LOC:ADM">Entroncamento</LOCAL_GeoNetPT02> e <LOCAL_GeoNetPT02 f_id="342354" t_id="LOC:ADM">Torres Novas</LOCAL_GeoNetPT02> provocou, na madrugada de sexta-feira, a morte do condutor, Rui Miguel Nicolau, de 24 anos, a cumprir o serviço militar, e ferimentos graves nos dois acompanhantes, Rui Jorge Brito, de 27, e António Piranga Faria, de 31, todos residentes em <LOCAL_GeoNetPT02 f_id="342354" t_id="LOC:ADM">Torres Novas</LOCAL_GeoNetPT02>.
Faria Carreira, responsável pelo trânsito da PSP do <LOCAL_GeoNetPT02 f_id="330130" t_id="LOC:ADM">Entroncamento</LOCAL_GeoNetPT02>, disse que o acidente, ocorrido às 5h40 numa curva marcada por grande número de desastres, « terá sido motivado pelo despiste do automóvel, que o fez embater numa boca de incêndio e depois capotar ».
O veículo ficou completamente destruído.
Rui Brito foi hospitalizado em <LOCAL_GeoNetPT02 f_id="342354" t_id="LOC:ADM">Torres Novas</LOCAL_GeoNetPT02> e António Faria seguiu para <LOCAL_GeoNetPT02 f_id="196518" t_id="LOC:ADM">Lisboa</LOCAL_GeoNetPT02> para fazer um TAC, mas está livre de perigo.</text>
</root>
