<?xml version="1.0" encoding="utf-8"?>
<root>
  <title>PUBLICO-19950102-052</title>
  <text><LOCAL_GeoNetPT02 f_id="3067" t_id="FRG:ADM">Queluz</LOCAL_GeoNetPT02> quer abrir hospital
A junta de Freguesia de <LOCAL_GeoNetPT02 f_id="3067" t_id="FRG:ADM">Queluz</LOCAL_GeoNetPT02>, renovou os seus « protestos públicos contra o injustificado protelamento na abertura do hospital de <LOCAL_GeoNetPT02 f_id="182400" t_id="LOC:ADM">Amadora</LOCAL_GeoNetPT02> / <LOCAL_GeoNetPT02 f_id="240249" t_id="LOC:ADM">Sintra</LOCAL_GeoNetPT02> aos utentes e contra a permanente indiferença do Ministério da Saúde e do Governo às fundadas manifestações de discordância da decisão política de privatizar a gestão do hospital ».
Ainda segundo este órgão autárquico, de maioria PS, a « opção pela privatização vai submeter os custos e a qualidade das prestações médicas à lógica do mercado, abrindo um grave precedente de desresponsabilização do Estado no Serviço Nacional de Saúde ».
Já no passado dia 17, uma comissão de futuros utentes do hospital repudiara -- numa reunião efectuada nos Bombeiros Voluntários de Queluz -- a intenção de privatizar a gestão deste mesmo hospital.
</text>
</root>
