<?xml version="1.0" encoding="utf-8"?>
<root>
  <title>PUBLICO-19940402-086</title>
  <text>
Novo subsídio de desemprego O montante diário do subsídio de desemprego foi alterado, passando a ser igual a 65 por cento da remuneração de referência - anuncia o Diário da República.
O artigo que entrou ontem em vigor, alarga o período a considerar na determinação da remuneração média, tendo em vista adequar as prestações à eventual irregularidade das remunerações.
As alterações que este diploma introduz pretendem redefinir as situações de cessação do direito às prestações.
Estabelece-se ainda o agravamento das coimas por incumprimento dos deveres legais, quer por parte dos trabalhadores, quer por parte das entidades empregadoras.
Inter-rail mais barato Os jovens portugueses com menos de 26 anos podem, desde ontem, concretizar os seus sonhos de viagens durante um mês, por 57.765 escudos ( 250 ECU ) pela rede ferroviária europeia.
É que grandes alterações foram introduzidas no inter-rail.
Tendo em conta que a maioria dos jovens que viajam com este sistema só utilizam o cartão parcialmente, para alguns países, resolveu-se criar um passe inter-rail válido apenas para algumas zonas e de valor muito inferior ao passe global.
Voluntários para a Urbe Após dois anos de escassa intervenção pública, a associação Urbe -- Núcleos Urbanos de Pesquisa e Intervenção, que trata de questões urbanas sob o ponto de vista ambiental, reaparece agora com um projecto de formação para 60 jovens.
O objectivo é seleccionar e preparar voluntários para que estes desenvolvam núcleos independentes de intervenção urbana no <LOCAL_GeoNetPT02 f_id="290154" t_id="LOC:ADM">Porto</LOCAL_GeoNetPT02>, <LOCAL_GeoNetPT02 f_id="196518" t_id="LOC:ADM">Lisboa</LOCAL_GeoNetPT02> e <LOCAL_GeoNetPT02 f_id="121279" t_id="LOC:ADM">Faro</LOCAL_GeoNetPT02>.
Segundo um protocolo assinado esta semana com o Instituto da Juventude, a Urbe irá seleccionar 60 voluntários entre os que se inscrevam nos centros de juventude a partir de 1 de Maio.
Segundo Rogério Gomes, da Urbe, « prepara-se assim uma nova etapa em <LOCAL_GeoNetPT02 f_id="418745" t_id="PAI:ADM">Portugal</LOCAL_GeoNetPT02> no desenvolvimento das movimentações dos ecologistas urbanos, que tudo indica poderem vir a dar dores de cabeça a muitas autarquias ».
A ideia é agitar a opinião pública e influenciar os centros de decisão.
</text>
</root>
