<?xml version="1.0" encoding="utf-8"?>
<root>
  <title>PUBLICO-19940403-062</title>
  <text>
Doação da Casa da Moeda para Museu da Imprensa
O acervo do futuro Museu da Imprensa, a instalar numa antiga fábrica do Freixo, no <LOCAL_GeoNetPT02 f_id="290154" t_id="LOC:ADM">Porto</LOCAL_GeoNetPT02>, acaba de ser enriquecido com mais uma doação.
Trata-se de uma colecção de máquinas, tipos, matrizes e punções provenientes da Imprensa Nacional / Casa da Moeda, em <LOCAL_GeoNetPT02 f_id="196518" t_id="LOC:ADM">Lisboa</LOCAL_GeoNetPT02>.
Vários prelos, uma prensa manual e diversos tipos em línguas orientais, entre outros artefactos, compôem esta fornada, a maior alguma vez doada à instituição museológica.
 Dez camiões foram necessários para o transporte de todo o material.
O património já disponível para o museu está depositado no edifício da Invicta Favorita, antiga fábrica de briquetes, que irá, depois de restaurado, servir de sede ao museu.
No entanto, não é ainda conhecida a data da sua abertura.
A Associação Museu da Imprensa, entidade que tem encabeçado o projecto e na qual participam, entre outras instituições, a Associação da Imprensa Não-Diária, o Jornal de Notícias e a Fundação Engº António de Almeida , está ainda à espera do financiamento que lhe permita a realização das obras de restauro e construção planeadas e que orçam em cerca de 600 mil contos.
</text>
</root>
