<?xml version="1.0" encoding="utf-8"?>
<root>
  <title>PUBLICO-19940402-035</title>
  <text>
Regata de <LOCAL_GeoNetPT02 f_id="1726" t_id="FRG:ADM">Belém</LOCAL_GeoNetPT02> a <LOCAL_GeoNetPT02 f_id="327764" t_id="LOC:ADM">Valada</LOCAL_GeoNetPT02> com bom vento
Subir o Tejo à vela « só quem o conheça bem » Aproveitando a maré, que enchia, e a brisa, que soprava, o « Ao vento » foi um dos veleiros que, ontem ao princípio da tarde, partiu da Doca de <LOCAL_GeoNetPT02 f_id="1726" t_id="FRG:ADM">Belém</LOCAL_GeoNetPT02>, na regata organizada pela Associação Nacional de Cruzeiros, subindo o Tejo até <LOCAL_GeoNetPT02 f_id="327764" t_id="LOC:ADM">Valada</LOCAL_GeoNetPT02>, onde se deverão juntar hoje várias dezenas de embarcações à vela e a motor.
Tripulada por António Carvalho, e levando a bordo outras cinco pessoas, este veleiro, com 11 metros de comprimento, não seguiu porém sempre à vela na sua rota pelo Tejo.
Curiosamente, este cruzeiro, patrocinado pelo Instituto da Água, pretendia estimular a navegabilidade do rio, apesar de ele estar muito assoreado.
« Com um calado de dois metros, como tem este barco, é difícil subir o rio à vela, porque se corre o perigo de encalhar.
Há quem o faça, e até com calados maiores, como os batelões de areia, mas, para isso, é preciso conhecer muito bem o Tejo e os seus fundos.
E eu ainda não estou assim tão experiente », confessava António Carvalho.
Já há dois anos subiu o rio com o mesmo barco até <LOCAL_GeoNetPT02 f_id="327764" t_id="LOC:ADM">Valada</LOCAL_GeoNetPT02>, mas nesta segunda regata, apenas se predispunha a velejar até à Cala das Barcas, a pouco mais de seis milhas da doca de <LOCAL_GeoNetPT02 f_id="1726" t_id="FRG:ADM">Belém</LOCAL_GeoNetPT02>.
O resto das seis horas previstas de viagem, apesar do seu nome e do vento forte que ontem corria, o « Ao vento » e a sua tripulação seguiriam muito provavelmente a motor.
Mas hoje em <LOCAL_GeoNetPT02 f_id="327764" t_id="LOC:ADM">Valada</LOCAL_GeoNetPT02> do Tejo, talvez alguns outros velejadores se possam gabar de ter conseguido a proeza máxima: chegar lá sem recurso a motores, o que não é tarefa fácil.
Entre os companheiros de cruzeiro do « Ao Vento », um barco registado em <LOCAL_GeoNetPT02 f_id="196518" t_id="LOC:ADM">Lisboa</LOCAL_GeoNetPT02>, contavam-se ainda à partida o « Oxalá ´ s », de <LOCAL_GeoNetPT02 f_id="190749" t_id="LOC:ADM">Cascais</LOCAL_GeoNetPT02>, que, juntamente com dois outros veleiros, o « Oceanis » e um barco que é propriedade do Instituto da Água, largaram de <LOCAL_GeoNetPT02 f_id="1726" t_id="FRG:ADM">Belém</LOCAL_GeoNetPT02> em simultâneo.
Outros veleiros haviam já partido quinta-feira, e outros pela manhã, em viagem pelo Tejo, rio em cujas margens, até <LOCAL_GeoNetPT02 f_id="327764" t_id="LOC:ADM">Valada</LOCAL_GeoNetPT02>, não há praticamente quaisquer pontos de apoio a iates de cruzeiro, à excepção de <LOCAL_GeoNetPT02 f_id="249101" t_id="LOC:ADM">Vila Franca de Xira</LOCAL_GeoNetPT02>, onde os barcos podem atracar junto ao paredão.
Por isso, e porque o tempo começa agora a suscitar o desejo de permanências mais prolongadas a bordo, incluindo as horas de sono, à partida de <LOCAL_GeoNetPT02 f_id="1726" t_id="FRG:ADM">Belém</LOCAL_GeoNetPT02> uma das questões a resolver dizia respeito ao abastecimento: de gasolina e alimentos.
« Agora já apetece ficar no barco, o tempo já está melhor, por isso dos preparativos para a largada faz parte a arrumação dos mantimentos ».
O resto, eram trabalhos, para içar as velas e partir, aproveitando o bom vento e a maré.
Até voltar a lançar ferro em <LOCAL_GeoNetPT02 f_id="327764" t_id="LOC:ADM">Valada</LOCAL_GeoNetPT02> do Tejo.
</text>
</root>
