<?xml version="1.0" encoding="utf-8"?>
<root>
  <title>PUBLICO-19940401-126</title>
  <text>
Alain Labrousse, director do Observatório Geopolítico das Drogas, vai abrir colóquio em Lisboa
Os novos campos da droga
Joana Amado
Continuam a aparecer novas zonas de cultivo de droga e novas rotas de tráfico.
São a resposta às crises económicas e à mudança política na Europa de Leste e ao fim da URSS.
Novas rotas = novos poderosos cartéis = mais toxicodependentes. Labrousse vem a <LOCAL_GeoNetPT02 f_id="196518" t_id="LOC:ADM">Lisboa</LOCAL_GeoNetPT02> falar destes problemas, e de um velhíssimo.
O tráfico não acaba porque os Governos não querem.
« Cada vez que a luta contra a droga entra em conflito com os interesses económicos ou geoestratégicos dos países ocidentais, essa famosa « guerra » passa para segundo plano .»
Para Alain Labrousse, director do Observatório Geopolítico das Drogas, consultor junto da União Europeia para a questão da droga e autor do livro « A droga, o dinheiro e as armas », não existe uma verdadeira vontade política para acabar com o tráfico de droga.
Isto numa altura em que se assiste ao aumento do número de produtos, das zonas de produção, dos circuitos de tráfico e dos locais de branqueamento de dinheiro.
Em 1993, numa entrevista ao « Nouvel Observateur », Labrousse -- que vem a <LOCAL_GeoNetPT02 f_id="196518" t_id="LOC:ADM">Lisboa</LOCAL_GeoNetPT02> a 14 de Abril para o colóquio « Geopolítica das drogas », no Instituto Franco-Português -- traçou um panorama mundial que mostra que a produção de narcóticos duplicou desde que, em 1989, as grandes potências ocidentais anunciaram medidas drásticas contra o narcotráfico e o branqueamento.
Uma mudança de estratégia que se deu depois do assassinato do principal candidato à presidência colombiana pelo Cartel de Medellin.
O Crescente de Ouro ( Afeganistão, Paquistão e Irão ) produziu, em 1988, 800 toneladas de ópio, produto base da heroína, e quatro anos depois produziu mais de duas mil toneladas da mesma substância.
No Triângulo de Ouro ( Birmânia, Laos e Tailândia ) a progressão ainda foi mais acentuada.
A produção de cocaína, que há alguns anos estava confinada a três países da América Latina ( Colômbia, Bolívia e Peru ), está agora espalhada por todos os países sul-americanos, tendo aumentado a produção de 800 toneladas para 1500, entre 1988 e 1992.
No ex-império soviético, a Ásia central tornou-se recentemente uma zona muito importante de trânsito e produção de droga.
 Cazaquistão, Usbequistão, Turquemenistão, Quirguízia e Tchethcénia são repúblicas consideradas como novas áreas de cultivo da papoila dormideira, e responsáveis por um terço da produção mundial de ópio.
Depois há o caso de alguns países africanos cuja reestruturação política é financiada com dinheiro da droga, existindo uma grande pressão sobre os agricultores para cultivarem cannabis.
 Países como a Guiné, Costa do Marfim e Senegal têm já uma nova paisagem agrícola com extensas plantações de « erva » e são exemplos desta nova maneira de arranjar fundos.
Os Estados Unidos e a Europa continuam a ser os principais receptores de grande parte da produção de droga mas existem novos mercados em expansão.
É o caso de vários países do leste europeu, do Japão e das repúblicas ex-soviéticas que contam com um número crescente de toxicodependentes.
Raymond Kendall, secretário-geral da Interpol, tem como missão combater os traficantes de droga mas critica a estratégia das grandes democracias de fazerem a « guerra contra as drogas » apoiando-se na repressão.
Para Kendall, « a única via realista é a acção contra o consumo através de métodos preventivos ».
« Sejam quais forem os esforços dos serviços de repressão, os produtores e os traficantes vão continuar a prosperar enquanto houver milhões de consumidores nos países desenvolvidos.
A única maneira de romper a marcha, é baixando drasticamente a procura », explica Kendall dando o exemplo da Suécia, que « mostrou uma verdadeira vontade política » ao gastar somas consideráveis em campanhas de informação e em programas de ajuda aos toxicodependentes conseguindo, desta maneira, diminuir fortemente o consumo.
 Labrousse fala de uma certa hipocrisia por parte dos países ocidentais que declaram guerra contra o tráfico de droga mas, na sua qualidade de credores, não estão muito interessados em saber donde vem o dinheiro que paga as dívidas externas dos países produtores e distribuidores de narcóticos.
O dinheiro da droga está na base do desenvolvimento económico de muitos países.
 Labrousse estima que dos 300 mil milhões de dólares que representam o mercado da droga mundial, « 90 por cento seja investido nos países ricos e apenas 10 nos países produtores ».
 Labrousse não duvida que « se os países ocidentais quisessem lutar eficazmente contra a droga e os seus malefícios, boicotariam todos os países produtores e fechariam os paraísos fiscais que eles controlam ».
E « agiriam também com determinação a nível do consumo, desenvolvendo programas de prevenção e de reintegração. »
No colóquio do Instituto Franco-Português sobre a « Geopolítica das drogas » vão participar, além de Alain Labrousse, Georges Stievenard ( também do Observatório Geopolítico das Drogas ), Eurico de Figueiredo ( psiquiatra, deputado do PS e professor na Universidade do <LOCAL_GeoNetPT02 f_id="290154" t_id="LOC:ADM">Porto</LOCAL_GeoNetPT02> ) e o padre Feytor Pinto ( alto comissário para o Projecto VIDA ).
O assunto a debater neste colóquio é resumido nos seguintes termos por Margarida Antunes da Silva, do gabinete de imprensa do instituto:
« A rota dos mercadores da morte toma dimensões quase incomensuráveis.
A saúde de milhões de pessoas está em perigo.
Os interesses económicos e políticos continuam a relegar para um plano muito secundário a saúde, a integridade, o bem-estar da pessoa humana.
Até quando e onde nos pode levar este caminho? ».
</text>
</root>
