<?xml version="1.0" encoding="utf-8"?>
<root>
  <title>PUBLICO-19940401-088</title>
  <text><LOCAL_GeoNetPT02 f_id="418335" t_id="FRG:ADM">Santa Clara</LOCAL_GeoNetPT02> com nova estrada
<LOCAL_GeoNetPT02 f_id="418335" t_id="FRG:ADM">Santa Clara</LOCAL_GeoNetPT02>, em <LOCAL_GeoNetPT02 f_id="91" t_id="CON:ADM">Coimbra</LOCAL_GeoNetPT02>, vai ter uma nova estrada que a ligará a <LOCAL_GeoNetPT02 f_id="1208" t_id="FRG:ADM">S. Martinho do Bispo</LOCAL_GeoNetPT02>, num projecto que se assume como uma « estratégia inovadora », já que pressupõe « a urbanização de um eixo ».
O estudo prévio e a primeira fase da « via estruturante da margem esquerda » do <LOCAL_GeoNetPT02 f_id="55568" t_id="RIO:PHY">Mondego</LOCAL_GeoNetPT02>, que liga a Avenida da Guarda Inglesa à via rápida Bencanta-Taveiro, foram aprovados na sessão semanal do executivo camarário.
O traçado, que parte da <LOCAL_GeoNetPT02 f_id="93874" t_id="RUA:ADM">Rua de Coelho Rocha</LOCAL_GeoNetPT02>, passa próximo da <LOCAL_GeoNetPT02 f_id="94594" t_id="RUA:ADM">Rua do Depósito</LOCAL_GeoNetPT02> -- ligando ao <LOCAL_GeoNetPT02 f_id="92641" t_id="ZON:ADM">Alto de Santa Clara</LOCAL_GeoNetPT02> -- e por trás dos terrenos da Escola Superior Agrária, atravessando depois o futuro troço do Itinerário Complementar 2 ( Almegue-Cruz de Morouços ).
Segue então em direcção a Fala, estando prevista uma ligação ao Hospital dos <LOCAL_GeoNetPT02 f_id="91029" t_id="LOC:ADM">Covões</LOCAL_GeoNetPT02>, e continua pelo <LOCAL_GeoNetPT02 f_id="96170" t_id="TRV:ADM">Alto do Leão</LOCAL_GeoNetPT02>, até à via rápida de Bencanta-Taveiro.
O projecto, já concluído, é da responsabilidade do Gabinete de Apoio Técnico de Coimbra, que contou ainda com algumas alterações feitas pelo gabinete do PDM, com vista a « tornar mais urbanos alguns dos nós previstos ».
 Jorge Carvalho, assessor da autarquia para a área do Urbanismo, presente na reunião, sustentou que se pretende « a requalificação de toda uma zona actualmente abandonada ».
É por isso que se quer uma « filosofia de rua urbana e não de mera estrada », interessando a urbanização de « um eixo, diferente da urbanização por zonas, que tem acontecido nas últimas décadas ».
O projecto insere-se no plano, mais amplo, do município de aproximar a margem esquerda e a cidade, melhorando a acessibilidade e qualificando urbanisticamente aquela área.
As negociações com os proprietários terão brevemente início, sendo a abertura da via ( com as terraplenagens ) da responsabilidade da Câmara, esperando-se que a restante parte da obra seja inserida nos loteamentos que os proprietários « vão ser desafiados a encetar ».
Dulce Neto
</text>
</root>
