<?xml version="1.0" encoding="utf-8"?>
<root>
  <title>PUBLICO-19950107-144</title>
  <text>Imenso Sul em revista
Afirmam-se antes de tudo jornalistas.
Mas, embora sendo cidadãos do mundo, consideram-se « ainda mais » do seu <LOCAL_GeoNetPT02 f_id="12" t_id="NT2:ADM">Alentejo</LOCAL_GeoNetPT02>.
Jornalistas e alentejanos, vá de avançarem para uma « experiência pioneira »: uma revista trimestral sustentada apenas pela publicidade e pelas assinaturas, imune às pressões dos « lobbies » que se movimentam na região.
E mobilizados para falar de um <LOCAL_GeoNetPT02 f_id="12" t_id="NT2:ADM">Alentejo</LOCAL_GeoNetPT02> « que quase sempre passa à margem das notícias » ou que, quando nelas entra, não se revê no « exotismo de supermercado » com que o retratam.
Dirigida por Carlos Júlio ( TSF ) e contando entre os seus colaboradores com nomes como os de José Frota, Pedro Ferro e Conceição Rego, a revista inclui neste seu primeiro número ( era inevitável ) um « dossier » sobre o <LOCAL_GeoNetPT02 f_id="12" t_id="NT2:ADM">Alentejo</LOCAL_GeoNetPT02>.
Apesar das cores bastantes negras com que a situação do antigo « celeiro de <LOCAL_GeoNetPT02 f_id="418745" t_id="PAI:ADM">Portugal</LOCAL_GeoNetPT02> » vai sendo traçada, ressalta das 15 páginas do « dossier » um <LOCAL_GeoNetPT02 f_id="12" t_id="NT2:ADM">Alentejo</LOCAL_GeoNetPT02> em cujo horizonte se divisa « alguns sinais de esperança ».
Inch' allah!</text>
</root>
