<?xml version="1.0" encoding="utf-8"?>
<root>
  <title>PUBLICO-19940401-007</title>
  <text>
Crítica de Música 
Luís M. Alves 
O princípio, o fim e o resto 
No dia 30 de Março de 1994, foi lançada a primeira pedra sobre um projecto sem precedentes na animação da vida musical em <LOCAL_GeoNetPT02 f_id="418745" t_id="PAI:ADM">Portugal</LOCAL_GeoNetPT02>, de <LOCAL_GeoNetPT02 f_id="196518" t_id="LOC:ADM">Lisboa</LOCAL_GeoNetPT02> em particular.
Começava nesse dia, no renovado Coliseu, uma integral das sinfonias de Gustav Mahler, espraiada por pouco mais de dez meses, com orquestras, maestros e solistas diversos, ainda assim uma integral num período suficientemente curto para uma percepção condensada da importância deste capítulo do património musical.
Pode questionar-se que a apreensão da contribuição de Mahler para o reportório sinfónico seria mais concludente se a sua reinvenção tivesse sido confinada a uma mesma concepção interpretativa ( a uma mesma orquestra, a um mesmo maestro ), se a audição tivesse respeitado uma ordem cronológica de composição.
Mas terão sentido esses queixumes, face à importância do projecto, no quadro real do mercado da oferta musical?
Creio que não, e passo à efemeridade de o público residente ou visitante de <LOCAL_GeoNetPT02 f_id="196518" t_id="LOC:ADM">Lisboa</LOCAL_GeoNetPT02> ter ouvido a Orquestra Sinfónica da Rádio da Baviera dirigida por Lorin Maazel na sua interpretação da 1ª Sinfonia e do « Adagio » da 10ª Sinfonia de Mahler.
Foi um acontecimento cujo significado -- antes de aflorar quaisquer questões especificamente relacionadas com a leitura deste Mahler pelos seus intérpretes de circunstância -- nos remete para memórias do maestro Maazel dirigindo no mesmo espaço, e no ano de 1974 em que ocorreria o primeiro 25 de Abril que, mais que nunca, não deveremos esquecer, a « Missa Solemnis » de Beethoven e um « Requiem » de Verdi que, por muitos anos de vida que a sorte nos credite, persistirão entre as mais emocionantes experiências da vivência com o melhor da nossa relação com a invenção musical.
E, também, nos reenvia para a recordação da mesma orquestra bávara oferecendo-nos, em 1971, no Grande Auditório da Gulbenkian, uma das mais esmagadoras homenagens a Mahler por cá ouvidas, precisamente na Primeira Sinfonia agora relida, então dirigida por Rafael Kubelik um dos maiores intérpretes da obra nesses tempos já remotos ( ver suplemento « Fim de Semana » de 23/3/1994 ).
Deixando o passado, esta visita da Sinfónica da Baviera dirigida por Lorin Maazel terá confirmado, com uma sala quase cheia, a boa resposta do público de <LOCAL_GeoNetPT02 f_id="196518" t_id="LOC:ADM">Lisboa</LOCAL_GeoNetPT02> às dúvidas sobre a sua capacidade de resposta a um aparente excesso de oferta musical no ano em que a cidade se assume como capital da cultura europeia.
E, diga-se desde já, que o que mais bonito terá acontecido nesta noite foi a espontânea comoção do público do Coliseu, reagindo empolgado, com os seus aplausos, com os seus gritos entusiasmados, ao dificilmente resistível impacto da música de Mahler.
Entusiasmo que só dignifica a concepção de Lorin Maazel e a execução da Orquestra da Rádio da Baviera, já que o mais meritório na direcção do maestro terá sido a deliberada recusa do sensacionalismo fácil na apropriação de obras tão devassadas por exibições de espectacularidade gratuita.
O preço pago por Maazel foi, naturalmente, a redução das intenções mahlerianas à visão elegíaca, pastoril, serenamente contemplativa, dos três andamentos iniciais, ao carácter exaltante, festivo, do final.
Escamoteando, afinal, a natureza perturbante, inquietante, irónica, que só com muito optimismo ( e grande probabilidade de erro conceptual ) se poderá dissociar da escrita de Mahler, mesmo neste seu primeiro assalto ao género sinfónico.
Se esta leitura desanuviada é suportável na Primeira Sinfonia - e se adequa admiravelmente ao « show » em tempo de extras preenchidos com a « Farandole » de « L' Arlesienne » de Bizet e uma dança húngara de Brahms - já a sua colagem ao « Adagio » da Décima Sinfonia é mais problemática.
O polimento das superfícies sonoras, a contenção expressiva, foram apenas elementos decorativos sob os quais se ocultou a essência do pensamento mahleriano, encurralado entre o esgotamento da tradição do sinfonismo oitocentista e a angústia da subscrição de uma radical ruptura com os pressupostos de uma semântica, de uma arquitectura do discurso musical que conferem a este « Adagio » -- até pelos problemas da sua integração numa não completada Décima ( ver texto de Augusto M. Seabra ainda no « Fim de Semana » de 25/3/1994 ) -- uma natureza testamentária de um dos grandes criadores de toda a história da música.
</text>
</root>
