<?xml version="1.0" encoding="utf-8"?>
<root>
  <title>PUBLICO-19950103-051</title>
  <text>Vale do Sorraia 
Falência polémica abala agricultura
A declaração de falência da Coopsor-Cooperativa Transformadora dos Produtos Agrícolas do Vale do Sorraia ( <LOCAL_GeoNetPT02 f_id="329239" t_id="LOC:ADM">Coruche</LOCAL_GeoNetPT02> ), aprovada em assembleia de credores em Dezembro passado, está a ser muito contestada pelos agricultores da região e pelos 150 trabalhadores da empresa.
Estes últimos interpuseram mesmo um recurso, baseado em « irregularidades processuais », que está a ser apreciado pelo Tribunal de <LOCAL_GeoNetPT02 f_id="329239" t_id="LOC:ADM">Coruche</LOCAL_GeoNetPT02>.
Pelo meio deste processo surgem acusações graves à direcção da cooperativa e alegados interesses de alienação da Coopsor a uma multinacional italiana.
A perspectiva de falência de uma das maiores unidades agro-industriais do país constituiu um choque para a região de <LOCAL_GeoNetPT02 f_id="329239" t_id="LOC:ADM">Coruche</LOCAL_GeoNetPT02>, motivou visitas imediatas de deputados à vila ribatejana e moções em defesa da viabilidade da cooperativa aprovadas nos órgãos autárquicos locais.
No passado dia 22, uma comissão composta por representantes dos agricultores ( cerca de dois mil associados da Coopsor ), dos trabalhadores e das autarquias locais foi recebida pelo ministro da Agricultura, Duarte Silva.
O ministro garantiu que os agricultores receberão, até 4 ou 5 de janeiro, os cerca de 700 mil contos que reclamam da cooperativa, mas terá concluído que a gerência actual não tem sido a melhor e que a cooperativa não tem viabilidade económica.
Bem diferente é a opinião da comissão atrás referida, que acredita na viabilidade da Coopsor e desconfia de outros propósitos menos claros.
« O sector de tomate da Coopsor teve 300 mil contos de lucro na última campanha.
Quanto ao arroz, sabemos que, de há três anos a esta parte, tem dado algum dinheiro.
Não há problemas de escoamento dos produtos.
A cooperativa está bem equipada, tem todas as condições para ser viável », afirmou Amândio Freitas, presidente da Federação de Agricultores do Distrito de <LOCAL_GeoNetPT02 f_id="3968" t_id="DST:ADM">Santarém</LOCAL_GeoNetPT02>.
A Coopsor regista cerca de quatro milhões de contos de dívidas, acrescidos de dois milhões de contos de juros vencidos.
A empresa ocupa cerca de 150 trabalhadores fixos e algumas dezenas de trabalhadores sazonais.
Entrega à  Parmalat « Em 1993, com a Coopsor já em dificuldades, a direcção da cooperativa decidiu emprestar 1,2 milhões de contos à UCAL, que veio a falir.
Hoje, a UCAL é da  Parmalat e as más-línguas dizem que o presidente da Coopsor [ Leão Araújo, que é também administrador da UCAL ] terá o objectivo de entregar a Coopsor à  Parmalat », adiantou Amândio Freitas.
O PÚBLICO tentou várias vezes, nos últimos dias, contactar com Leão Araújo, que não esteve disponível para comentar o caso.
Na reunião de 22 de Dezembro, em que também estiveram presentes o governador civil do distrito de <LOCAL_GeoNetPT02 f_id="3968" t_id="DST:ADM">Santarém</LOCAL_GeoNetPT02> e o director regional de Agricultura do Ribatejo e Oeste, o ministro Duarte Silva terá garantido que os agricultores associados da Coopsor receberiam, no início deste mês, os cerca de 500 mil contos de subsídios que, através do INGA ( Instituto Nacional de Garantia Agrícola ), a União Europeia concede aos produtores de tomate.
Assegurou, também, que a Caixa Geral de Depósitos vai avançar com um empréstimo para que a cooperativa do vale do Sorraia pague os restantes valores que tem em dívida para com os agricultores.
Quanto aos trabalhadores, terá sido garantido o pagamento do décimo terceiro mês relativo a 1994.
« O senhor ministro disse que a Coopsor, como empresa, não vai parar, que há empresas interessadas.
Só faltou dizer que sabe a quem vai ser vendida.
Só assim se compreende que o Governo dê aval a este empréstimo da CGD », observou Amândio Freitas.
« Defendemos que a cooperativa deve continuar como tal, está provado que é viável.
Logo que estejam salvaguardados os interesses dos agricultores, vamos lutar pela continuidade da cooperativa », promete.
De acordo com Amândio Freitas, a Coopsor reúne cerca de dois milhões de contos de quotas dos agricultores seus associados.
« Preferimos claramente prosseguir com a cooperativa a ter aqui uma multinacional que defina condições conforme os seus interesses próprios », concluiu o dirigente dos agricultores de <LOCAL_GeoNetPT02 f_id="3968" t_id="DST:ADM">Santarém</LOCAL_GeoNetPT02>.
Para os próximos dias estão previstas audiências do juiz do Tribunal de <LOCAL_GeoNetPT02 f_id="329239" t_id="LOC:ADM">Coruche</LOCAL_GeoNetPT02> que acompanha este processo com os credores da Coopsor, por forma a decidir se confirmará ou não a declaração de falência.
A comissão de acompanhamento deste caso reúne-se hoje e mantém, ainda, esperanças de que seja possível travar a falência da Coopsor.</text>
</root>
