<?xml version="1.0" encoding="utf-8"?>
<root>
  <title>PUBLICO-19940403-051</title>
  <text>Empresa fictícia pratica burla servindo-se do nome dos "Anjos da Noite"
«Santos» actuam de dia 
Anabela Mendes
Histórias de burlas e burlões todos os dias acontecem.
Umas caricatas, respondendo apenas à vertigem do lucro fácil, outras apelando à boa fé das vítimas e utilizando abusivamente nomes de empresas e entidades idóneas.
Desta vez, a promessa de apoio médico domiciliário foi o isco atirado aos incautos.
Foi nas primeiras semanas de Março que a firma A. J. Santos, supostamente sediada na <LOCAL_GeoNetPT02 f_id="199222" t_id="EST:ADM">Estrada da Luz</LOCAL_GeoNetPT02>, em <LOCAL_GeoNetPT02 f_id="196518" t_id="LOC:ADM">Lisboa</LOCAL_GeoNetPT02>, lançou na rua uma série de jovens angariadores propondo a adesão aos serviços médicos ao domicílio da organização Anjos da Noite, que há dez anos serve as zonas de <LOCAL_GeoNetPT02 f_id="196518" t_id="LOC:ADM">Lisboa</LOCAL_GeoNetPT02> e <LOCAL_GeoNetPT02 f_id="290154" t_id="LOC:ADM">Porto</LOCAL_GeoNetPT02>.
Devido à boa reputação dos Anjos da Noite, alguns foram os aderentes às propostas dos jovens angariadores.
Os burlados deixaram a ingenuidade e a boa-fé falar mais alto quando assinaram distraídamente propostas de adesão, que se fossem lidas atentamente lhes teriam demonstrado de imediato que os fins e os destinatários das verbas pagas eram bem outros.
Os serviços dos Anjos da Noite começaram então a ser contactados com insistência, telefonicamente, pelos « novos » sócios, que queriam confirmar a sua adesão e descobriam desolados que tinham sido logrados.
A direcção da sociedade ficou alerta e comunicou a burla à polícia, mas a falta de flagrante delito não permitia às autoridades actuar.
Tal facto levou alguns elementos da empresa de serviços médicos a entrarem em campo e a iniciarem investigações por conta própria que culminaram, no dia 17 de Março, com a detenção de alguns angariadores em plena laboração.
Apanhados em flagrante Tudo se passou num pacato café de uma rua de <LOCAL_GeoNetPT02 f_id="199433" t_id="ZON:ADM">Benfica</LOCAL_GeoNetPT02>, onde um elemento da direcção dos Anjos da Noite, alertado por uma das pessoas burladas, se encontrava à espera dos jovens.
Enquanto eles eram entretidos durante o lanche pela dona do estabelecimento, também uma das lesadas, a polícia foi chamada ao local onde finalmente foi possível verificar o flagrante e deter os angariadores.
Mais tarde, na esquadra, verificou-se que também os angariadores eram, de certa forma, vítimas da própria burla que praticavam.
Recrutados através de anúncio de jornal, a maior parte à procura de primeiro emprego, agiam segundo instruções da empresa A.J. Santos, mas sempre convencidos de que o faziam em favor dos Anjos da Noite.
Transportavam boletins de inscrição com uma montagem do logotipo da organização de assistência médica ao domicílio e uma folha com as condições de adesão, que lidas cuidadosamente demonstravam de forma inequívoca que o fim a que se destinavam os fundos angariados era outro completamente distinto do que anunciavam.
Tratava-se de um « projecto de realização de serviços médicos de urgência ao domicílio », que pressupunha a « existência de um mínimo de quinze mil aderentes findos cinco anos ».
Se tal não se viesse a verificar « a promotora do projecto fica desonerada de qualquer responsabilidade, bem como do mandato ora conferido, da não verificação dos pressupostos enunciados por causa que lhe não seja imputável » ...
Ou seja, os aderentes teriam serviços médicos de urgência ao domicílio dentro de cinco anos, se a empresa conseguisse angariar 15 mil sócios, em caso contrário o contrato seria nulo e nenhuma responsabilidade legal poderia ser assacada à promotora.
O nome dos Anjos da Noite funcionava meramente como isco.
Os termos das condições de adesão demonstravam claramente que tinham sido elaboradas por alguém com conhecimento de leis, com a noção exacta dos vazios legais e sabendo como, de modo subtil, quase transformar uma fraude num acto legal.
O responsável pela firma A.J. Santos foi identificado no mesmo dia, pois a polícia compareceu no local onde se deveria encontrar com os angariadores, tendo-o detido de imediato.
De fala fácil não se coibiu de achar que estava a « trabalhar para bem da comunidade », pois criar um serviço médico de urgência ao domicílio « seria mesmo um facto », se quinze mil incautos aderissem ao projecto.
O facto de utilizar abusivamente o nome dos Anjos da Noite nem era « relevante ».
Isto porque « há fins que justificam os meios » e, ao fim e ao cabo, era a bem da população ...
e de uma boa causa: o seu bolso.
Os burlados apresentaram queixa contra os angariadores e o responsável da empresa A.J. Santos na 20ª esquadra da PSP.
Quanto à organização Anjos da Noite, falo-á oportunamente, através do seu advogado.
Um dos responsáveis da direcção sublinha o seu pesar por esta situação que envolve o bom nome da organização e recomendam que as pessoas abordadas por angariadores exijam sempre as credenciais e documentos legais daqueles que ajem em nome de qualquer organização.</text>
</root>
