<?xml version="1.0" encoding="utf-8"?>
<root>
  <title>PUBLICO-19940401-044</title>
  <text>
 Investimento será realizado no Reino Unido
 Portugal perde projecto da Jaguar
 João Seabra
 O Governo português não conseguiu convencer a Ford a produzir o novo modelo da Jaguar em <LOCAL_GeoNetPT02 f_id="418745" t_id="PAI:ADM">Portugal</LOCAL_GeoNetPT02>.
Quem ficou a ganhar foi o Reino Unido, onde será instalada a nova unidade.
A Ford manteve negociações com o Governo português para montar em <LOCAL_GeoNetPT02 f_id="418745" t_id="PAI:ADM">Portugal</LOCAL_GeoNetPT02> o seu próximo modelo desportivo, o Jaguar XJS, um projecto que « representaria um investimento de muitos milhões de contos », afirmou ao PÚBLICO o ministro do Comércio e Turismo, Faria de Oliveira.
Mas a multinacional de origem norte-americana acabou por optar pela instalação da nova unidade no Reino Unido.
Para os responsáveis da Ford, a escolha de <LOCAL_GeoNetPT02 f_id="418745" t_id="PAI:ADM">Portugal</LOCAL_GeoNetPT02> era considerada natural:
« Se escolhemos o país para um outro projecto [ a Auto Europa ], é natural que encaremos outras hipóteses de investir cá », considerou uma fonte da empresa.
No entanto, acrescentou que para o próximo modelo da Jaguar foram encarados outros países, entre os quais o Reino Unido, que acabou por ser o preferido.
 Faria de Oliveira afirmou, por seu lado, que o Governo britânico exerceu « fortes pressões para manter a construção dos Jaguar » no Reino Unido, alegando que o facto « de ser uma marca de prestígio » e de origem britânica deveria implicar a sua manutenção no território da Grã-Bretanha.
O ministro do Comércio acrescentou que as soluções que o Governo português oferecia à Ford « apresentavam condições muito boas e garantiam um elevado nível de competitividade », mas escusou-se a revelar essas condições.
A proposta que o Governo fez à Ford foi referida como muito « atractiva » na edição do « Financial Times » ( FT ) de quarta-feira passada, e pelo próprio ministro português.
Este recusou-se a revelar qual o valor da ajuda que o Portugal estaria disposto a conceder à Ford, embora referisse que seria muito superior aos 9,4 milhões de libras ( mais de 2,4 milhões de contos ) que o « FT » diz que o Governo britânico atribuirá ao novo projecto da Jaguar.
 Faria de Oliveira afirmou-se mesmo surpreendido com o número avançado no « FT », já que os valores em jogo são « muitíssimo superiores ».
O jornal britânico refere ainda, naquela edição, que os apoios do Governo de John Major à Ford já foram aprovados pela  Comissão Europeia e que a execução do novo Jaguar permitirá garantir, até 1998, 883 postos de trabalho.
Se o projecto viesse para <LOCAL_GeoNetPT02 f_id="418745" t_id="PAI:ADM">Portugal</LOCAL_GeoNetPT02>, o novo modelo da Jaguar deveria ser construído na <LOCAL_GeoNetPT02 f_id="186331" t_id="LOC:ADM">Azambuja</LOCAL_GeoNetPT02>, na fábrica local da Ford, onde são montadas as carrinhas Ford Transit.
Questionado sobre a eventualidade de decorrerem outras negociações com construtores automóveis, Faria de Oliveira revelou que existem conversações « com dois construtores, um europeu e outro asiático », mas recusou-se a revelar os seus nomes.
Uma das marcas de que se fala é a Mercedes, a qual, de acordo com o semanário « Expresso », poderá optar por <LOCAL_GeoNetPT02 f_id="418745" t_id="PAI:ADM">Portugal</LOCAL_GeoNetPT02> para a produção do seu futuro « city car ».
 João Seabra
</text>
</root>
