<?xml version="1.0" encoding="utf-8"?>
<root>
  <title>PUBLICO-19950105-088</title>
  <text>Taxistas de <LOCAL_GeoNetPT02 f_id="371672" t_id="LOC:ADM">Setúbal</LOCAL_GeoNetPT02> pararam para homenagear colega assassinado
Os 50 táxis da praça de <LOCAL_GeoNetPT02 f_id="371672" t_id="LOC:ADM">Setúbal</LOCAL_GeoNetPT02> estiveram ontem de manhã -- entre as 10h30 e as 12h00 -- parados em sinal de homenagem ao colega assassinado na segunda-feira a tiro.
Antes do funeral de António Rodrigues, o taxista morto perto do cemitério de Algeruz, os motoristas concentraram-se frente à Capela do Carmo , naquela cidade, interrompendo o trânsito na Avenida <LOCAL_GeoNetPT02 f_id="371904" t_id="AVE:ADM">22 de Dezembro</LOCAL_GeoNetPT02> durante cerca de uma hora.
Também as Avenidas <LOCAL_GeoNetPT02 f_id="371909" t_id="AVE:ADM">5 de Outubro</LOCAL_GeoNetPT02> e <LOCAL_GeoNetPT02 f_id="371815" t_id="AVE:ADM">Jaime Cortesão</LOCAL_GeoNetPT02> -- duas das principais artérias setubalenses -- chegaram a estar cortadas ao trânsito durante o cortejo fúnebre de António Rodrigues, cujo corpo foi sepultado no cemitério de Nossa Senhora da Piedade .
O enterro foi acompanhado por largas dezenas de pessoas, nomeadamente velhos companheiros de trabalho de António Rodrigues na antiga empresa Belos Transportes ( ex-Rodoviária do Alentejo  ), onde o falecido era uma pessoa « muito estimada ».
Presentes estiveram também populares e taxistas da <LOCAL_GeoNetPT02 f_id="328296" t_id="LOC:ADM">Chamusca</LOCAL_GeoNetPT02>, localidade onde a vítima possuía uma casa.
A urna de António Rodrigues foi tapada com a bandeira da Antral, Associação Nacional dos Transportadores Rodoviários em Automóveis Ligeiros.
Familiares, colegas e muitos populares que assistiram ao funeral classificaram a morte do taxista como « uma tragédia que está a chegar a <LOCAL_GeoNetPT02 f_id="371672" t_id="LOC:ADM">Setúbal</LOCAL_GeoNetPT02> » -- referiu o relato feito pela Agência Lusa.
Esta foi a primeira morte de um motorista de táxi em <LOCAL_GeoNetPT02 f_id="371672" t_id="LOC:ADM">Setúbal</LOCAL_GeoNetPT02>, embora as agressões de que esses profissionais são vítimas sejam já habituais na cidade.
Este caso coloca, de novo, a questão da falta de segurança dos taxistas.
« A questão do vidro é essencial para a segurança, como o são outras coisas, e já devia existir nos carros há muito tempo.
E se se pusesse o vidro, só devíamos transportar pessoas no banco de trás.
Com ou sem subsídio do Estado, os proprietários dos táxis deviam colocar os vidros imediatamente », desabafou José António Romão, um taxista setubalense.
Manuel dos Santos, presidente da Antral, que esteve presente no funeral de António Rodrigues, disse que as entidades governamentais continua a ser pressionadas, no sentido de serem adoptadas medidas de segurança para taxistas.
« A Antral entregou recentemente ao secretário de Estado da Administração Interna um dossier com várias soluções, nomeadamente a adopção de meios electrónicos, pagamento com multibanco e a utilização de uma caixa negra nos táxis, no sentido de resolvermos as condições de segurança nos carros e diminuir o número de mortes que têm vindo a ocorrer », referiu Manuel dos Santos.</text>
</root>
