<?xml version="1.0" encoding="utf-8"?>
<root>
  <title>PUBLICO-19950105-076</title>
  <text>Revista em braille
Um poema de Herberto Hélder e um conto do moçambicano Mia Couto integram o primeiro número da « Espiral », uma revista destinada a cegos, que ontem foi apresentada em <LOCAL_GeoNetPT02 f_id="196518" t_id="LOC:ADM">Lisboa</LOCAL_GeoNetPT02>.
Cultura, dialéctica, vinhos e trajes dos estudantes de <LOCAL_GeoNetPT02 f_id="92458" t_id="LOC:ADM">Coimbra</LOCAL_GeoNetPT02> são alguns dos temas abordados na edição inicial.
Com 70 páginas, a publicação tem uma tiragem inferior a mil exemplares, o que é justificado pelo facto de poucas pessoas lerem braille em <LOCAL_GeoNetPT02 f_id="418745" t_id="PAI:ADM">Portugal</LOCAL_GeoNetPT02>.
A revista será, no entanto, distribuída também no Brasil  e noutros países da América Latina -- adiantou o presidente da Associação dos Cegos e Amblíopes de <LOCAL_GeoNetPT02 f_id="418745" t_id="PAI:ADM">Portugal</LOCAL_GeoNetPT02>, Francisco Alves.
Trimestral, e destinada a divulgar informação de natureza cultural, a « Espiral » tem também uma edição em disquete.
A data do lançamento coincidiu com a do nascimento de Luís Braille.</text>
</root>
