<?xml version="1.0" encoding="utf-8"?>
<root>
  <title>PUBLICO-19950104-055</title>
  <text>Património do Estado reclama instalações
Ginásio Clube do Sul com sede em risco
O Ginásio Clube do Sul, uma colectividade almadense com sete mil associados, fundada e 1920, pode vir a ser forçada a abandonar a sua sede, no morro do <LOCAL_GeoNetPT02 f_id="346061" t_id="RUA:ADM">Ginjal</LOCAL_GeoNetPT02>, em <LOCAL_GeoNetPT02 f_id="473" t_id="FRG:ADM">Cacilhas</LOCAL_GeoNetPT02>.
Tudo depende do resultado das negociações em curso entre a associação e a Direcção-Geral do Património do Estado ( DGPE ), que pretende retomar a administração do imóvel da <LOCAL_GeoNetPT02 f_id="346723" t_id="RUA:ADM">Rua Trindade Coelho</LOCAL_GeoNetPT02>.
As instalações, que serviram como central de carreiras de medição e desmagnetização de navios de guerra, estavam abandonadas em 1975, altura em que o Ginásio as ocupou e as adaptou para actividades desportivas e secretaria.
Actualmente, funcionam ali o posto médico, gabinete de recuperação, halterofilia, bilhar de competição e as escolas de ténis de mesa.
« A história da casa é a história das ocupações no pós - 25 de Abril, quando um grupo de sócios recuperou o edifício abandonado », descreve Carlos Alberto Mendes, vice-presidente do clube.
Arquivada está ainda uma carta dirigida ao almirante Pinheiro de Azevedo, em que os dirigentes do Ginásio se propunham pagar renda pelo imóvel.
Mas a resposta demorou quase duas décadas.
No final do ano passado, a DGPE iniciou conversações com o Ginásio, para que este assumisse o arrendamento, sem que tenham sido avançados valores.
Porém, a posição actual da direcção do clube é a de que, em virtude do estatuto de utilidade pública que este entretanto alcançou, o Estado lhe deveria conceder a posse, em direito de superfície, por 25 anos, da antiga central da Marinha -- um pedido já formalizado junto do secretário de Estado Adjunto do Tesouro.
« Sobretudo não devemos ser tratados como uma empresa cuja finalidade é o lucro », argumenta Carlos Mendes, que revela ter o Ginásio apelado às autarquias da margem sul do Tejo  e às federações das modalidades amadoras a que está ligado para que « intercedam e sensibilizem o Governo a aceitar o pedido ».
Para os planos da colectividade, está fora de hipótese suportar novos encargos com a sede, o que poria em causa o esforço de concentração de instalações e que passa pela conclusão de um pavilhão de três mil lugares na Cova  da Piedade , no qual já foram gastos 120 mil contos.
É que os quatro milhares de atletas do clube passam a vida a correr entre o complexo gímnico da <LOCAL_GeoNetPT02 f_id="346306" t_id="RUA:ADM">Rua Garcia de Orta</LOCAL_GeoNetPT02>, em <LOCAL_GeoNetPT02 f_id="345034" t_id="LOC:ADM">Almada</LOCAL_GeoNetPT02> ( onde funciona a sauna, musculação, aeróbica e preparação para o parto ), e os pavilhões da escolas Emídio Navarro ( ginástica rítmica ) e António da Costa, com passagem pelos pavilhões municipais do <LOCAL_GeoNetPT02 f_id="345038" t_id="ZON:ADM">Feijó</LOCAL_GeoNetPT02>, <LOCAL_GeoNetPT02 f_id="345043" t_id="ZON:ADM">Laranjeiro</LOCAL_GeoNetPT02>, <LOCAL_GeoNetPT02 f_id="347604" t_id="LOC:ADM">Charneca de Caparica</LOCAL_GeoNetPT02> e <LOCAL_GeoNetPT02 f_id="348913" t_id="LOC:ADM">Costa de Caparica</LOCAL_GeoNetPT02> ( todos destinados ao andebol, modalidade onde o Ginásio Clube do Sul disputa o campeonato nacional da 1ª divisão ).
As três carrinhas e o autocarro do clube completam o seu constante vai-vém transportando atletas para as pistas do Alfeite, com paragem obrigatória nas agora disputadas instalações do Morro  do <LOCAL_GeoNetPT02 f_id="346061" t_id="RUA:ADM">Ginjal</LOCAL_GeoNetPT02>. 
Vítor Faustino</text>
</root>
