<?xml version="1.0" encoding="utf-8"?>
<root>
  <title>PUBLICO-19950102-046</title>
  <text>No Bar Terraço do <LOCALIMPLICITO f_id="196518" t_id="LOC:ADM">Lisboa</LOCALIMPLICITO> Centro Cultural de Belém, entre as 19h00 e as 21h00, há música ao vivo com o Sexteto com Guitarras, composto por José Diniz, Fernando Neves, Luis Cunha, Rui Augusto, Manuel Jerónimo e André Mizcalcik. Interpretam peças de Sammartini, J. Kreutzer e Haydn.
</text>
  <text>
No espaço Renault Avenida, <LOCAL_GeoNetPT02 f_id="196984" t_id="AVE:ADM">Avenida da Liberdade</LOCAL_GeoNetPT02>, está patente uma exposição sobre o Natal, dedicada às crianças.
</text>
  <text>
De segunda a sábado,até 6 de Janeiro, há teatro infantil, palhaços e uma exposição de brinquedos antigos e de artigos da UNICEF, além de um concurso de desenho com muitas prendas.
</text>
  <text>
Na Galeria de Arte do Casino Estoril está patente o XII Salão de Outono, que reúne obras de cerca de oito dezenas de artistas contemporâneos.Até 15 de Janeiro.
</text>
  <text>
Está patente na Livraria Assírio &amp; Alvim, Rua Passos Manuel 67-B, uma exposição de Pedro Proença intitulada « Livros ».
Uma mostra constituída por pinturas de pequeno formato, que desejam ser livros ou gostariam de dar origem a pequenos ( ou grandes ) textos.Até 20 Janeiro.
</text>
  <text>
Na sede da Associação dos Arquitectos Portugueses, Travessa do Carvalho 23, aos Banhos de São Paulo, está patente uma exposição de fotografia que integra os trabalhos dos seleccionados para o concurso « A Arquitectura e a Margem ».Até 6 de Janeiro.
</text>
  <text>
Na Galeria Diferença, <LOCAL_GeoNetPT02 f_id="207239" t_id="RUA:ADM">São Filipe Neri</LOCAL_GeoNetPT02> 42, está patente a exposição « Ornato - Ornamento Deliberado », com pinturas e desenhos de Manuel Costa Cabral.Até 14 de Janeiro.
</text>
  <text>
Na Missão de Macau, Avª 5 de Outubro 115 r / c, pode visitar a exposição de aguarelas « Transparências » ( Memórias de Macau ), de Gracinda Candeias.
</text>
  <text>
No Teatro Académico Gil Vicente, em <LOCAL_GeoNetPT02 f_id="92458" t_id="LOC:ADM">Coimbra</LOCAL_GeoNetPT02>, é inaugurada, às 18h30, a exposição « Figuras do Teatro de Gil Vicente ».
</text>
  <text>
Trata-se de uma mostra com peças de cerâmica ( da autoria do ceramista caldense Armando Correia ), que instaladas num dispositivo físico e sonoro constroem uma viagem onde juntam o Pranto de Maria Parda a sete Autos de Gil Vicente para uma leitura contemporânea da obra vicentina.Até 15 de Janeiro.
</text>
  <text>
Nas  Galerias municipais Trem e Arco, em <LOCAL_GeoNetPT02 f_id="121279" t_id="LOC:ADM">Faro</LOCAL_GeoNetPT02>, encontra a exposição « O Bilhete-Postal 1900/1960 - Colecção Manuel Baptista ».
Patente até 31 de Janeiro.
</text>
</root>
