<?xml version="1.0" encoding="utf-8"?>
<root>
  <title>PUBLICO-19950102-042</title>
  <text>Festa dos tabuleiros já tem data
A festa dos tabuleiros, em <LOCAL_GeoNetPT02 f_id="340999" t_id="LOC:ADM">Tomar</LOCAL_GeoNetPT02>, já tem data marcada.
O ponto mais alto da festa será no dia 9 de Junho de 1995, dia em que se realiza o cortejo dos tabuleiros, em que centenas de rapazes e raparigas vestidos a preceito desfilarão pelas principais ruas da cidade.
De 1 a 10 de Julho, <LOCAL_GeoNetPT02 f_id="340999" t_id="LOC:ADM">Tomar</LOCAL_GeoNetPT02> vai ser palco de várias actividades, entre as quais se destaca a realização da Feira de Artesanato, a par da animação nas ruas, jogos populares, exposições e espectáculos.
Entretanto, está marcado para 2 de Julho o chamado « Cortejo dos Rapazes », no que será uma espécie de mini-festa dos tabuleiros antecipada, com participação das crianças dos jardins de infância e escolas primárias do concelho, o que constituiu uma forma de manter viva a tradição.
Em 1991, o então secretário de Estado do Turismo, César Torres, atribuiu a medalha de mérito turístico à festa dos tabuleiros, a mais antiga tradição de <LOCAL_GeoNetPT02 f_id="340999" t_id="LOC:ADM">Tomar</LOCAL_GeoNetPT02> e das maiores festividades em honra do Espirito Santo.
Hospital do Barlavento arranca em 1995
As obras de construção do Hospital Distrital do Barlavento orçadas em mais de dez milhões de contos, vão ter início em 1995, garantiu o governador civil de <LOCAL_GeoNetPT02 f_id="121279" t_id="LOC:ADM">Faro</LOCAL_GeoNetPT02>, Cabrita Neto.
Sete empresas concorreram ao projecto de construção da obra, a erguer em <LOCAL_GeoNetPT02 f_id="128797" t_id="LOC:ADM">Portimão</LOCAL_GeoNetPT02>.
Neste momento está-se ainda em fase de apreciação dessas propostas.
Para os próximos três anos, está ainda previsto um investimento de mais de quatro milhões de contos na região, para a construção de novos centros de saúde e a ampliação dos já existentes, mas também para a construção da Escola Superior de Enfermagem do <LOCAL_GeoNetPT02 f_id="418729" t_id="PRO:ADM">Algarve</LOCAL_GeoNetPT02>.
Cabrita Neto referiu-se ao novo hospital num tradicional almoço de fim-de-ano com a imprensa, em que normalmente é feito o balanço do ano, e informou ainda que em 1995 se iniciará, também, o porto de pesca de <LOCAL_GeoNetPT02 f_id="126050" t_id="LOC:ADM">Quarteira</LOCAL_GeoNetPT02>, orçado em 2,5 milhões de contos.
Sobre 1994, o governador civil disse ter sido um ano « razoável mas ainda insuficiente para cobrir défices de anos anteriores, alguns dos quais acumulados desde os tempos do PREC [ Período Revolucionário Em Curso ]</text>
</root>
