<?xml version="1.0" encoding="utf-8"?>
<root>
  <title>PUBLICO-19940401-117</title>
  <text>
Constituição em duas fases?
Fundação do Infante testa base de apoio
A Fundação do Infante D. Henrique, congregando várias personalidades e instituições do Norte do país, poderá nascer em meados deste ano, provavelmente em Junho, depois de sucessivos adiamentos.
Foi noticiada recentemente a realização da assembleia constituinte da Fundação Infante D. Henrique no próximo dia 9, para depois esta data ser considerada prematura por alguns dos promotores deste projecto.
Ao seu núcleo duro pertencem os presidentes das câmaras do <LOCAL_GeoNetPT02 f_id="238" t_id="CON:ADM">Porto</LOCAL_GeoNetPT02> e da <LOCAL_GeoNetPT02 f_id="156" t_id="CON:ADM">Maia</LOCAL_GeoNetPT02>, Fernando Gomes e Vieira de Carvalho, o reitor da Universidade Católica do <LOCAL_GeoNetPT02 f_id="290154" t_id="LOC:ADM">Porto</LOCAL_GeoNetPT02>, Carvalho Guerra, Saraiva Caldeira, da Associação Industrial Portuense, o deputado do PS José Lello, o eurodeputado do PSD Rui Amaral, Cavaleiro Brandão, do CDS, e o antigo secretário de Estado da Saúde, Faria de Almeida .
No entanto, empresas, universidades e empresas estão a receber uma convocatória para uma reunião alargada no próximo dia 9 que deverá ser de facto, segundo o PÚBLICO apurou, a primeira parte da assembleia constituinte da Fundação Infante D. Henrique.
Este grupo dinamizador tem reunido regularmente e com a maior discrição, mesmo em períodos eleitorais, apesar do leque partidário que cobre.
Estas cautelas justificaram-se primeiro por algumas reacções adversas que, no início, a iniciativa mereceu por parte de responsáveis partidários ( caso de Luís Filipe Meneses ), depois pelo receio do nascimento falhado, em que o Norte tem sido pródigo, de um projecto de cariz regional, condenando-o a uma existência penosa e curta.
A desconfiança que os sucessivos adiamentos da data de constituição naturalmente gera na opinião pública explica que os responsáveis pela iniciativa se tenham apressado a desmentir que a fundação veria por fim a luz do dia no próximo dia 9.
A assembleia geral do dia 9 do corrente mês visa testar a base de apoio da fundação e a disponibilidade dos seus sócios constituintes, nomeadamente a disponibilidade financeira, bem como alargar o núcleo promotor.
Com adesão garantida das universidades do Norte, a fundação conta com a simpatia de vários dos principais empresários da região, cuja participação neste projecto se processa, porém, a título individual.
Um dos objectivos do « núcleo duro » é conseguir uma maior adesão das empresas, comprometendo-as como entidades colectivas no financiamento da fundação, cujo modelo deverá ser discutido na reunião.
O envolvimento dos « senhores » do futebol do Norte, como Pinto da Costa e Valentim Loureiro, não estará, para já, no horizonte do núcleo promotor da associação, que encara, porém a participação dos clubes de futebol, como instituições representativas da região.
Na reunião geral de 9 de Abril, na qual se espera a participação de cerca de duzentas entidades colectivas e individuais, poderá ser decidida a constituição imediata da fundação, mas o cenário mais provável, segundo o PÚBLICO apurou, é que seja apresentada uma proposta marcando a assembleia constituinte para o início de Verão, após as eleições para o Parlamento Europeu.
J.Q.
</text>
</root>
