<?xml version="1.0" encoding="utf-8"?>
<root>
  <title>PUBLICO-19940401-095</title>
  <text>
Vila Franca de Xira 
Quando Guterres « fugiu » a pé e de comboio
Decididamente, os últimos dias não têm sido nada agradáveis para António Guterres, a braços com dificuldades na constituição da lista para o União Europeia Parlamento Europeu.
A história que revelamos a seguir aconteceu no passado dia 23, mas só na quarta-feira ao fim da tarde veio a público, pela boca dos vereadores do Portugal PS presentes na reunião da Câmara de <LOCAL_GeoNetPT02 f_id="325" t_id="CON:ADM">Vila Franca de Xira</LOCAL_GeoNetPT02>.
Nesse dia, a convite de cooperativas agrícolas da região, e acompanhado pelos deputados António Campos e António José Seguro, o secretário-geral socialista visitou diversos locais do Ribatejo Oeste.
Para culminar o programa, estava combinada uma visita aos mercados de origem e abastecedor de Castanheira do <LOCAL_GeoNetPT02 f_id="418731" t_id="PRO:ADM">Ribatejo</LOCAL_GeoNetPT02>, geridos pela Unicaro ( União das Cooperativas Agrícolas do Ribatejo e Oeste ) e pela câmara vilafranquense.
Tudo terá decorrido normalmente durante a visita que, muito a propósito, coincidiu com um dos dois momentos semanais de funcionamento dos mercados: os fins de tarde de segundas e quarta-feiras.
O pior foi quando a comitiva socialista, acompanhada, também, por militantes e eleitos locais do partido, se aprestou a sair e não conseguiu.
À sua frente desenhava-se um enorme engarrafamento de trânsito que, durante largos minutos, não andou nem desandou, completamente parado.
Assim estavam quando alguém teve a « feliz » ideia de libertar o líder do PS.
Com boa disposição, Guterres, Campos e Seguro foram obrigados a largar as respectivas viaturas, percorrer a pé as centenas de metros que separam os mercados do apeadeiro ferroviário da Castanheira e seguir de comboio até Santa Apolónia, já em <LOCAL_GeoNetPT02 f_id="196518" t_id="LOC:ADM">Lisboa</LOCAL_GeoNetPT02>.
Daí pediram que alguém da sede nacional os fosse buscar e transportar até ao <LOCAL_GeoNetPT02 f_id="199728" t_id="LRG:ADM">Largo do Rato</LOCAL_GeoNetPT02>.
Os militantes locais do PS, que haviam sido informados da passagem do líder poucas horas antes da visita, ficaram ainda presos no engarrafamento mais de uma hora.
Provavelmente ainda com o episódio ainda bem vivo na memória, Carlos Silva, vereador socialista na câmara, quis saber na última reunião « se não há solução para aquilo ».
O seu colega de partido, Simões Luís, informou que, habitualmente, a GNR desloca pessoal para a zona e consegue ordenar o tráfego.
Só que naquela dia não terá deslocado quaisquer elementos.
As explicações vieram de Rui Brioso, da CDU.
O responsável do pelouro dos mercados disse que estão a decorrer trabalhos com o objectivo de melhorar a situação e separar a zona de venda da área de estacionamento dos compradores.
« São questões que teremos de equacionar tendo, também em conta o horizonte de vida daqueles mercados, uma vez que está para breve a construção, no sul do concelho de <LOCAL_GeoNetPT02 f_id="325" t_id="CON:ADM">Vila Franca de Xira</LOCAL_GeoNetPT02> », afirmou ainda.
 Jorge Talixa
</text>
</root>
