<?xml version="1.0" encoding="utf-8"?>
<root>
  <title>PUBLICO-19950106-093</title>
  <text> UNITA não gostou das declarações de Alouine Beye Contra a « limpeza » de Portugal 
A UNITA recebeu mal o que considera ter sido uma « operação de limpeza » da participação portuguesa no processo de paz angolano por parte de Alouine Beye, o representante especial do secretário-geral da ONU para Angola que desde quarta-feira se encontra em <LOCAL_GeoNetPT02 f_id="196518" t_id="LOC:ADM">Lisboa</LOCAL_GeoNetPT02>.
Adalberto da Costa Júnior, o chefe da delegação do movimento do Galo Negro em <LOCAL_GeoNetPT02 f_id="418745" t_id="PAI:ADM">Portugal</LOCAL_GeoNetPT02>, teve ontem ocasião de expressar pessoalmente o seu descontentamento ao próprio Beye, com quem teve um encontro ao fim da tarde.
Na quarta-feira, durante uma conferência de imprensa conjunta com o ministro Durão Barroso, Beye referiu-se várias vezes ao « papel insubstituível » de <LOCAL_GeoNetPT02 f_id="418745" t_id="PAI:ADM">Portugal</LOCAL_GeoNetPT02> no processo de paz, elogiou a « integridade » e a « neutralidade » do observador português às conversações de Lusaca, embaixador Rocha Paria, e afirmou que a diplomacia de Lisboa  trabalhou sempre « em prol da paz ».
Quando confrontado com o « caso    OGMA » pelos jornalistas, Alouine Beye optou por desvalorizar o episódio, salientando que a própria  UNITA já retirara, no âmbito da Comissão Conjunta a funcionar sob a sua presidência, um pedido de afastamento de Portugal  do processo, que chegou a ser apresentado na sequência das notícias sobre o apoio militar a Luanda.
A representação da  UNITA em Lisboa  sublinha que a retirada do pedido de exclusão de Portugal  do elenco de países observadores foi « um gesto de boa vontade », mas não pode ser lido como sinal de que o caso está encerrado.
A  UNITA diz que continua à espera dos esclarecimentos pedidos numa carta enviada a Cavaco Silva e protesta contra a « hostilidade aberta » que detecta nas posições do ministro Durão Barroso.
Já depois de o « caso    OGMA » ter vindo a público, o ministro dos Negócios Estrangeiros português defendeu publicamente a intensificação da cooperação com Angola em todos os sectores, explicitando que essa orientação incluía a cooperação militar com o Governo de Luanda.
Tais declarações irritaram profundamente os representantes da  UNITA, que insistem na necessidade de travar qualquer modalidade de apoio militar português a Luanda enquanto houver dois exércitos no terreno.
Sem contestar o papel « preponderante » que Portugal  deverá assumir na formação de um exército nacional único em Angola nem o protagonismo que os laços históricos asseguram a Lisboa  em todo o processo de paz angolano, um dirigente da delegação da  UNITA em <LOCAL_GeoNetPT02 f_id="196518" t_id="LOC:ADM">Lisboa</LOCAL_GeoNetPT02> disse ontem ao PÚBLICO que nem por isso a posição de Alouine Beye « poderia ficar sem resposta ».
O encontro com Adalberto da Costa Júnior foi o último compromisso de Beye durante o dia de ontem.
A anteceder o duro diálogo com o representante da  UNITA, o diplomata maliano a serviço de Butros Ghali teve uma série de contactos, todos eles relacionados com a situação em Angola.
Depois de uma reunião com a embaixadora dos EUA em <LOCAL_GeoNetPT02 f_id="418745" t_id="PAI:ADM">Portugal</LOCAL_GeoNetPT02>, Elisabeth Frawley Bagley, avistou-se com o secretário de Estado da Cooperação, Briosa e Gala, e fez uma intervenção no seminário para embaixadores e altos funcionários a decorrer no MNE.
 Encontro adiado Ao princípio da tarde esteve com com Cavaco Silva em                      S. Bento.
À saída da reunião com o primeiro-ministro, Beye aproveitou para rectificar uma informação que adiantara na véspera, anunciando que o encontro entre os generais João de Matos e Ben Ben, cuja realização ele previra até ao fim desta semana, teve de ser adiado « por uns dias ».
Depois do compromisso em                      S. Bento, Alouine Beye manteve ainda contactos com os embaixadores da Federação Russa e da República de Angola em <LOCAL_GeoNetPT02 f_id="196518" t_id="LOC:ADM">Lisboa</LOCAL_GeoNetPT02>, Alexandre Smirnov e Rui Mingas, encerrando com o representante da  UNITA em <LOCAL_GeoNetPT02 f_id="418745" t_id="PAI:ADM">Portugal</LOCAL_GeoNetPT02> o segundo dia desta sua deslocação a <LOCAL_GeoNetPT02 f_id="196518" t_id="LOC:ADM">Lisboa</LOCAL_GeoNetPT02>.
A visita termina hoje, depois de um encontro com o presidente do Instituto de Estudos Estratégicos, Álvaro Vasconcelos, e uma visita ao jornal « Diário de Notícias ».
Joaquim Trigo de Negreiros </text>
</root>
