<?xml version="1.0" encoding="utf-8"?>
<root>
  <title>PUBLICO-19950107-119</title>
  <text><LOCAL_GeoNetPT02 f_id="182" t_id="CON:ADM">Montijo</LOCAL_GeoNetPT02> 
Oposição dividida viabiliza orçamento
O Orçamento e plano de actividades da    Câmara do <LOCAL_GeoNetPT02 f_id="182" t_id="CON:ADM">Montijo</LOCAL_GeoNetPT02> para 95, com uma dotação global de quatro milhões de contos, foi aprovado apenas com os votos da  CDU.
A abstenção dos socialistas permitiu a viabilização dos documentos, rejeitados pelo     PSD.
Este orçamento, o maior de sempre, atribui a maior fatia aos investimentos em infraestruturas.
Outras prioridades prendem-se com a melhoria da imagem e ambiente do concelho através de obras na rede viária, jardins, arborização e saneamento básico.
Um quarto do orçamento fica afecto ao pagamento de despesas com pessoal e outro quarto ao programa de erradicação de barracas.
Das obras a realizar, destacam-se a construção um complexo desportivo, a recuperação do Cine Teatro Joaquim de Almeida , a nova escola C ++ S de <LOCAL_GeoNetPT02 f_id="357311" t_id="LOC:ADM">Pegões</LOCAL_GeoNetPT02>, a ETAR do Seixalinho e o novo edifício da escola profissional do <LOCAL_GeoNetPT02 f_id="356404" t_id="LOC:ADM">Montijo</LOCAL_GeoNetPT02>.
F.C.</text>
</root>
