<?xml version="1.0" encoding="utf-8"?>
<root>
  <title>PUBLICO-19950106-076</title>
  <text>Explosão no Jardim Escola de <LOCAL_GeoNetPT02 f_id="333670" t_id="LOC:ADM">Ourém</LOCAL_GeoNetPT02>
Educadora inspira cuidados
O estado de saúde da educadora Maria da Conceição Neves, uma das empregadas do  Jardim Escola de <LOCAL_GeoNetPT02 f_id="333670" t_id="LOC:ADM">Ourém</LOCAL_GeoNetPT02> que, na quarta-feira, ficaram feridas na explosão provocada por uma fuga de gás, continuava ontem a inspirar cuidados.
Quanto à única criança ainda internada no Hospital de <LOCAL_GeoNetPT02 f_id="340999" t_id="LOC:ADM">Tomar</LOCAL_GeoNetPT02>, deverá ter alta durante o dia de hoje.
Segundo Carneiro  de Moura , director do  Hospital de Hospital Santa Maria , para onde foram transferidas três empregadas do infantário de <LOCAL_GeoNetPT02 f_id="333670" t_id="LOC:ADM">Ourém</LOCAL_GeoNetPT02>, a educadora de 30 anos possui várias fracturas na cabeça, uma das quais na cavidade orbital direita particularmente « complexa ».
A paciente foi transferida para a unidade de neurocirurgia e, segundo a agência Lusa, não estava ontem afastada a possibilidade de ser operada.
Em relação à cozinheira e à ajudante de cozinha também hospitalizadas em <LOCAL_GeoNetPT02 f_id="196518" t_id="LOC:ADM">Lisboa</LOCAL_GeoNetPT02>, o mesmo responsável clínico adiantou que tinham « um bom prognóstico », podendo ter alta provavelmente ainda hoje.
No Hospital de <LOCAL_GeoNetPT02 f_id="340999" t_id="LOC:ADM">Tomar</LOCAL_GeoNetPT02> poderá também ter alta Mariana Marques Santos, de três anos, que ficou em vigilância naquela unidade por padecer de sonolência e escoriações.
« A Mariana ficou no hospital por uma questão de segurança », disse ao PÚBLICO o director clínico Ernestino Caniço.
Durante a tarde de quarta-feira receberam assistência no Hospital de <LOCAL_GeoNetPT02 f_id="340999" t_id="LOC:ADM">Tomar</LOCAL_GeoNetPT02> nove das 15 crianças que ficaram feridas com hematomas e lesões ligeiras, principalmente na cabeça, tendo as restantes passado pelo centro de saúde de <LOCAL_GeoNetPT02 f_id="333670" t_id="LOC:ADM">Ourém</LOCAL_GeoNetPT02> e pelo Hospital de <LOCAL_GeoNetPT02 f_id="342354" t_id="LOC:ADM">Torres Novas</LOCAL_GeoNetPT02>.</text>
</root>
