<?xml version="1.0" encoding="utf-8"?>
<root>
  <title>PUBLICO-19940826-085</title>
  <text>Programa comunitário Urban 3,5 milhões de contos para o <LOCAL_GeoNetPT02 f_id="202257" t_id="ZON:ADM">Casal Ventoso</LOCAL_GeoNetPT02>
O <LOCAL_GeoNetPT02 f_id="202257" t_id="ZON:ADM">Casal Ventoso</LOCAL_GeoNetPT02> vai ser objecto de uma importante intervenção de desenvolvimento urbano integrado que deverá contar com um financiamento comunitário de 3,5 milhões de contos.
A operação integra-se na iniciativa comunitária Urban, para a qual o Governo seleccionou também as candidaturas do Vale  de Campanhã , no <LOCAL_GeoNetPT02 f_id="290154" t_id="LOC:ADM">Porto</LOCAL_GeoNetPT02> ( 2,5 milhões de contos ), do Vale  de <LOCAL_GeoNetPT02 f_id="225560" t_id="LOC:ADM">Algés</LOCAL_GeoNetPT02> ( <LOCAL_GeoNetPT02 f_id="199" t_id="CON:ADM">Oeiras</LOCAL_GeoNetPT02> ), de S. Pedro da Cova ( <LOCAL_GeoNetPT02 f_id="127" t_id="CON:ADM">Gondomar</LOCAL_GeoNetPT02> ), e de dois bairros degradados, ainda por determinar, em <LOCAL_GeoNetPT02 f_id="148" t_id="CON:ADM">Loures</LOCAL_GeoNetPT02> na <LOCAL_GeoNetPT02 f_id="31" t_id="CON:ADM">Amadora</LOCAL_GeoNetPT02>, todos com apoios próximos do meio milhão de contos cada um.
Globalmente, o programa Urban canalizará para estas operações piloto em <LOCAL_GeoNetPT02 f_id="418745" t_id="PAI:ADM">Portugal</LOCAL_GeoNetPT02> um total de 8,5 milhões de contos, estando neste momento em preparação as propostas de intervenção em cada um dos bairros, por forma a que a sua negociação com a Comissão Europeia arranque em Outubro. De acordo com a própria definição do programa, as intervenções contempladas localizam-se necessariamente em cidades ou aglomerações com mais de 100 mil habitantes e contêm uma forte componente de criação de emprego e combate à exclusão social.
Entre as medidas financiáveis não se encontra, porém, o realojamento das populações.
Segundo a Secretaria de Estado do Planeamento, estas acções correspondem à primeira intervenção do Fundo Europeu de Desenvolvimento Regional ( FEDER ) em bairros degradados de cidades portuguesas.</text>
</root>
