<?xml version="1.0" encoding="utf-8"?>
<root>
  <title>PUBLICO-19940402-069</title>
  <text>
Comilões 
O restaurante Comilão, em <LOCAL_GeoNetPT02 f_id="200125" t_id="ZON:ADM">Campo de Ourique</LOCAL_GeoNetPT02>, é pouso habitual do comissário Deus Pinheiro entre os afazeres de Bruxelas e a prática do golfe.
Desta vez, porém, a presença de Pinheiro causou alguma surpresa.
Por via da companhia.
A acompanhar o repasto do comissário estava nem mais nem menos do que Carlos Paisano, o candidato do  MRPP às últimas eleições para a Câmara Municipal de <LOCAL_GeoNetPT02 f_id="146" t_id="CON:ADM">Lisboa</LOCAL_GeoNetPT02> ( o leitor lembrar-se-á certamente dele: era um daqueles trezentos e quarenta e nove senhores a falar todos ao mesmo tempo nuns programas do José Eduardo Moniz, no fim do ano passado ).
As especulações começaram imediatamente.
Ter-se-ia Paisano rendido aos encantos do mais europeu capitalismo?
Ou será que Deus Pinheiro, eventualmente perturbado pelos ziguezagues do percurso do seu sucessor nas Necessidades, teria sido acometido de uma crise de maoísmo tardio?
</text>
</root>
