<?xml version="1.0" encoding="utf-8"?>
<root>
  <title>PUBLICO-19950107-146</title>
  <text>Pena não se chamar Cláudia
É ele mesmo.
  Vasco de Castro.
  Vasco nos « cartoons », na pintura ( cada vez mais a sua grande paixão artística ), e para os amigos.
« Exilado » há mais de uma década em <LOCAL_GeoNetPT02 f_id="234561" t_id="LOC:ADM">Fontanelas</LOCAL_GeoNetPT02>, uma aldeia sintrense a pouco mais de 20 quilómetros de <LOCAL_GeoNetPT02 f_id="196518" t_id="LOC:ADM">Lisboa</LOCAL_GeoNetPT02>,   Vasco mantém um olhar atentíssimo sobre a actualidade.
Não apenas porque o seu « atelier » se transformou numa das mais animadas « cortes na aldeia » do país, mas também porque ali afluem -- ao melhor estilo das remessas de « luzes » expedidas de Paris para Santa Apolónia, no início do século -- livros, revistas, jornais que a cultura francesa não cessa de produzir.
Talvez residam aqui, e na sua costela de « soixante-huitard », as razões pelas quais o « estrangeirado »   Vasco ( para quem o banalíssimo gravador acoplado ao telefone ainda é um « répondeur automatique » ) não resistiu a despir-se de preconceitos e enviar-se a si mesmo como cartão de Boas Festas para os amigos.
Pena não se chamar Cláudia.
Schiffer.</text>
</root>
