<?xml version="1.0" encoding="utf-8"?>
<root>
  <title>PUBLICO-19950107-109</title>
  <text>
Choque feliz
Um indivíduo de <LOCAL_GeoNetPT02 f_id="100244" t_id="LOC:ADM">Serradinho</LOCAL_GeoNetPT02>, <LOCAL_GeoNetPT02 f_id="98253" t_id="LOC:ADM">Buarcos</LOCAL_GeoNetPT02>, esteve sujeito, na quinta-feira, a uma descarga eléctrica de 30 mil volts, mas apenas sofreu ligeiros ferimentos.
Segundo fonte dos bombeiros da <LOCAL_GeoNetPT02 f_id="98897" t_id="LOC:ADM">Figueira da Foz</LOCAL_GeoNetPT02> , Mário José Botija Santos esteve sujeito a uma descarga, quando tocou inadvertidamente com a antena da televisão que transportava num cabo de alta tensão.
O choque foi intenso, mas a vítima, que ficou internada, para vigilância no serviço de Cirurgia do Hospital da Figueira da Foz, apenas sofreu queimaduras ligeiras nos pontos de entrada e saída da corrente eléctrica.
</text>
</root>
