<?xml version="1.0" encoding="utf-8"?>
<root>
  <title>PUBLICO-19940418-049</title>
  <text>Militares criticam Câmara de Gaia 
Edifício em construção sobre oleoduto da NATO A construção de um empreendimento imobiliário na praia da Granja, em Gaia, sobre o oleoduto que liga a refinaria da Petrogal, em <LOCAL_GeoNetPT02 f_id="279174" t_id="LOC:ADM">Matosinhos</LOCAL_GeoNetPT02>, à Base da NATO de <LOCAL_GeoNetPT02 f_id="20195" t_id="LOC:ADM">Maceda</LOCAL_GeoNetPT02>, <LOCAL_GeoNetPT02 f_id="209" t_id="CON:ADM">Ovar</LOCAL_GeoNetPT02>, está a preocupar os responsáveis locais daquela aliança militar, que já no final do ano passado enviaram uma carta sobre o assunto à Câmara Municipal.
A obra, propriedade de Rogério Loureiro, prevê a implantação de uma área de comércio e habitações, à face da Estrada Nacional  nº 109 ( Espinho-Porto ), e está já em adiantada fase de execução, apesar dos alertas dos militares da Organização do Tratado do Atlântico Norte, nomeadamente sobre o deficiente acesso ao oleoduto para eventuais reparações e sobre a segurança do local.
No projecto inicial da obra, o oleoduto passaria na cave do edifício.
As sucessivas alterações efectuadas colocaram-no fora da área construída, mas numa zona que a NATO considera abrangida por restrições à construção.
Em carta endereçada no final do ano passado à Câmara Municipal de Gaia, que licenciou a obra, o comandante interino da « Infra-estrutura NATO de Ovar  » recordou um primeiro ofício enviado àquela autarquia em Julho de 1993, dando conta da situação.
No documento -- a que o PÚBLICO teve acesso -- os militares informavam a edilidade de que « a execução dos alicerces » do prédio tal como estava a ser feita tornava claro que a obra estava « a ser construída sobre o oleoduto » e que tal procedimento « colide com as regras elementares de segurança, enunciadas no Despacho do  Ministro da Defesa Nacional, de 27 de Julho de 1983 ».
Fontes da aliança militar qualificam de « irresponsável » a forma como a autarquia conduziu todo o processo, sobretudo por « só à « posteriori » ter percebido a gravidade da situação ».
Por isso têm-se sucedido os aditamentos à obra, o último dos quais obrigou a anular quatro lugares na garagem.
« O oleoduto passa entre pilares, mas está fora da área construída », afirmou ao PÚBLICO Rogério Loureiro.
Segundo este empresário, o assunto está arrumado:
« O cano está fora da obra e por isso eles podem lá mexer sempre que assim o entendam ».
E acrescentou:
« Não temo nada em relação à segurança do prédio, até porque o oleoduto passa ao lado de inúmeras vivendas ao longo do seu percurso e nunca ninguém se preocupou com isso ».
A Câmara Municipal considera igualmente que, depois de anulados os referidos lugares de garagem, o caso está encerrado.
O presidente da autarquia enviou recentemente uma carta à direcção de infra-estruturas da NATO, na qual dá conta da alteração ao projecto e garante a segurança do empreendimento.
 Alfredo Leite</text>
</root>
