<?xml version="1.0" encoding="utf-8"?>
<root>
  <title>PUBLICO-19950104-062</title>
  <text>Beira Baixa
Táxis aumentam tarifas
Os táxis da <LOCAL_GeoNetPT02 f_id="418728" t_id="REG:ADM">Beira Interior</LOCAL_GeoNetPT02> deverão ser equipados com contadores de tarifas até 1998.
A informação, apesar de ainda sem confirmação oficial, é já avançada pela Associação Nacional de Transportes Rodoviários em Automóveis Ligeiros ( ANTRAL ).
Certo, para já, é o aumento das tarifas cobradas pelos taxista desta zona do país, que a partir do dia 20 Dezembro do ano transacto, viram aumentado o valor do quilómetros de 50 para 52 escudos.
No entanto, este montante diz apenas respeito ao horário compreendido entre as 6h00 e 22h00.
Fora deste período, bem como aos fins de semana, as tarifas são acrescidas de 20 %.
Motivo de grande preocupação é a « concorrência desleal » que, segundo Alcino Carvalho da ANTRAL, « continua um pouco frequente por toda a parte, não fugindo a <LOCAL_GeoNetPT02 f_id="418738" t_id="PRO:ADM">Beira Baixa</LOCAL_GeoNetPT02> à regra ».
A juntar às grandes dificuldades provocadas pelos serviços de transporte paralelo, mais baratos por « não estarem dependentes de impostos e licenças », o mesmo responsável recorda que « existe um excesso no que respeita à concessão de licenças por parte de muitas autarquias ».
Como forma de combater tudo isto, a ANTRAL lembra que os taxistas devem apresentar queixas de casos concretos à  GNR e PSP, indicando as matrículas dos veículos envolvidos.
Em todo este processo de concorrência « ilegal », os Bombeiros Voluntários são também apontados por Alcino Carvalho, que refere a existência de inúmeras queixas contra algumas associações.
No entanto, as acusações são apenas verbais pelo que « não é possível avançar com os casos para Tribunal ».
Segundo este responsável da ANTRAL, « os taxistas não entram noutro tipo de protesto porque têm medo de represálias ».
Aquela associação empresarial enviou, entretanto, uma carta ao ministro dos Transportes e Comunicações denunciando estes casos de « concorrência desleal ».
As medidas a tomar em relação às alterações introduzidas pelos contadores de tarifas, nomeadamente a colocação de distintivos e luzes na capota dos carros, já estão aprovados pelo secretário de Estado dos Transportes, faltando apenas acertar alguns pormenores.
Jorge Fraqueiro</text>
</root>
