<?xml version="1.0" encoding="utf-8"?>
<root>
  <title>PUBLICO-19940401-038</title>
  <text>
 1,7 milhões de contos
 Lucros do Banif em queda
 O Banco Internacional do <LOCAL_GeoNetPT02 f_id="143510" t_id="LOC:ADM">Funchal</LOCAL_GeoNetPT02>( Banif ) apresentou, em 1993, um resultado líquido de 1 753 milhares de contos, o que representa uma quebra de 59,3 por cento relativamente aos 4,31 milhões de contos registados em 1992.
Por sua vez, o « cash-flow » baixou 13,2 por cento, ao passar de de 8,5 para 7,4 milhões de contos.
Os resultados atingidos, comparados com a « performance » excepcional atingida em 1992, reflectem « não só o rigor dos critérios inerentes a uma sã e correcta gestão, mas também a necessidade de serem protegidos os activos do banco, sobretudo através de um política adequada de provisões », justificou o presidente do Banif na assembleia geral de accionistas que aprovou ontem, no <LOCAL_GeoNetPT02 f_id="143510" t_id="LOC:ADM">Funchal</LOCAL_GeoNetPT02>, o relatório e contas do ano passado.
Raúl Capela justificou ainda que nesta descida também pesou o esforço feito nos investimentos relacionados com a expansão da rede de agências e com a aquisição de participações financeiras.
Raúl Capela considera que o comportamento da economia nacional -- fortemente condicionado por uma conjuntura desfavorável caracterizada, entre outros aspectos, pela desaceleração do crescimento económico, pela queda dos principais indicadores de actividade, pela deterioração da situação financeira de elevado número de empresas e pelo aumento da taxa de desemprego -- afectou naturalmente a actividade desenvolvida pela banca no nosso país.
« Nestas circunstâncias, foi um contexto particularmente complexo, influenciado, em especial, pelo agravamento dos riscos na concessão de crédito, pela forte concorrência entre as instituições financeiras e, ainda, pela redução das margens de intermediação, que o nosso banco desenvolveu as suas actividades em 1993 », concluiu o presidente do Banif.
O total de provisões constituídas pelo banco aumentou, entre 31 de Dezembro de 1992 e a mesma data de 1993, de 2.357 para 4.266 milhares de contos.
No mesmo período, prosseguiu o alargamento da rede com a abertura de onze novas agências no Continente onde actualmente o banco conta com 30 balcões, número superior ao das 23 implantadas na <LOCAL_GeoNetPT02 f_id="3953" t_id="ILH:ADM">Madeira</LOCAL_GeoNetPT02>.
Por outro lado, com o objectivo de reforçar a sua presença nos mercados internacionais, foi constituído, em Georgetown, o Banif Cayman, com um capital social de 10 milhões de dólares americanos.
Prosseguindo os objectivos de obtenção de sinergias internas e de consolidação do grupo, a empresa « holding » -- cujo capital social é detido a 100 por cento pelo banco, a Banif -- Investimentos S.A. adquiriu, no início de 1993, as participações de 50 por cento que o Crédito Predial Português detinha na Mundileasing e na Mundicre, passando assim a deter a totalidade do capital social destas empresas.
O investimento de 1,25 milhões de contos foi suportado pelos capitais próprios do grupo que, também no ano passado, procedeu ao aumento do capital social da afiliada Banifólio -- Sociedade de Gestão de Patrimónios, de 50 para 70 milhões de contos.
Os indicadores do Grupo Banif apurados em 1993 revelam, em relação ao ano anterior, uma descida de 64,6 por cento no resultado líquido ( baixou de 5,3 milhões para 1,9 milhões de contos ) e uma subida de 7,7 por cento no activo líquido ( de 259,4 sobe 279,3 milhões ), com um acréscimo de 16,2 por cento no crédito concedido bruto ( 146,6 milhões de contos ) e de 15,1 por cento nos recursos dos clientes ( 208,3 milhões de contos ).
Por sua vez, o « cash-flow » do grupo ascendeu a 8,7 milhões de contos, montante inferior aos 9,8 milhões apresentados no ano passado.
 Tolentino de Nóbrega
</text>
</root>
