<?xml version="1.0" encoding="utf-8"?>
<root>
  <title>PUBLICO-19950104-058</title>
  <text><LOCAL_GeoNetPT02 f_id="300" t_id="CON:ADM">Tondela</LOCAL_GeoNetPT02> 
PS pede inquérito à Câmara
Os dois vereadores do    Partido Socialista na Câmara Municipal de <LOCAL_GeoNetPT02 f_id="300" t_id="CON:ADM">Tondela</LOCAL_GeoNetPT02> enviaram anteontem ao governador civil de <LOCAL_GeoNetPT02 f_id="342" t_id="CON:ADM">Viseu</LOCAL_GeoNetPT02> um pedido de inquérito àquela autarquia ( de maioria social-democrata ) pelo facto de não ter sido aprovado em Dezembro de 1994 o plano de actividades e orçamento para o corrente ano.
A atitude dos socialistas, que foi reforçada com igual pedido de averiguações por um membro da bancada socialista da Assembleia Municipal de <LOCAL_GeoNetPT02 f_id="300" t_id="CON:ADM">Tondela</LOCAL_GeoNetPT02>, é assumida por Paulo Albernaz, um dos vereadores, como tentativa de não serem « responsabilizados futuramente por uma ilegalidade cometida pela maioria do executivo camarário ».
Na opinião deste vereador, que recordou preceitos legais da administração autárquica, « o plano de actividades e orçamento deveriam ser aprovados em Assembleia Municipal, o que não aconteceu ».
Na última sessão da Assembleia Municipal de <LOCAL_GeoNetPT02 f_id="300" t_id="CON:ADM">Tondela</LOCAL_GeoNetPT02>, que se realizou no dia 16 de Dezembro último, o presidente da    Câmara tondelense, Tenreiro da Cruz, informou aquele órgão de que o plano e orçamento não estariam prontos a tempo, apresentando justificações que não são aceites pelos socialistas ( que as consideram mesmo como « mentirosas » ).
« Projectos comuns com autarquias limítrofes e grandes alterações devidas à reformulação do apoio a dar às Juntas de Freguesia  », eis algumas das explicações fornecidas pelo autarca.
Tenreiro da Cruz disse ontem ao PÚBLICO que, durante a sessão da Assembleia Municipal, o próprio responsável daquele órgão acatou as justificações apresentadas, « tendo ficado marcada para 20 de Janeiro uma reunião extraordinária para a aprovação do plano ».
O presidente da    Câmara de <LOCAL_GeoNetPT02 f_id="300" t_id="CON:ADM">Tondela</LOCAL_GeoNetPT02> assumiu, todavia, que o facto de o plano não estar aprovado até ao fim do ano « está à margem da lei vigente », e admitiu que por essa razão a autarquia possa vir a ser inspeccionada para apurar as razões que levaram a tal situação.
« Acho que conseguiremos justificar naturalmente a não-aprovação do plano e orçamento », afirmou, acrescentando, sobre a atitude de « afastamento de responsabilidades » por parte dos socialistas:
« Não se pode perder tempo com questões burocráticas, mas se eles preferem assim, que o façam ».
O executivo da    Câmara de <LOCAL_GeoNetPT02 f_id="300" t_id="CON:ADM">Tondela</LOCAL_GeoNetPT02> vai reunir-se extraordinariamente a partir de hoje, e durante três sessões, para discutir e ultimar os referidos documentos a apresentar à Assembleia Municipal local.
 José Guilherme Lorena</text>
</root>
