<?xml version="1.0" encoding="utf-8"?>
<root>
  <title>PUBLICO-19940401-150</title>
  <text>
Eleições na FIFA -- O secretário-geral da Federação Internacional de futebol ( FIFA ), Joseph Blatter, confirmou ontem a existência de « oposição crescente » ao presidente da organização, o brasileiro João Havelange.
Em declarações à revista alemã « Kicker », Blatter afirmou que o apoio a Havelange, 78 anos, entrou na curva descendente depois do diferendo pessoal entre Pelé e o presidente da FIFA.
O ex-futebolista acusou Havelange de « corrupto » e, numa atitude interpretada como represália, o dirigente não chamou Pelé para participar na cerimónia do sorteio do Mundial 94.
Blatter disse ter prevenido Havelange das consequências nefastas da medida, mas, segundo o secretário-geral da FIFA, o presidente reagiu de forma « intempestiva » ao conselho.
Para Joseph Blatter, o principal problema na actuação do brasileiro é o seu « alheamento » em relação ao « coro de protestos » e « rebelião ».
« Havelange só ouve o que quer ouvir e pensa que todos concordam com ele, mas engana-se.
O facto é que já nem todos o respeitam, não só na Europa, mas também na Ásia, África e, inclusive, no seu próprio continente, América do Sul », comentou Blatter, acrescentando que o presidente da FIFA « está muito nervoso ».
Recorde-se que as eleições para a presidência da Federação Internacional de Futebol vão decorrer a 16 e 17 de Junho, em Chicago, coincidindo com o início da fase final do Mundial dos Estados Unidos.
 Kankkunen no comando do Rali Safari -- O campeão do Mundo Juha Kankkunen assumiu ontem o comando do Rali Safari, depois da  Toyota e do líder Didier Auriol perderem mais de uma hora, devido a um problema de suspensão.
O finlandês Kankkunen, também ao volante de um  Toyota, lidera com 3h37m e detém uma vantagem de 3m37s sobre o queniano Ian Duncan (  Toyota ).
O japonês Kenjiro Shinozuka, em Mitsubishi, é o terceiro, a 3m53s.
 Torneio de futebol do <LOCAL_GeoNetPT02 f_id="290154" t_id="LOC:ADM">Porto</LOCAL_GeoNetPT02> -- Portugal venceu ontem a França , por 4-3, na primeira jornada do 12º Torneio Internacional de futebol do <LOCAL_GeoNetPT02 f_id="290154" t_id="LOC:ADM">Porto</LOCAL_GeoNetPT02> em juniores ( sub-17 ), disputado no estádio do  Tourão, em <LOCAL_GeoNetPT02 f_id="316135" t_id="LOC:ADM">Sandim</LOCAL_GeoNetPT02> ( Gaia ).
No outro encontro da jornada inaugural, a Itália derrotou a Escócia, por 1-0.
O torneio prossegue hoje com as partidas França-Escócia ( 15h00 ) e Portugal-Itália ( 17h00 ).
Mundial de râguebi -- A selecção nacional de râguebi já averbou duas vitórias na sua participação no Campeonato do Mundo de Juniores da modalidade, que decorre na cidade francesa de Lyon.
No primeiro jogo, disputado anteontem, Portugal venceu a equipa de Marrocos , por 6-3, e ontem deixou pelo caminho a selecção da China, ao vencer por 34-17.
</text>
</root>
